ISO-10303-21;
HEADER;
/* Generated by software containing ST-Developer
 * from STEP Tools, Inc. (www.steptools.com) 
 */

FILE_DESCRIPTION(
/* description */ ('Designed by EasyEDA Pro'),
/* implementation_level */ '2;1');

FILE_NAME(
/* name */ 'FlappyINO_v2.step',
/* time_stamp */ '2026-09-08T19:51:00+03:00',
/* author */ (''),
/* organization */ (''),
/* preprocessor_version */ 'ST-DEVELOPER v20.1',
/* originating_system */ 'Autodesk Translation Framework v15.8.0.0',
/* authorisation */ '');

FILE_SCHEMA (('AUTOMOTIVE_DESIGN { 1 0 10303 214 3 1 1 }'));
ENDSEC;

DATA;
#10=MECHANICAL_DESIGN_GEOMETRIC_PRESENTATION_REPRESENTATION('',(#4619,#4620,
#4621,#4622,#4623,#4624,#4625,#4626,#4627,#4628,#4629,#4630,#4631,#4632,
#4633,#4634,#4635,#4636,#4637,#4638,#4639,#4640,#4641,#4642,#4643,#4644,
#4645,#4646,#4647,#4648,#4649,#4650,#4651,#4652,#4653,#4654,#4655,#4656,
#4657,#4658,#4659,#4660),#8265);
#11=CONTEXT_DEPENDENT_OVER_RIDING_STYLED_ITEM('',(#8322),#8292,#4660,(#23));
#12=MAPPED_ITEM('',#13,#5372);
#13=REPRESENTATION_MAP(#5372,#8287);
#14=ITEM_DEFINED_TRANSFORMATION($,$,#4989,#5367);
#15=ITEM_DEFINED_TRANSFORMATION($,$,#5083,#5368);
#16=ITEM_DEFINED_TRANSFORMATION($,$,#5095,#5369);
#17=ITEM_DEFINED_TRANSFORMATION($,$,#5107,#5370);
#18=ITEM_DEFINED_TRANSFORMATION($,$,#5120,#5371);
#19=(
REPRESENTATION_RELATIONSHIP($,$,#8288,#8287)
REPRESENTATION_RELATIONSHIP_WITH_TRANSFORMATION(#14)
SHAPE_REPRESENTATION_RELATIONSHIP()
);
#20=(
REPRESENTATION_RELATIONSHIP($,$,#8289,#8287)
REPRESENTATION_RELATIONSHIP_WITH_TRANSFORMATION(#15)
SHAPE_REPRESENTATION_RELATIONSHIP()
);
#21=(
REPRESENTATION_RELATIONSHIP($,$,#8290,#8287)
REPRESENTATION_RELATIONSHIP_WITH_TRANSFORMATION(#16)
SHAPE_REPRESENTATION_RELATIONSHIP()
);
#22=(
REPRESENTATION_RELATIONSHIP($,$,#8291,#8287)
REPRESENTATION_RELATIONSHIP_WITH_TRANSFORMATION(#17)
SHAPE_REPRESENTATION_RELATIONSHIP()
);
#23=(
REPRESENTATION_RELATIONSHIP($,$,#8292,#8287)
REPRESENTATION_RELATIONSHIP_WITH_TRANSFORMATION(#18)
SHAPE_REPRESENTATION_RELATIONSHIP()
);
#24=CONTEXT_DEPENDENT_SHAPE_REPRESENTATION(#19,#8282);
#25=CONTEXT_DEPENDENT_SHAPE_REPRESENTATION(#20,#8283);
#26=CONTEXT_DEPENDENT_SHAPE_REPRESENTATION(#21,#8284);
#27=CONTEXT_DEPENDENT_SHAPE_REPRESENTATION(#22,#8285);
#28=CONTEXT_DEPENDENT_SHAPE_REPRESENTATION(#23,#8286);
#29=NEXT_ASSEMBLY_USAGE_OCCURRENCE('Board~59aI:1','Board~59aI:1',
'Board~59aI:1',#8294,#8295,'Board~59aI:1');
#30=NEXT_ASSEMBLY_USAGE_OCCURRENCE('OLED 0.96in:1','OLED 0.96in:1',
'OLED 0.96in:1',#8294,#8296,'OLED 0.96in:1');
#31=NEXT_ASSEMBLY_USAGE_OCCURRENCE('Button:1','Button:1','Button:1',#8294,
#8297,'Button:1');
#32=NEXT_ASSEMBLY_USAGE_OCCURRENCE('Switch:1','Switch:1','Switch:1',#8294,
#8298,'Switch:1');
#33=NEXT_ASSEMBLY_USAGE_OCCURRENCE('Case:1','Case:1','Case:1',#8294,#8299,
'Case:1');
#34=CONICAL_SURFACE('',#5184,2.5,0.785398163397451);
#35=CONICAL_SURFACE('',#5187,2.5,0.785398163397452);
#36=B_SPLINE_CURVE_WITH_KNOTS('',3,(#7208,#7209,#7210,#7211,#7212,#7213),
 .UNSPECIFIED.,.F.,.F.,(4,2,4),(0.,0.0364434493427837,0.0728868986855666),
 .UNSPECIFIED.);
#37=B_SPLINE_CURVE_WITH_KNOTS('',3,(#7215,#7216,#7217,#7218,#7219,#7220,
#7221,#7222,#7223,#7224,#7225,#7226,#7227),.UNSPECIFIED.,.F.,.F.,(4,3,3,
3,4),(0.,0.897597901025655,1.79519580205131,2.24399475256414,3.14159265358979),
 .UNSPECIFIED.);
#38=B_SPLINE_CURVE_WITH_KNOTS('',3,(#7229,#7230,#7231,#7232,#7233,#7234),
 .UNSPECIFIED.,.F.,.F.,(4,2,4),(0.,0.0330718913883075,0.0661437827766153),
 .UNSPECIFIED.);
#39=B_SPLINE_CURVE_WITH_KNOTS('',3,(#7235,#7236,#7237,#7238,#7239,#7240,
#7241),.UNSPECIFIED.,.F.,.F.,(4,1,1,1,4),(-3.14159265358979,-2.24399475256414,
-1.79519580205131,-0.897597901025655,2.22044604925031E-16),
 .UNSPECIFIED.);
#40=B_SPLINE_CURVE_WITH_KNOTS('',3,(#7256,#7257,#7258,#7259,#7260,#7261),
 .UNSPECIFIED.,.F.,.F.,(4,2,4),(0.,0.0364434493427828,0.0728868986855656),
 .UNSPECIFIED.);
#41=B_SPLINE_CURVE_WITH_KNOTS('',3,(#7309,#7310,#7311,#7312,#7313,#7314),
 .UNSPECIFIED.,.F.,.F.,(4,2,4),(0.,0.0330718913883068,0.066143782776614),
 .UNSPECIFIED.);
#42=B_SPLINE_CURVE_WITH_KNOTS('',3,(#7315,#7316,#7317,#7318,#7319,#7320,
#7321,#7322,#7323,#7324,#7325,#7326,#7327),.UNSPECIFIED.,.F.,.F.,(4,3,3,
3,4),(-3.14159265358979,-2.24399475256414,-1.34639685153848,-0.897597901025655,
0.),.UNSPECIFIED.);
#43=B_SPLINE_CURVE_WITH_KNOTS('',3,(#7328,#7329,#7330,#7331,#7332,#7333,
#7334),.UNSPECIFIED.,.F.,.F.,(4,1,1,1,4),(0.,0.897597901025655,1.34639685153848,
2.24399475256414,3.14159265358979),.UNSPECIFIED.);
#44=B_SPLINE_CURVE_WITH_KNOTS('',3,(#7793,#7794,#7795,#7796,#7797,#7798),
 .UNSPECIFIED.,.F.,.F.,(4,2,4),(0.,0.0330718913883078,0.0661437827766153),
 .UNSPECIFIED.);
#45=B_SPLINE_CURVE_WITH_KNOTS('',3,(#7800,#7801,#7802,#7803,#7804,#7805,
#7806,#7807,#7808,#7809,#7810,#7811,#7812),.UNSPECIFIED.,.F.,.F.,(4,3,3,
3,4),(-3.14159265358979,-2.24399475256414,-1.34639685153848,-0.897597901025655,
0.),.UNSPECIFIED.);
#46=B_SPLINE_CURVE_WITH_KNOTS('',3,(#7814,#7815,#7816,#7817,#7818,#7819),
 .UNSPECIFIED.,.F.,.F.,(4,2,4),(0.,0.0364434493427828,0.0728868986855666),
 .UNSPECIFIED.);
#47=B_SPLINE_CURVE_WITH_KNOTS('',3,(#7820,#7821,#7822,#7823,#7824,#7825,
#7826),.UNSPECIFIED.,.F.,.F.,(4,1,1,1,4),(0.,0.897597901025655,1.34639685153848,
2.24399475256414,3.14159265358979),.UNSPECIFIED.);
#48=B_SPLINE_CURVE_WITH_KNOTS('',3,(#7841,#7842,#7843,#7844,#7845,#7846),
 .UNSPECIFIED.,.F.,.F.,(4,2,4),(0.,0.0330718913883074,0.0661437827766143),
 .UNSPECIFIED.);
#49=B_SPLINE_CURVE_WITH_KNOTS('',3,(#7878,#7879,#7880,#7881,#7882,#7883),
 .UNSPECIFIED.,.F.,.F.,(4,2,4),(0.,0.0364434493427828,0.072886898685566),
 .UNSPECIFIED.);
#50=B_SPLINE_CURVE_WITH_KNOTS('',3,(#7884,#7885,#7886,#7887,#7888,#7889,
#7890,#7891,#7892,#7893,#7894,#7895,#7896),.UNSPECIFIED.,.F.,.F.,(4,3,3,
3,4),(0.,0.897597901025655,1.79519580205131,2.69279370307697,3.14159265358979),
 .UNSPECIFIED.);
#51=B_SPLINE_CURVE_WITH_KNOTS('',3,(#7897,#7898,#7899,#7900,#7901,#7902,
#7903),.UNSPECIFIED.,.F.,.F.,(4,1,1,1,4),(-3.14159265358979,-2.69279370307697,
-1.79519580205131,-0.897597901025655,2.22044604925031E-16),
 .UNSPECIFIED.);
#52=B_SPLINE_SURFACE_WITH_KNOTS('',3,3,((#7178,#7179,#7180,#7181,#7182,
#7183,#7184),(#7185,#7186,#7187,#7188,#7189,#7190,#7191),(#7192,#7193,#7194,
#7195,#7196,#7197,#7198),(#7199,#7200,#7201,#7202,#7203,#7204,#7205)),
 .UNSPECIFIED.,.F.,.F.,.F.,(4,4),(4,1,1,1,4),(0.,1.),(-3.14159265358979,
-2.24399475256414,-1.79519580205131,-0.897597901025655,2.22044604925031E-16),
 .UNSPECIFIED.);
#53=B_SPLINE_SURFACE_WITH_KNOTS('',3,3,((#7279,#7280,#7281,#7282,#7283,
#7284,#7285),(#7286,#7287,#7288,#7289,#7290,#7291,#7292),(#7293,#7294,#7295,
#7296,#7297,#7298,#7299),(#7300,#7301,#7302,#7303,#7304,#7305,#7306)),
 .UNSPECIFIED.,.F.,.F.,.F.,(4,4),(4,1,1,1,4),(0.,1.),(0.,0.897597901025655,
1.34639685153848,2.24399475256414,3.14159265358979),.UNSPECIFIED.);
#54=B_SPLINE_SURFACE_WITH_KNOTS('',3,3,((#7763,#7764,#7765,#7766,#7767,
#7768,#7769),(#7770,#7771,#7772,#7773,#7774,#7775,#7776),(#7777,#7778,#7779,
#7780,#7781,#7782,#7783),(#7784,#7785,#7786,#7787,#7788,#7789,#7790)),
 .UNSPECIFIED.,.F.,.F.,.F.,(4,4),(4,1,1,1,4),(0.,1.),(0.,0.897597901025655,
1.34639685153848,2.24399475256414,3.14159265358979),.UNSPECIFIED.);
#55=B_SPLINE_SURFACE_WITH_KNOTS('',3,3,((#7848,#7849,#7850,#7851,#7852,
#7853,#7854),(#7855,#7856,#7857,#7858,#7859,#7860,#7861),(#7862,#7863,#7864,
#7865,#7866,#7867,#7868),(#7869,#7870,#7871,#7872,#7873,#7874,#7875)),
 .UNSPECIFIED.,.F.,.F.,.F.,(4,4),(4,1,1,1,4),(0.,1.),(-3.14159265358979,
-2.69279370307697,-1.79519580205131,-0.897597901025655,2.22044604925031E-16),
 .UNSPECIFIED.);
#56=TOROIDAL_SURFACE('',#5152,1.5,0.5);
#57=TOROIDAL_SURFACE('',#5160,1.5,0.5);
#58=TOROIDAL_SURFACE('',#5180,3.,1.);
#59=TOROIDAL_SURFACE('',#5284,3.,1.);
#60=ELLIPSE('',#5122,0.707106781186548,0.5);
#61=ELLIPSE('',#5123,0.707106781186548,0.5);
#62=ELLIPSE('',#5125,0.707106781186548,0.5);
#63=ELLIPSE('',#5127,0.707106781186548,0.5);
#64=ELLIPSE('',#5129,0.707106781186547,0.5);
#65=ELLIPSE('',#5131,0.707106781186548,0.5);
#66=ELLIPSE('',#5133,0.707106781186548,0.5);
#67=ELLIPSE('',#5135,0.707106781186547,0.5);
#68=ELLIPSE('',#5137,0.707106781186548,0.5);
#69=ELLIPSE('',#5139,0.707106781186547,0.5);
#70=ELLIPSE('',#5141,0.707106781186548,0.5);
#71=ELLIPSE('',#5143,0.707106781186547,0.5);
#72=SHAPE_REPRESENTATION_RELATIONSHIP('SRR','None',#8288,#77);
#73=SHAPE_REPRESENTATION_RELATIONSHIP('SRR','None',#8289,#78);
#74=SHAPE_REPRESENTATION_RELATIONSHIP('SRR','None',#8290,#79);
#75=SHAPE_REPRESENTATION_RELATIONSHIP('SRR','None',#8291,#80);
#76=SHAPE_REPRESENTATION_RELATIONSHIP('SRR','None',#8292,#81);
#77=ADVANCED_BREP_SHAPE_REPRESENTATION('',(#82),#8260);
#78=ADVANCED_BREP_SHAPE_REPRESENTATION('',(#83),#8261);
#79=ADVANCED_BREP_SHAPE_REPRESENTATION('',(#84),#8262);
#80=ADVANCED_BREP_SHAPE_REPRESENTATION('',(#85,#86),#8263);
#81=ADVANCED_BREP_SHAPE_REPRESENTATION('',(#87,#88,#89),#8264);
#82=MANIFOLD_SOLID_BREP('Body1',#4924);
#83=MANIFOLD_SOLID_BREP('Body1',#4925);
#84=MANIFOLD_SOLID_BREP('Body1',#4926);
#85=MANIFOLD_SOLID_BREP('Body1',#4927);
#86=MANIFOLD_SOLID_BREP('Body2',#4928);
#87=MANIFOLD_SOLID_BREP('Top Half',#4929);
#88=MANIFOLD_SOLID_BREP('Button',#4930);
#89=MANIFOLD_SOLID_BREP('Bottom Half',#4931);
#90=FACE_BOUND('',#641,.T.);
#91=FACE_BOUND('',#642,.T.);
#92=FACE_BOUND('',#643,.T.);
#93=FACE_BOUND('',#644,.T.);
#94=FACE_BOUND('',#645,.T.);
#95=FACE_BOUND('',#646,.T.);
#96=FACE_BOUND('',#647,.T.);
#97=FACE_BOUND('',#648,.T.);
#98=FACE_BOUND('',#649,.T.);
#99=FACE_BOUND('',#650,.T.);
#100=FACE_BOUND('',#651,.T.);
#101=FACE_BOUND('',#652,.T.);
#102=FACE_BOUND('',#653,.T.);
#103=FACE_BOUND('',#654,.T.);
#104=FACE_BOUND('',#655,.T.);
#105=FACE_BOUND('',#656,.T.);
#106=FACE_BOUND('',#657,.T.);
#107=FACE_BOUND('',#658,.T.);
#108=FACE_BOUND('',#659,.T.);
#109=FACE_BOUND('',#660,.T.);
#110=FACE_BOUND('',#661,.T.);
#111=FACE_BOUND('',#662,.T.);
#112=FACE_BOUND('',#663,.T.);
#113=FACE_BOUND('',#664,.T.);
#114=FACE_BOUND('',#665,.T.);
#115=FACE_BOUND('',#666,.T.);
#116=FACE_BOUND('',#667,.T.);
#117=FACE_BOUND('',#668,.T.);
#118=FACE_BOUND('',#669,.T.);
#119=FACE_BOUND('',#671,.T.);
#120=FACE_BOUND('',#672,.T.);
#121=FACE_BOUND('',#673,.T.);
#122=FACE_BOUND('',#674,.T.);
#123=FACE_BOUND('',#675,.T.);
#124=FACE_BOUND('',#676,.T.);
#125=FACE_BOUND('',#677,.T.);
#126=FACE_BOUND('',#678,.T.);
#127=FACE_BOUND('',#679,.T.);
#128=FACE_BOUND('',#680,.T.);
#129=FACE_BOUND('',#681,.T.);
#130=FACE_BOUND('',#682,.T.);
#131=FACE_BOUND('',#683,.T.);
#132=FACE_BOUND('',#684,.T.);
#133=FACE_BOUND('',#685,.T.);
#134=FACE_BOUND('',#686,.T.);
#135=FACE_BOUND('',#687,.T.);
#136=FACE_BOUND('',#688,.T.);
#137=FACE_BOUND('',#689,.T.);
#138=FACE_BOUND('',#690,.T.);
#139=FACE_BOUND('',#691,.T.);
#140=FACE_BOUND('',#692,.T.);
#141=FACE_BOUND('',#693,.T.);
#142=FACE_BOUND('',#694,.T.);
#143=FACE_BOUND('',#695,.T.);
#144=FACE_BOUND('',#696,.T.);
#145=FACE_BOUND('',#697,.T.);
#146=FACE_BOUND('',#698,.T.);
#147=FACE_BOUND('',#699,.T.);
#148=FACE_BOUND('',#710,.T.);
#149=FACE_BOUND('',#722,.T.);
#150=FACE_BOUND('',#770,.T.);
#151=FACE_BOUND('',#773,.T.);
#152=FACE_BOUND('',#791,.T.);
#153=FACE_BOUND('',#794,.T.);
#154=FACE_BOUND('',#795,.T.);
#155=FACE_BOUND('',#796,.T.);
#156=FACE_BOUND('',#797,.T.);
#157=FACE_BOUND('',#810,.T.);
#158=FACE_BOUND('',#812,.T.);
#159=FACE_BOUND('',#814,.T.);
#160=FACE_BOUND('',#818,.T.);
#161=FACE_BOUND('',#824,.T.);
#162=FACE_BOUND('',#828,.T.);
#163=FACE_BOUND('',#833,.T.);
#164=FACE_BOUND('',#840,.T.);
#165=FACE_BOUND('',#851,.T.);
#166=FACE_BOUND('',#860,.T.);
#167=FACE_BOUND('',#873,.T.);
#168=FACE_BOUND('',#884,.T.);
#169=FACE_BOUND('',#889,.T.);
#170=FACE_BOUND('',#890,.T.);
#171=FACE_BOUND('',#891,.T.);
#172=FACE_BOUND('',#892,.T.);
#173=FACE_BOUND('',#893,.T.);
#174=FACE_BOUND('',#905,.T.);
#175=FACE_BOUND('',#909,.T.);
#176=FACE_BOUND('',#914,.T.);
#177=FACE_BOUND('',#918,.T.);
#178=FACE_BOUND('',#921,.T.);
#179=FACE_BOUND('',#923,.T.);
#180=FACE_BOUND('',#928,.T.);
#181=FACE_BOUND('',#930,.T.);
#182=FACE_BOUND('',#935,.T.);
#183=FACE_BOUND('',#951,.T.);
#184=FACE_BOUND('',#953,.T.);
#185=CIRCLE('',#4995,1.250002540005);
#186=CIRCLE('',#4996,1.250002540005);
#187=CIRCLE('',#4998,1.250002540005);
#188=CIRCLE('',#4999,1.250002540005);
#189=CIRCLE('',#5001,0.457200914402);
#190=CIRCLE('',#5002,0.457200914402);
#191=CIRCLE('',#5004,0.457200914402);
#192=CIRCLE('',#5005,0.457200914402);
#193=CIRCLE('',#5007,0.457200914402);
#194=CIRCLE('',#5008,0.457200914402);
#195=CIRCLE('',#5010,0.457200914402);
#196=CIRCLE('',#5011,0.457200914402);
#197=CIRCLE('',#5013,0.6);
#198=CIRCLE('',#5014,0.6);
#199=CIRCLE('',#5016,0.6);
#200=CIRCLE('',#5017,0.6);
#201=CIRCLE('',#5019,0.6);
#202=CIRCLE('',#5020,0.6);
#203=CIRCLE('',#5022,0.6);
#204=CIRCLE('',#5023,0.6);
#205=CIRCLE('',#5025,0.6);
#206=CIRCLE('',#5026,0.6);
#207=CIRCLE('',#5028,0.6);
#208=CIRCLE('',#5029,0.6);
#209=CIRCLE('',#5031,0.6);
#210=CIRCLE('',#5032,0.6);
#211=CIRCLE('',#5034,0.524993649987);
#212=CIRCLE('',#5035,0.524993649987);
#213=CIRCLE('',#5037,0.524993649987);
#214=CIRCLE('',#5038,0.524993649987);
#215=CIRCLE('',#5040,0.524993649987);
#216=CIRCLE('',#5041,0.524993649987);
#217=CIRCLE('',#5043,0.524993649987);
#218=CIRCLE('',#5044,0.524993649987);
#219=CIRCLE('',#5046,0.524993649987);
#220=CIRCLE('',#5047,0.524993649987);
#221=CIRCLE('',#5049,0.524993649987);
#222=CIRCLE('',#5050,0.524993649987);
#223=CIRCLE('',#5052,0.524993649987);
#224=CIRCLE('',#5053,0.524993649987);
#225=CIRCLE('',#5055,0.524993649987);
#226=CIRCLE('',#5056,0.524993649987);
#227=CIRCLE('',#5058,1.250002540005);
#228=CIRCLE('',#5059,1.250002540005);
#229=CIRCLE('',#5061,1.250002540005);
#230=CIRCLE('',#5062,1.250002540005);
#231=CIRCLE('',#5064,0.457200914402);
#232=CIRCLE('',#5065,0.457200914402);
#233=CIRCLE('',#5067,0.457200914402);
#234=CIRCLE('',#5068,0.457200914402);
#235=CIRCLE('',#5070,0.524993649987);
#236=CIRCLE('',#5071,0.524993649987);
#237=CIRCLE('',#5073,0.524993649987);
#238=CIRCLE('',#5074,0.524993649987);
#239=CIRCLE('',#5076,0.524993649987);
#240=CIRCLE('',#5077,0.524993649987);
#241=CIRCLE('',#5079,0.524993649987);
#242=CIRCLE('',#5080,0.524993649987);
#243=CIRCLE('',#5153,1.5);
#244=CIRCLE('',#5154,0.5);
#245=CIRCLE('',#5155,2.);
#246=CIRCLE('',#5156,2.);
#247=CIRCLE('',#5158,2.);
#248=CIRCLE('',#5161,1.5);
#249=CIRCLE('',#5162,0.5);
#250=CIRCLE('',#5163,2.);
#251=CIRCLE('',#5164,2.);
#252=CIRCLE('',#5166,2.);
#253=CIRCLE('',#5176,4.);
#254=CIRCLE('',#5178,3.25);
#255=CIRCLE('',#5179,3.25);
#256=CIRCLE('',#5181,2.);
#257=CIRCLE('',#5185,1.75);
#258=CIRCLE('',#5188,1.75);
#259=CIRCLE('',#5190,1.75);
#260=CIRCLE('',#5193,1.75);
#261=CIRCLE('',#5216,1.5);
#262=CIRCLE('',#5218,1.5);
#263=CIRCLE('',#5220,1.5);
#264=CIRCLE('',#5224,1.5);
#265=CIRCLE('',#5230,1.5);
#266=CIRCLE('',#5232,1.5);
#267=CIRCLE('',#5237,1.5);
#268=CIRCLE('',#5243,1.5);
#269=CIRCLE('',#5282,2.);
#270=CIRCLE('',#5285,4.);
#271=CIRCLE('',#5291,2.25);
#272=CIRCLE('',#5292,2.25);
#273=CIRCLE('',#5293,2.25);
#274=CIRCLE('',#5294,2.25);
#275=CIRCLE('',#5306,2.25);
#276=CIRCLE('',#5307,1.25);
#277=CIRCLE('',#5309,1.25);
#278=CIRCLE('',#5316,2.25);
#279=CIRCLE('',#5317,1.25);
#280=CIRCLE('',#5319,1.25);
#281=CIRCLE('',#5324,1.25);
#282=CIRCLE('',#5326,2.25);
#283=CIRCLE('',#5327,1.25);
#284=CIRCLE('',#5333,2.25);
#285=CIRCLE('',#5334,1.25);
#286=CIRCLE('',#5336,1.25);
#287=CYLINDRICAL_SURFACE('',#4994,1.250002540005);
#288=CYLINDRICAL_SURFACE('',#4997,1.250002540005);
#289=CYLINDRICAL_SURFACE('',#5000,0.457200914402);
#290=CYLINDRICAL_SURFACE('',#5003,0.457200914402);
#291=CYLINDRICAL_SURFACE('',#5006,0.457200914402);
#292=CYLINDRICAL_SURFACE('',#5009,0.457200914402);
#293=CYLINDRICAL_SURFACE('',#5012,0.6);
#294=CYLINDRICAL_SURFACE('',#5015,0.6);
#295=CYLINDRICAL_SURFACE('',#5018,0.6);
#296=CYLINDRICAL_SURFACE('',#5021,0.6);
#297=CYLINDRICAL_SURFACE('',#5024,0.6);
#298=CYLINDRICAL_SURFACE('',#5027,0.6);
#299=CYLINDRICAL_SURFACE('',#5030,0.6);
#300=CYLINDRICAL_SURFACE('',#5033,0.524993649987);
#301=CYLINDRICAL_SURFACE('',#5036,0.524993649987);
#302=CYLINDRICAL_SURFACE('',#5039,0.524993649987);
#303=CYLINDRICAL_SURFACE('',#5042,0.524993649987);
#304=CYLINDRICAL_SURFACE('',#5045,0.524993649987);
#305=CYLINDRICAL_SURFACE('',#5048,0.524993649987);
#306=CYLINDRICAL_SURFACE('',#5051,0.524993649987);
#307=CYLINDRICAL_SURFACE('',#5054,0.524993649987);
#308=CYLINDRICAL_SURFACE('',#5057,1.250002540005);
#309=CYLINDRICAL_SURFACE('',#5060,1.250002540005);
#310=CYLINDRICAL_SURFACE('',#5063,0.457200914402);
#311=CYLINDRICAL_SURFACE('',#5066,0.457200914402);
#312=CYLINDRICAL_SURFACE('',#5069,0.524993649987);
#313=CYLINDRICAL_SURFACE('',#5072,0.524993649987);
#314=CYLINDRICAL_SURFACE('',#5075,0.524993649987);
#315=CYLINDRICAL_SURFACE('',#5078,0.524993649987);
#316=CYLINDRICAL_SURFACE('',#5121,0.5);
#317=CYLINDRICAL_SURFACE('',#5124,0.5);
#318=CYLINDRICAL_SURFACE('',#5126,0.5);
#319=CYLINDRICAL_SURFACE('',#5128,0.5);
#320=CYLINDRICAL_SURFACE('',#5130,0.5);
#321=CYLINDRICAL_SURFACE('',#5132,0.5);
#322=CYLINDRICAL_SURFACE('',#5134,0.5);
#323=CYLINDRICAL_SURFACE('',#5136,0.5);
#324=CYLINDRICAL_SURFACE('',#5138,0.5);
#325=CYLINDRICAL_SURFACE('',#5140,0.5);
#326=CYLINDRICAL_SURFACE('',#5142,0.5);
#327=CYLINDRICAL_SURFACE('',#5144,0.5);
#328=CYLINDRICAL_SURFACE('',#5157,2.);
#329=CYLINDRICAL_SURFACE('',#5165,2.);
#330=CYLINDRICAL_SURFACE('',#5189,1.75);
#331=CYLINDRICAL_SURFACE('',#5192,1.75);
#332=CYLINDRICAL_SURFACE('',#5225,1.5);
#333=CYLINDRICAL_SURFACE('',#5231,1.5);
#334=CYLINDRICAL_SURFACE('',#5236,1.5);
#335=CYLINDRICAL_SURFACE('',#5242,1.5);
#336=CYLINDRICAL_SURFACE('',#5308,1.25);
#337=CYLINDRICAL_SURFACE('',#5318,1.25);
#338=CYLINDRICAL_SURFACE('',#5328,1.25);
#339=CYLINDRICAL_SURFACE('',#5335,1.25);
#340=CYLINDRICAL_SURFACE('',#5341,2.25);
#341=CYLINDRICAL_SURFACE('',#5342,2.25);
#342=CYLINDRICAL_SURFACE('',#5343,2.25);
#343=CYLINDRICAL_SURFACE('',#5344,2.25);
#344=FACE_OUTER_BOUND('',#607,.T.);
#345=FACE_OUTER_BOUND('',#608,.T.);
#346=FACE_OUTER_BOUND('',#609,.T.);
#347=FACE_OUTER_BOUND('',#610,.T.);
#348=FACE_OUTER_BOUND('',#611,.T.);
#349=FACE_OUTER_BOUND('',#612,.T.);
#350=FACE_OUTER_BOUND('',#613,.T.);
#351=FACE_OUTER_BOUND('',#614,.T.);
#352=FACE_OUTER_BOUND('',#615,.T.);
#353=FACE_OUTER_BOUND('',#616,.T.);
#354=FACE_OUTER_BOUND('',#617,.T.);
#355=FACE_OUTER_BOUND('',#618,.T.);
#356=FACE_OUTER_BOUND('',#619,.T.);
#357=FACE_OUTER_BOUND('',#620,.T.);
#358=FACE_OUTER_BOUND('',#621,.T.);
#359=FACE_OUTER_BOUND('',#622,.T.);
#360=FACE_OUTER_BOUND('',#623,.T.);
#361=FACE_OUTER_BOUND('',#624,.T.);
#362=FACE_OUTER_BOUND('',#625,.T.);
#363=FACE_OUTER_BOUND('',#626,.T.);
#364=FACE_OUTER_BOUND('',#627,.T.);
#365=FACE_OUTER_BOUND('',#628,.T.);
#366=FACE_OUTER_BOUND('',#629,.T.);
#367=FACE_OUTER_BOUND('',#630,.T.);
#368=FACE_OUTER_BOUND('',#631,.T.);
#369=FACE_OUTER_BOUND('',#632,.T.);
#370=FACE_OUTER_BOUND('',#633,.T.);
#371=FACE_OUTER_BOUND('',#634,.T.);
#372=FACE_OUTER_BOUND('',#635,.T.);
#373=FACE_OUTER_BOUND('',#636,.T.);
#374=FACE_OUTER_BOUND('',#637,.T.);
#375=FACE_OUTER_BOUND('',#638,.T.);
#376=FACE_OUTER_BOUND('',#639,.T.);
#377=FACE_OUTER_BOUND('',#640,.T.);
#378=FACE_OUTER_BOUND('',#670,.T.);
#379=FACE_OUTER_BOUND('',#700,.T.);
#380=FACE_OUTER_BOUND('',#701,.T.);
#381=FACE_OUTER_BOUND('',#702,.T.);
#382=FACE_OUTER_BOUND('',#703,.T.);
#383=FACE_OUTER_BOUND('',#704,.T.);
#384=FACE_OUTER_BOUND('',#705,.T.);
#385=FACE_OUTER_BOUND('',#706,.T.);
#386=FACE_OUTER_BOUND('',#707,.T.);
#387=FACE_OUTER_BOUND('',#708,.T.);
#388=FACE_OUTER_BOUND('',#709,.T.);
#389=FACE_OUTER_BOUND('',#711,.T.);
#390=FACE_OUTER_BOUND('',#712,.T.);
#391=FACE_OUTER_BOUND('',#713,.T.);
#392=FACE_OUTER_BOUND('',#714,.T.);
#393=FACE_OUTER_BOUND('',#715,.T.);
#394=FACE_OUTER_BOUND('',#716,.T.);
#395=FACE_OUTER_BOUND('',#717,.T.);
#396=FACE_OUTER_BOUND('',#718,.T.);
#397=FACE_OUTER_BOUND('',#719,.T.);
#398=FACE_OUTER_BOUND('',#720,.T.);
#399=FACE_OUTER_BOUND('',#721,.T.);
#400=FACE_OUTER_BOUND('',#723,.T.);
#401=FACE_OUTER_BOUND('',#724,.T.);
#402=FACE_OUTER_BOUND('',#725,.T.);
#403=FACE_OUTER_BOUND('',#726,.T.);
#404=FACE_OUTER_BOUND('',#727,.T.);
#405=FACE_OUTER_BOUND('',#728,.T.);
#406=FACE_OUTER_BOUND('',#729,.T.);
#407=FACE_OUTER_BOUND('',#730,.T.);
#408=FACE_OUTER_BOUND('',#731,.T.);
#409=FACE_OUTER_BOUND('',#732,.T.);
#410=FACE_OUTER_BOUND('',#733,.T.);
#411=FACE_OUTER_BOUND('',#734,.T.);
#412=FACE_OUTER_BOUND('',#735,.T.);
#413=FACE_OUTER_BOUND('',#736,.T.);
#414=FACE_OUTER_BOUND('',#737,.T.);
#415=FACE_OUTER_BOUND('',#738,.T.);
#416=FACE_OUTER_BOUND('',#739,.T.);
#417=FACE_OUTER_BOUND('',#740,.T.);
#418=FACE_OUTER_BOUND('',#741,.T.);
#419=FACE_OUTER_BOUND('',#742,.T.);
#420=FACE_OUTER_BOUND('',#743,.T.);
#421=FACE_OUTER_BOUND('',#744,.T.);
#422=FACE_OUTER_BOUND('',#745,.T.);
#423=FACE_OUTER_BOUND('',#746,.T.);
#424=FACE_OUTER_BOUND('',#747,.T.);
#425=FACE_OUTER_BOUND('',#748,.T.);
#426=FACE_OUTER_BOUND('',#749,.T.);
#427=FACE_OUTER_BOUND('',#750,.T.);
#428=FACE_OUTER_BOUND('',#751,.T.);
#429=FACE_OUTER_BOUND('',#752,.T.);
#430=FACE_OUTER_BOUND('',#753,.T.);
#431=FACE_OUTER_BOUND('',#754,.T.);
#432=FACE_OUTER_BOUND('',#755,.T.);
#433=FACE_OUTER_BOUND('',#756,.T.);
#434=FACE_OUTER_BOUND('',#757,.T.);
#435=FACE_OUTER_BOUND('',#758,.T.);
#436=FACE_OUTER_BOUND('',#759,.T.);
#437=FACE_OUTER_BOUND('',#760,.T.);
#438=FACE_OUTER_BOUND('',#761,.T.);
#439=FACE_OUTER_BOUND('',#762,.T.);
#440=FACE_OUTER_BOUND('',#763,.T.);
#441=FACE_OUTER_BOUND('',#764,.T.);
#442=FACE_OUTER_BOUND('',#765,.T.);
#443=FACE_OUTER_BOUND('',#766,.T.);
#444=FACE_OUTER_BOUND('',#767,.T.);
#445=FACE_OUTER_BOUND('',#768,.T.);
#446=FACE_OUTER_BOUND('',#769,.T.);
#447=FACE_OUTER_BOUND('',#771,.T.);
#448=FACE_OUTER_BOUND('',#772,.T.);
#449=FACE_OUTER_BOUND('',#774,.T.);
#450=FACE_OUTER_BOUND('',#775,.T.);
#451=FACE_OUTER_BOUND('',#776,.T.);
#452=FACE_OUTER_BOUND('',#777,.T.);
#453=FACE_OUTER_BOUND('',#778,.T.);
#454=FACE_OUTER_BOUND('',#779,.T.);
#455=FACE_OUTER_BOUND('',#780,.T.);
#456=FACE_OUTER_BOUND('',#781,.T.);
#457=FACE_OUTER_BOUND('',#782,.T.);
#458=FACE_OUTER_BOUND('',#783,.T.);
#459=FACE_OUTER_BOUND('',#784,.T.);
#460=FACE_OUTER_BOUND('',#785,.T.);
#461=FACE_OUTER_BOUND('',#786,.T.);
#462=FACE_OUTER_BOUND('',#787,.T.);
#463=FACE_OUTER_BOUND('',#788,.T.);
#464=FACE_OUTER_BOUND('',#789,.T.);
#465=FACE_OUTER_BOUND('',#790,.T.);
#466=FACE_OUTER_BOUND('',#792,.T.);
#467=FACE_OUTER_BOUND('',#793,.T.);
#468=FACE_OUTER_BOUND('',#798,.T.);
#469=FACE_OUTER_BOUND('',#799,.T.);
#470=FACE_OUTER_BOUND('',#800,.T.);
#471=FACE_OUTER_BOUND('',#801,.T.);
#472=FACE_OUTER_BOUND('',#802,.T.);
#473=FACE_OUTER_BOUND('',#803,.T.);
#474=FACE_OUTER_BOUND('',#804,.T.);
#475=FACE_OUTER_BOUND('',#805,.T.);
#476=FACE_OUTER_BOUND('',#806,.T.);
#477=FACE_OUTER_BOUND('',#807,.T.);
#478=FACE_OUTER_BOUND('',#808,.T.);
#479=FACE_OUTER_BOUND('',#809,.T.);
#480=FACE_OUTER_BOUND('',#811,.T.);
#481=FACE_OUTER_BOUND('',#813,.T.);
#482=FACE_OUTER_BOUND('',#815,.T.);
#483=FACE_OUTER_BOUND('',#816,.T.);
#484=FACE_OUTER_BOUND('',#817,.T.);
#485=FACE_OUTER_BOUND('',#819,.T.);
#486=FACE_OUTER_BOUND('',#820,.T.);
#487=FACE_OUTER_BOUND('',#821,.T.);
#488=FACE_OUTER_BOUND('',#822,.T.);
#489=FACE_OUTER_BOUND('',#823,.T.);
#490=FACE_OUTER_BOUND('',#825,.T.);
#491=FACE_OUTER_BOUND('',#826,.T.);
#492=FACE_OUTER_BOUND('',#827,.T.);
#493=FACE_OUTER_BOUND('',#829,.T.);
#494=FACE_OUTER_BOUND('',#830,.T.);
#495=FACE_OUTER_BOUND('',#831,.T.);
#496=FACE_OUTER_BOUND('',#832,.T.);
#497=FACE_OUTER_BOUND('',#834,.T.);
#498=FACE_OUTER_BOUND('',#835,.T.);
#499=FACE_OUTER_BOUND('',#836,.T.);
#500=FACE_OUTER_BOUND('',#837,.T.);
#501=FACE_OUTER_BOUND('',#838,.T.);
#502=FACE_OUTER_BOUND('',#839,.T.);
#503=FACE_OUTER_BOUND('',#841,.T.);
#504=FACE_OUTER_BOUND('',#842,.T.);
#505=FACE_OUTER_BOUND('',#843,.T.);
#506=FACE_OUTER_BOUND('',#844,.T.);
#507=FACE_OUTER_BOUND('',#845,.T.);
#508=FACE_OUTER_BOUND('',#846,.T.);
#509=FACE_OUTER_BOUND('',#847,.T.);
#510=FACE_OUTER_BOUND('',#848,.T.);
#511=FACE_OUTER_BOUND('',#849,.T.);
#512=FACE_OUTER_BOUND('',#850,.T.);
#513=FACE_OUTER_BOUND('',#852,.T.);
#514=FACE_OUTER_BOUND('',#853,.T.);
#515=FACE_OUTER_BOUND('',#854,.T.);
#516=FACE_OUTER_BOUND('',#855,.T.);
#517=FACE_OUTER_BOUND('',#856,.T.);
#518=FACE_OUTER_BOUND('',#857,.T.);
#519=FACE_OUTER_BOUND('',#858,.T.);
#520=FACE_OUTER_BOUND('',#859,.T.);
#521=FACE_OUTER_BOUND('',#861,.T.);
#522=FACE_OUTER_BOUND('',#862,.T.);
#523=FACE_OUTER_BOUND('',#863,.T.);
#524=FACE_OUTER_BOUND('',#864,.T.);
#525=FACE_OUTER_BOUND('',#865,.T.);
#526=FACE_OUTER_BOUND('',#866,.T.);
#527=FACE_OUTER_BOUND('',#867,.T.);
#528=FACE_OUTER_BOUND('',#868,.T.);
#529=FACE_OUTER_BOUND('',#869,.T.);
#530=FACE_OUTER_BOUND('',#870,.T.);
#531=FACE_OUTER_BOUND('',#871,.T.);
#532=FACE_OUTER_BOUND('',#872,.T.);
#533=FACE_OUTER_BOUND('',#874,.T.);
#534=FACE_OUTER_BOUND('',#875,.T.);
#535=FACE_OUTER_BOUND('',#876,.T.);
#536=FACE_OUTER_BOUND('',#877,.T.);
#537=FACE_OUTER_BOUND('',#878,.T.);
#538=FACE_OUTER_BOUND('',#879,.T.);
#539=FACE_OUTER_BOUND('',#880,.T.);
#540=FACE_OUTER_BOUND('',#881,.T.);
#541=FACE_OUTER_BOUND('',#882,.T.);
#542=FACE_OUTER_BOUND('',#883,.T.);
#543=FACE_OUTER_BOUND('',#885,.T.);
#544=FACE_OUTER_BOUND('',#886,.T.);
#545=FACE_OUTER_BOUND('',#887,.T.);
#546=FACE_OUTER_BOUND('',#888,.T.);
#547=FACE_OUTER_BOUND('',#894,.T.);
#548=FACE_OUTER_BOUND('',#895,.T.);
#549=FACE_OUTER_BOUND('',#896,.T.);
#550=FACE_OUTER_BOUND('',#897,.T.);
#551=FACE_OUTER_BOUND('',#898,.T.);
#552=FACE_OUTER_BOUND('',#899,.T.);
#553=FACE_OUTER_BOUND('',#900,.T.);
#554=FACE_OUTER_BOUND('',#901,.T.);
#555=FACE_OUTER_BOUND('',#902,.T.);
#556=FACE_OUTER_BOUND('',#903,.T.);
#557=FACE_OUTER_BOUND('',#904,.T.);
#558=FACE_OUTER_BOUND('',#906,.T.);
#559=FACE_OUTER_BOUND('',#907,.T.);
#560=FACE_OUTER_BOUND('',#908,.T.);
#561=FACE_OUTER_BOUND('',#910,.T.);
#562=FACE_OUTER_BOUND('',#911,.T.);
#563=FACE_OUTER_BOUND('',#912,.T.);
#564=FACE_OUTER_BOUND('',#913,.T.);
#565=FACE_OUTER_BOUND('',#915,.T.);
#566=FACE_OUTER_BOUND('',#916,.T.);
#567=FACE_OUTER_BOUND('',#917,.T.);
#568=FACE_OUTER_BOUND('',#919,.T.);
#569=FACE_OUTER_BOUND('',#920,.T.);
#570=FACE_OUTER_BOUND('',#922,.T.);
#571=FACE_OUTER_BOUND('',#924,.T.);
#572=FACE_OUTER_BOUND('',#925,.T.);
#573=FACE_OUTER_BOUND('',#926,.T.);
#574=FACE_OUTER_BOUND('',#927,.T.);
#575=FACE_OUTER_BOUND('',#929,.T.);
#576=FACE_OUTER_BOUND('',#931,.T.);
#577=FACE_OUTER_BOUND('',#932,.T.);
#578=FACE_OUTER_BOUND('',#933,.T.);
#579=FACE_OUTER_BOUND('',#934,.T.);
#580=FACE_OUTER_BOUND('',#936,.T.);
#581=FACE_OUTER_BOUND('',#937,.T.);
#582=FACE_OUTER_BOUND('',#938,.T.);
#583=FACE_OUTER_BOUND('',#939,.T.);
#584=FACE_OUTER_BOUND('',#940,.T.);
#585=FACE_OUTER_BOUND('',#941,.T.);
#586=FACE_OUTER_BOUND('',#942,.T.);
#587=FACE_OUTER_BOUND('',#943,.T.);
#588=FACE_OUTER_BOUND('',#944,.T.);
#589=FACE_OUTER_BOUND('',#945,.T.);
#590=FACE_OUTER_BOUND('',#946,.T.);
#591=FACE_OUTER_BOUND('',#947,.T.);
#592=FACE_OUTER_BOUND('',#948,.T.);
#593=FACE_OUTER_BOUND('',#949,.T.);
#594=FACE_OUTER_BOUND('',#950,.T.);
#595=FACE_OUTER_BOUND('',#952,.T.);
#596=FACE_OUTER_BOUND('',#954,.T.);
#597=FACE_OUTER_BOUND('',#955,.T.);
#598=FACE_OUTER_BOUND('',#956,.T.);
#599=FACE_OUTER_BOUND('',#957,.T.);
#600=FACE_OUTER_BOUND('',#958,.T.);
#601=FACE_OUTER_BOUND('',#959,.T.);
#602=FACE_OUTER_BOUND('',#960,.T.);
#603=FACE_OUTER_BOUND('',#961,.T.);
#604=FACE_OUTER_BOUND('',#962,.T.);
#605=FACE_OUTER_BOUND('',#963,.T.);
#606=FACE_OUTER_BOUND('',#964,.T.);
#607=EDGE_LOOP('',(#3107,#3108,#3109,#3110));
#608=EDGE_LOOP('',(#3111,#3112,#3113,#3114));
#609=EDGE_LOOP('',(#3115,#3116,#3117,#3118));
#610=EDGE_LOOP('',(#3119,#3120,#3121,#3122));
#611=EDGE_LOOP('',(#3123,#3124,#3125,#3126));
#612=EDGE_LOOP('',(#3127,#3128,#3129,#3130));
#613=EDGE_LOOP('',(#3131,#3132,#3133,#3134));
#614=EDGE_LOOP('',(#3135,#3136,#3137,#3138));
#615=EDGE_LOOP('',(#3139,#3140,#3141,#3142));
#616=EDGE_LOOP('',(#3143,#3144,#3145,#3146));
#617=EDGE_LOOP('',(#3147,#3148,#3149,#3150));
#618=EDGE_LOOP('',(#3151,#3152,#3153,#3154));
#619=EDGE_LOOP('',(#3155,#3156,#3157,#3158));
#620=EDGE_LOOP('',(#3159,#3160,#3161,#3162));
#621=EDGE_LOOP('',(#3163,#3164,#3165,#3166));
#622=EDGE_LOOP('',(#3167,#3168,#3169,#3170));
#623=EDGE_LOOP('',(#3171,#3172,#3173,#3174));
#624=EDGE_LOOP('',(#3175,#3176,#3177,#3178));
#625=EDGE_LOOP('',(#3179,#3180,#3181,#3182));
#626=EDGE_LOOP('',(#3183,#3184,#3185,#3186));
#627=EDGE_LOOP('',(#3187,#3188,#3189,#3190));
#628=EDGE_LOOP('',(#3191,#3192,#3193,#3194));
#629=EDGE_LOOP('',(#3195,#3196,#3197,#3198));
#630=EDGE_LOOP('',(#3199,#3200,#3201,#3202));
#631=EDGE_LOOP('',(#3203,#3204,#3205,#3206));
#632=EDGE_LOOP('',(#3207,#3208,#3209,#3210));
#633=EDGE_LOOP('',(#3211,#3212,#3213,#3214));
#634=EDGE_LOOP('',(#3215,#3216,#3217,#3218));
#635=EDGE_LOOP('',(#3219,#3220,#3221,#3222));
#636=EDGE_LOOP('',(#3223,#3224,#3225,#3226));
#637=EDGE_LOOP('',(#3227,#3228,#3229,#3230));
#638=EDGE_LOOP('',(#3231,#3232,#3233,#3234));
#639=EDGE_LOOP('',(#3235,#3236,#3237,#3238));
#640=EDGE_LOOP('',(#3239,#3240,#3241,#3242));
#641=EDGE_LOOP('',(#3243));
#642=EDGE_LOOP('',(#3244));
#643=EDGE_LOOP('',(#3245));
#644=EDGE_LOOP('',(#3246));
#645=EDGE_LOOP('',(#3247));
#646=EDGE_LOOP('',(#3248));
#647=EDGE_LOOP('',(#3249));
#648=EDGE_LOOP('',(#3250));
#649=EDGE_LOOP('',(#3251));
#650=EDGE_LOOP('',(#3252));
#651=EDGE_LOOP('',(#3253));
#652=EDGE_LOOP('',(#3254));
#653=EDGE_LOOP('',(#3255));
#654=EDGE_LOOP('',(#3256));
#655=EDGE_LOOP('',(#3257));
#656=EDGE_LOOP('',(#3258));
#657=EDGE_LOOP('',(#3259));
#658=EDGE_LOOP('',(#3260));
#659=EDGE_LOOP('',(#3261));
#660=EDGE_LOOP('',(#3262));
#661=EDGE_LOOP('',(#3263));
#662=EDGE_LOOP('',(#3264));
#663=EDGE_LOOP('',(#3265));
#664=EDGE_LOOP('',(#3266));
#665=EDGE_LOOP('',(#3267));
#666=EDGE_LOOP('',(#3268));
#667=EDGE_LOOP('',(#3269));
#668=EDGE_LOOP('',(#3270));
#669=EDGE_LOOP('',(#3271));
#670=EDGE_LOOP('',(#3272,#3273,#3274,#3275));
#671=EDGE_LOOP('',(#3276));
#672=EDGE_LOOP('',(#3277));
#673=EDGE_LOOP('',(#3278));
#674=EDGE_LOOP('',(#3279));
#675=EDGE_LOOP('',(#3280));
#676=EDGE_LOOP('',(#3281));
#677=EDGE_LOOP('',(#3282));
#678=EDGE_LOOP('',(#3283));
#679=EDGE_LOOP('',(#3284));
#680=EDGE_LOOP('',(#3285));
#681=EDGE_LOOP('',(#3286));
#682=EDGE_LOOP('',(#3287));
#683=EDGE_LOOP('',(#3288));
#684=EDGE_LOOP('',(#3289));
#685=EDGE_LOOP('',(#3290));
#686=EDGE_LOOP('',(#3291));
#687=EDGE_LOOP('',(#3292));
#688=EDGE_LOOP('',(#3293));
#689=EDGE_LOOP('',(#3294));
#690=EDGE_LOOP('',(#3295));
#691=EDGE_LOOP('',(#3296));
#692=EDGE_LOOP('',(#3297));
#693=EDGE_LOOP('',(#3298));
#694=EDGE_LOOP('',(#3299));
#695=EDGE_LOOP('',(#3300));
#696=EDGE_LOOP('',(#3301));
#697=EDGE_LOOP('',(#3302));
#698=EDGE_LOOP('',(#3303));
#699=EDGE_LOOP('',(#3304));
#700=EDGE_LOOP('',(#3305,#3306,#3307,#3308));
#701=EDGE_LOOP('',(#3309,#3310,#3311,#3312));
#702=EDGE_LOOP('',(#3313,#3314,#3315,#3316));
#703=EDGE_LOOP('',(#3317,#3318,#3319,#3320));
#704=EDGE_LOOP('',(#3321,#3322,#3323,#3324));
#705=EDGE_LOOP('',(#3325,#3326,#3327,#3328));
#706=EDGE_LOOP('',(#3329,#3330,#3331,#3332));
#707=EDGE_LOOP('',(#3333,#3334,#3335,#3336));
#708=EDGE_LOOP('',(#3337,#3338,#3339,#3340));
#709=EDGE_LOOP('',(#3341,#3342,#3343,#3344));
#710=EDGE_LOOP('',(#3345,#3346,#3347,#3348));
#711=EDGE_LOOP('',(#3349,#3350,#3351,#3352));
#712=EDGE_LOOP('',(#3353,#3354,#3355,#3356));
#713=EDGE_LOOP('',(#3357,#3358,#3359,#3360));
#714=EDGE_LOOP('',(#3361,#3362,#3363,#3364));
#715=EDGE_LOOP('',(#3365,#3366,#3367,#3368));
#716=EDGE_LOOP('',(#3369,#3370,#3371,#3372));
#717=EDGE_LOOP('',(#3373,#3374,#3375,#3376));
#718=EDGE_LOOP('',(#3377,#3378,#3379,#3380));
#719=EDGE_LOOP('',(#3381,#3382,#3383,#3384));
#720=EDGE_LOOP('',(#3385,#3386,#3387,#3388));
#721=EDGE_LOOP('',(#3389,#3390,#3391,#3392));
#722=EDGE_LOOP('',(#3393,#3394,#3395,#3396));
#723=EDGE_LOOP('',(#3397,#3398,#3399,#3400));
#724=EDGE_LOOP('',(#3401,#3402,#3403,#3404));
#725=EDGE_LOOP('',(#3405,#3406,#3407,#3408));
#726=EDGE_LOOP('',(#3409,#3410,#3411,#3412));
#727=EDGE_LOOP('',(#3413,#3414,#3415,#3416));
#728=EDGE_LOOP('',(#3417,#3418,#3419,#3420));
#729=EDGE_LOOP('',(#3421,#3422,#3423,#3424));
#730=EDGE_LOOP('',(#3425,#3426,#3427,#3428));
#731=EDGE_LOOP('',(#3429,#3430,#3431,#3432));
#732=EDGE_LOOP('',(#3433,#3434,#3435,#3436));
#733=EDGE_LOOP('',(#3437,#3438,#3439,#3440));
#734=EDGE_LOOP('',(#3441,#3442,#3443,#3444));
#735=EDGE_LOOP('',(#3445,#3446,#3447,#3448));
#736=EDGE_LOOP('',(#3449,#3450,#3451,#3452));
#737=EDGE_LOOP('',(#3453,#3454,#3455,#3456));
#738=EDGE_LOOP('',(#3457,#3458,#3459,#3460));
#739=EDGE_LOOP('',(#3461,#3462,#3463,#3464));
#740=EDGE_LOOP('',(#3465,#3466,#3467,#3468));
#741=EDGE_LOOP('',(#3469,#3470,#3471,#3472));
#742=EDGE_LOOP('',(#3473,#3474,#3475,#3476));
#743=EDGE_LOOP('',(#3477,#3478,#3479,#3480));
#744=EDGE_LOOP('',(#3481,#3482,#3483,#3484));
#745=EDGE_LOOP('',(#3485,#3486,#3487,#3488));
#746=EDGE_LOOP('',(#3489,#3490,#3491,#3492));
#747=EDGE_LOOP('',(#3493,#3494,#3495,#3496));
#748=EDGE_LOOP('',(#3497,#3498,#3499,#3500));
#749=EDGE_LOOP('',(#3501,#3502,#3503,#3504));
#750=EDGE_LOOP('',(#3505,#3506,#3507,#3508));
#751=EDGE_LOOP('',(#3509,#3510,#3511,#3512));
#752=EDGE_LOOP('',(#3513,#3514,#3515,#3516));
#753=EDGE_LOOP('',(#3517,#3518,#3519,#3520));
#754=EDGE_LOOP('',(#3521,#3522,#3523,#3524,#3525,#3526,#3527,#3528,#3529,
#3530,#3531,#3532));
#755=EDGE_LOOP('',(#3533,#3534,#3535,#3536,#3537));
#756=EDGE_LOOP('',(#3538,#3539,#3540,#3541,#3542));
#757=EDGE_LOOP('',(#3543));
#758=EDGE_LOOP('',(#3544,#3545,#3546,#3547,#3548));
#759=EDGE_LOOP('',(#3549,#3550,#3551,#3552,#3553));
#760=EDGE_LOOP('',(#3554));
#761=EDGE_LOOP('',(#3555,#3556,#3557,#3558));
#762=EDGE_LOOP('',(#3559,#3560,#3561,#3562));
#763=EDGE_LOOP('',(#3563,#3564,#3565,#3566));
#764=EDGE_LOOP('',(#3567,#3568,#3569,#3570));
#765=EDGE_LOOP('',(#3571,#3572,#3573,#3574));
#766=EDGE_LOOP('',(#3575,#3576,#3577,#3578));
#767=EDGE_LOOP('',(#3579,#3580,#3581,#3582));
#768=EDGE_LOOP('',(#3583,#3584,#3585,#3586,#3587,#3588));
#769=EDGE_LOOP('',(#3589,#3590,#3591,#3592,#3593,#3594,#3595,#3596,#3597));
#770=EDGE_LOOP('',(#3598,#3599,#3600,#3601));
#771=EDGE_LOOP('',(#3602,#3603,#3604,#3605));
#772=EDGE_LOOP('',(#3606,#3607,#3608,#3609,#3610,#3611,#3612));
#773=EDGE_LOOP('',(#3613,#3614,#3615,#3616));
#774=EDGE_LOOP('',(#3617,#3618,#3619,#3620));
#775=EDGE_LOOP('',(#3621,#3622,#3623,#3624,#3625));
#776=EDGE_LOOP('',(#3626,#3627,#3628,#3629));
#777=EDGE_LOOP('',(#3630,#3631,#3632,#3633));
#778=EDGE_LOOP('',(#3634,#3635,#3636,#3637));
#779=EDGE_LOOP('',(#3638,#3639,#3640,#3641));
#780=EDGE_LOOP('',(#3642,#3643,#3644,#3645));
#781=EDGE_LOOP('',(#3646,#3647,#3648,#3649));
#782=EDGE_LOOP('',(#3650,#3651,#3652,#3653));
#783=EDGE_LOOP('',(#3654,#3655,#3656,#3657));
#784=EDGE_LOOP('',(#3658,#3659,#3660,#3661));
#785=EDGE_LOOP('',(#3662,#3663,#3664,#3665));
#786=EDGE_LOOP('',(#3666,#3667,#3668,#3669));
#787=EDGE_LOOP('',(#3670,#3671,#3672,#3673));
#788=EDGE_LOOP('',(#3674,#3675,#3676,#3677));
#789=EDGE_LOOP('',(#3678,#3679,#3680,#3681));
#790=EDGE_LOOP('',(#3682,#3683,#3684,#3685));
#791=EDGE_LOOP('',(#3686,#3687,#3688,#3689));
#792=EDGE_LOOP('',(#3690,#3691,#3692,#3693,#3694));
#793=EDGE_LOOP('',(#3695,#3696,#3697,#3698,#3699,#3700,#3701,#3702,#3703));
#794=EDGE_LOOP('',(#3704));
#795=EDGE_LOOP('',(#3705));
#796=EDGE_LOOP('',(#3706,#3707,#3708,#3709,#3710,#3711,#3712,#3713,#3714,
#3715,#3716,#3717));
#797=EDGE_LOOP('',(#3718,#3719,#3720,#3721));
#798=EDGE_LOOP('',(#3722,#3723,#3724,#3725));
#799=EDGE_LOOP('',(#3726,#3727,#3728,#3729,#3730));
#800=EDGE_LOOP('',(#3731,#3732,#3733,#3734,#3735));
#801=EDGE_LOOP('',(#3736,#3737,#3738,#3739));
#802=EDGE_LOOP('',(#3740,#3741,#3742,#3743));
#803=EDGE_LOOP('',(#3744,#3745,#3746,#3747,#3748,#3749));
#804=EDGE_LOOP('',(#3750,#3751,#3752,#3753));
#805=EDGE_LOOP('',(#3754,#3755,#3756,#3757,#3758));
#806=EDGE_LOOP('',(#3759,#3760,#3761,#3762,#3763));
#807=EDGE_LOOP('',(#3764,#3765,#3766,#3767,#3768));
#808=EDGE_LOOP('',(#3769,#3770,#3771,#3772,#3773,#3774,#3775,#3776));
#809=EDGE_LOOP('',(#3777,#3778,#3779,#3780));
#810=EDGE_LOOP('',(#3781));
#811=EDGE_LOOP('',(#3782,#3783,#3784,#3785));
#812=EDGE_LOOP('',(#3786));
#813=EDGE_LOOP('',(#3787,#3788,#3789,#3790));
#814=EDGE_LOOP('',(#3791));
#815=EDGE_LOOP('',(#3792,#3793,#3794,#3795));
#816=EDGE_LOOP('',(#3796,#3797,#3798,#3799));
#817=EDGE_LOOP('',(#3800,#3801,#3802,#3803));
#818=EDGE_LOOP('',(#3804));
#819=EDGE_LOOP('',(#3805,#3806,#3807,#3808));
#820=EDGE_LOOP('',(#3809,#3810,#3811,#3812,#3813,#3814,#3815,#3816,#3817,
#3818,#3819,#3820,#3821,#3822));
#821=EDGE_LOOP('',(#3823,#3824,#3825,#3826));
#822=EDGE_LOOP('',(#3827,#3828,#3829,#3830));
#823=EDGE_LOOP('',(#3831,#3832,#3833,#3834));
#824=EDGE_LOOP('',(#3835));
#825=EDGE_LOOP('',(#3836,#3837,#3838,#3839));
#826=EDGE_LOOP('',(#3840,#3841,#3842,#3843,#3844,#3845,#3846,#3847,#3848,
#3849,#3850,#3851));
#827=EDGE_LOOP('',(#3852,#3853,#3854,#3855,#3856,#3857,#3858,#3859,#3860,
#3861,#3862,#3863,#3864,#3865));
#828=EDGE_LOOP('',(#3866,#3867,#3868,#3869));
#829=EDGE_LOOP('',(#3870,#3871,#3872,#3873));
#830=EDGE_LOOP('',(#3874,#3875,#3876,#3877));
#831=EDGE_LOOP('',(#3878,#3879,#3880,#3881));
#832=EDGE_LOOP('',(#3882,#3883,#3884,#3885));
#833=EDGE_LOOP('',(#3886));
#834=EDGE_LOOP('',(#3887,#3888,#3889,#3890,#3891,#3892,#3893,#3894));
#835=EDGE_LOOP('',(#3895));
#836=EDGE_LOOP('',(#3896,#3897,#3898,#3899));
#837=EDGE_LOOP('',(#3900,#3901,#3902,#3903));
#838=EDGE_LOOP('',(#3904,#3905,#3906,#3907));
#839=EDGE_LOOP('',(#3908,#3909,#3910,#3911,#3912,#3913,#3914,#3915));
#840=EDGE_LOOP('',(#3916,#3917,#3918,#3919));
#841=EDGE_LOOP('',(#3920,#3921,#3922,#3923));
#842=EDGE_LOOP('',(#3924,#3925,#3926));
#843=EDGE_LOOP('',(#3927,#3928,#3929));
#844=EDGE_LOOP('',(#3930,#3931,#3932,#3933));
#845=EDGE_LOOP('',(#3934));
#846=EDGE_LOOP('',(#3935,#3936,#3937,#3938));
#847=EDGE_LOOP('',(#3939,#3940,#3941,#3942));
#848=EDGE_LOOP('',(#3943,#3944,#3945,#3946));
#849=EDGE_LOOP('',(#3947,#3948,#3949,#3950));
#850=EDGE_LOOP('',(#3951,#3952,#3953,#3954));
#851=EDGE_LOOP('',(#3955,#3956,#3957,#3958));
#852=EDGE_LOOP('',(#3959,#3960,#3961,#3962));
#853=EDGE_LOOP('',(#3963,#3964,#3965,#3966));
#854=EDGE_LOOP('',(#3967,#3968,#3969,#3970));
#855=EDGE_LOOP('',(#3971,#3972,#3973,#3974));
#856=EDGE_LOOP('',(#3975,#3976,#3977,#3978));
#857=EDGE_LOOP('',(#3979,#3980,#3981,#3982));
#858=EDGE_LOOP('',(#3983,#3984,#3985,#3986));
#859=EDGE_LOOP('',(#3987,#3988,#3989,#3990));
#860=EDGE_LOOP('',(#3991,#3992,#3993,#3994));
#861=EDGE_LOOP('',(#3995,#3996,#3997,#3998));
#862=EDGE_LOOP('',(#3999,#4000,#4001,#4002));
#863=EDGE_LOOP('',(#4003,#4004,#4005,#4006));
#864=EDGE_LOOP('',(#4007,#4008,#4009,#4010));
#865=EDGE_LOOP('',(#4011,#4012,#4013,#4014));
#866=EDGE_LOOP('',(#4015,#4016,#4017,#4018));
#867=EDGE_LOOP('',(#4019,#4020,#4021,#4022));
#868=EDGE_LOOP('',(#4023,#4024,#4025,#4026));
#869=EDGE_LOOP('',(#4027,#4028,#4029,#4030));
#870=EDGE_LOOP('',(#4031,#4032,#4033,#4034));
#871=EDGE_LOOP('',(#4035,#4036,#4037,#4038));
#872=EDGE_LOOP('',(#4039,#4040,#4041,#4042));
#873=EDGE_LOOP('',(#4043,#4044,#4045,#4046));
#874=EDGE_LOOP('',(#4047,#4048,#4049,#4050));
#875=EDGE_LOOP('',(#4051,#4052,#4053,#4054));
#876=EDGE_LOOP('',(#4055,#4056,#4057,#4058));
#877=EDGE_LOOP('',(#4059,#4060,#4061,#4062));
#878=EDGE_LOOP('',(#4063,#4064,#4065,#4066,#4067,#4068));
#879=EDGE_LOOP('',(#4069,#4070,#4071,#4072,#4073));
#880=EDGE_LOOP('',(#4074,#4075,#4076,#4077));
#881=EDGE_LOOP('',(#4078,#4079,#4080,#4081,#4082,#4083));
#882=EDGE_LOOP('',(#4084,#4085,#4086,#4087));
#883=EDGE_LOOP('',(#4088,#4089,#4090,#4091,#4092,#4093,#4094,#4095,#4096));
#884=EDGE_LOOP('',(#4097,#4098,#4099,#4100));
#885=EDGE_LOOP('',(#4101,#4102,#4103,#4104));
#886=EDGE_LOOP('',(#4105,#4106,#4107,#4108));
#887=EDGE_LOOP('',(#4109,#4110,#4111,#4112));
#888=EDGE_LOOP('',(#4113,#4114,#4115,#4116,#4117));
#889=EDGE_LOOP('',(#4118));
#890=EDGE_LOOP('',(#4119));
#891=EDGE_LOOP('',(#4120));
#892=EDGE_LOOP('',(#4121));
#893=EDGE_LOOP('',(#4122,#4123,#4124,#4125));
#894=EDGE_LOOP('',(#4126,#4127,#4128,#4129,#4130));
#895=EDGE_LOOP('',(#4131,#4132,#4133,#4134,#4135));
#896=EDGE_LOOP('',(#4136,#4137,#4138,#4139,#4140));
#897=EDGE_LOOP('',(#4141,#4142,#4143,#4144));
#898=EDGE_LOOP('',(#4145,#4146,#4147,#4148,#4149));
#899=EDGE_LOOP('',(#4150,#4151,#4152,#4153,#4154));
#900=EDGE_LOOP('',(#4155,#4156,#4157,#4158,#4159));
#901=EDGE_LOOP('',(#4160,#4161,#4162,#4163,#4164));
#902=EDGE_LOOP('',(#4165,#4166,#4167,#4168));
#903=EDGE_LOOP('',(#4169,#4170,#4171,#4172));
#904=EDGE_LOOP('',(#4173));
#905=EDGE_LOOP('',(#4174));
#906=EDGE_LOOP('',(#4175,#4176,#4177,#4178));
#907=EDGE_LOOP('',(#4179,#4180,#4181,#4182));
#908=EDGE_LOOP('',(#4183,#4184,#4185,#4186));
#909=EDGE_LOOP('',(#4187));
#910=EDGE_LOOP('',(#4188,#4189,#4190,#4191,#4192,#4193,#4194,#4195));
#911=EDGE_LOOP('',(#4196,#4197,#4198,#4199,#4200,#4201,#4202,#4203));
#912=EDGE_LOOP('',(#4204,#4205,#4206,#4207));
#913=EDGE_LOOP('',(#4208));
#914=EDGE_LOOP('',(#4209));
#915=EDGE_LOOP('',(#4210,#4211,#4212,#4213));
#916=EDGE_LOOP('',(#4214,#4215,#4216,#4217));
#917=EDGE_LOOP('',(#4218,#4219,#4220,#4221));
#918=EDGE_LOOP('',(#4222));
#919=EDGE_LOOP('',(#4223,#4224,#4225,#4226,#4227,#4228,#4229,#4230));
#920=EDGE_LOOP('',(#4231,#4232,#4233,#4234));
#921=EDGE_LOOP('',(#4235));
#922=EDGE_LOOP('',(#4236));
#923=EDGE_LOOP('',(#4237));
#924=EDGE_LOOP('',(#4238,#4239,#4240,#4241));
#925=EDGE_LOOP('',(#4242,#4243,#4244,#4245));
#926=EDGE_LOOP('',(#4246,#4247,#4248,#4249));
#927=EDGE_LOOP('',(#4250,#4251,#4252,#4253,#4254,#4255,#4256,#4257,#4258,
#4259,#4260,#4261));
#928=EDGE_LOOP('',(#4262,#4263,#4264,#4265));
#929=EDGE_LOOP('',(#4266));
#930=EDGE_LOOP('',(#4267));
#931=EDGE_LOOP('',(#4268,#4269,#4270,#4271));
#932=EDGE_LOOP('',(#4272,#4273,#4274,#4275));
#933=EDGE_LOOP('',(#4276,#4277,#4278,#4279));
#934=EDGE_LOOP('',(#4280,#4281,#4282,#4283));
#935=EDGE_LOOP('',(#4284));
#936=EDGE_LOOP('',(#4285,#4286,#4287,#4288,#4289,#4290,#4291,#4292));
#937=EDGE_LOOP('',(#4293,#4294,#4295,#4296));
#938=EDGE_LOOP('',(#4297,#4298,#4299,#4300));
#939=EDGE_LOOP('',(#4301,#4302,#4303,#4304));
#940=EDGE_LOOP('',(#4305,#4306,#4307,#4308));
#941=EDGE_LOOP('',(#4309,#4310,#4311,#4312));
#942=EDGE_LOOP('',(#4313,#4314,#4315,#4316,#4317,#4318));
#943=EDGE_LOOP('',(#4319,#4320,#4321,#4322));
#944=EDGE_LOOP('',(#4323,#4324,#4325,#4326));
#945=EDGE_LOOP('',(#4327,#4328,#4329,#4330));
#946=EDGE_LOOP('',(#4331,#4332,#4333,#4334));
#947=EDGE_LOOP('',(#4335,#4336,#4337,#4338));
#948=EDGE_LOOP('',(#4339,#4340,#4341,#4342));
#949=EDGE_LOOP('',(#4343,#4344,#4345,#4346));
#950=EDGE_LOOP('',(#4347,#4348,#4349,#4350));
#951=EDGE_LOOP('',(#4351,#4352,#4353,#4354));
#952=EDGE_LOOP('',(#4355,#4356,#4357,#4358,#4359,#4360,#4361,#4362));
#953=EDGE_LOOP('',(#4363,#4364,#4365,#4366));
#954=EDGE_LOOP('',(#4367,#4368,#4369,#4370));
#955=EDGE_LOOP('',(#4371,#4372,#4373,#4374));
#956=EDGE_LOOP('',(#4375,#4376,#4377,#4378));
#957=EDGE_LOOP('',(#4379,#4380,#4381,#4382));
#958=EDGE_LOOP('',(#4383,#4384,#4385,#4386));
#959=EDGE_LOOP('',(#4387,#4388,#4389,#4390));
#960=EDGE_LOOP('',(#4391,#4392,#4393,#4394));
#961=EDGE_LOOP('',(#4395,#4396,#4397,#4398));
#962=EDGE_LOOP('',(#4399,#4400,#4401,#4402,#4403,#4404,#4405,#4406,#4407,
#4408,#4409,#4410));
#963=EDGE_LOOP('',(#4411,#4412,#4413,#4414));
#964=EDGE_LOOP('',(#4415,#4416,#4417,#4418,#4419,#4420,#4421,#4422));
#965=LINE('',#6676,#1493);
#966=LINE('',#6678,#1494);
#967=LINE('',#6680,#1495);
#968=LINE('',#6681,#1496);
#969=LINE('',#6684,#1497);
#970=LINE('',#6686,#1498);
#971=LINE('',#6687,#1499);
#972=LINE('',#6690,#1500);
#973=LINE('',#6692,#1501);
#974=LINE('',#6693,#1502);
#975=LINE('',#6695,#1503);
#976=LINE('',#6696,#1504);
#977=LINE('',#6701,#1505);
#978=LINE('',#6707,#1506);
#979=LINE('',#6713,#1507);
#980=LINE('',#6719,#1508);
#981=LINE('',#6725,#1509);
#982=LINE('',#6731,#1510);
#983=LINE('',#6737,#1511);
#984=LINE('',#6743,#1512);
#985=LINE('',#6749,#1513);
#986=LINE('',#6755,#1514);
#987=LINE('',#6761,#1515);
#988=LINE('',#6767,#1516);
#989=LINE('',#6773,#1517);
#990=LINE('',#6779,#1518);
#991=LINE('',#6785,#1519);
#992=LINE('',#6791,#1520);
#993=LINE('',#6797,#1521);
#994=LINE('',#6803,#1522);
#995=LINE('',#6809,#1523);
#996=LINE('',#6815,#1524);
#997=LINE('',#6821,#1525);
#998=LINE('',#6827,#1526);
#999=LINE('',#6833,#1527);
#1000=LINE('',#6839,#1528);
#1001=LINE('',#6845,#1529);
#1002=LINE('',#6851,#1530);
#1003=LINE('',#6857,#1531);
#1004=LINE('',#6863,#1532);
#1005=LINE('',#6869,#1533);
#1006=LINE('',#6877,#1534);
#1007=LINE('',#6879,#1535);
#1008=LINE('',#6881,#1536);
#1009=LINE('',#6882,#1537);
#1010=LINE('',#6885,#1538);
#1011=LINE('',#6887,#1539);
#1012=LINE('',#6888,#1540);
#1013=LINE('',#6891,#1541);
#1014=LINE('',#6893,#1542);
#1015=LINE('',#6894,#1543);
#1016=LINE('',#6896,#1544);
#1017=LINE('',#6897,#1545);
#1018=LINE('',#6902,#1546);
#1019=LINE('',#6904,#1547);
#1020=LINE('',#6906,#1548);
#1021=LINE('',#6907,#1549);
#1022=LINE('',#6910,#1550);
#1023=LINE('',#6912,#1551);
#1024=LINE('',#6913,#1552);
#1025=LINE('',#6916,#1553);
#1026=LINE('',#6918,#1554);
#1027=LINE('',#6919,#1555);
#1028=LINE('',#6921,#1556);
#1029=LINE('',#6922,#1557);
#1030=LINE('',#6929,#1558);
#1031=LINE('',#6931,#1559);
#1032=LINE('',#6933,#1560);
#1033=LINE('',#6934,#1561);
#1034=LINE('',#6937,#1562);
#1035=LINE('',#6939,#1563);
#1036=LINE('',#6940,#1564);
#1037=LINE('',#6943,#1565);
#1038=LINE('',#6945,#1566);
#1039=LINE('',#6946,#1567);
#1040=LINE('',#6948,#1568);
#1041=LINE('',#6949,#1569);
#1042=LINE('',#6954,#1570);
#1043=LINE('',#6956,#1571);
#1044=LINE('',#6958,#1572);
#1045=LINE('',#6959,#1573);
#1046=LINE('',#6962,#1574);
#1047=LINE('',#6964,#1575);
#1048=LINE('',#6965,#1576);
#1049=LINE('',#6968,#1577);
#1050=LINE('',#6970,#1578);
#1051=LINE('',#6971,#1579);
#1052=LINE('',#6973,#1580);
#1053=LINE('',#6974,#1581);
#1054=LINE('',#6981,#1582);
#1055=LINE('',#6983,#1583);
#1056=LINE('',#6985,#1584);
#1057=LINE('',#6986,#1585);
#1058=LINE('',#6989,#1586);
#1059=LINE('',#6991,#1587);
#1060=LINE('',#6992,#1588);
#1061=LINE('',#6995,#1589);
#1062=LINE('',#6997,#1590);
#1063=LINE('',#6998,#1591);
#1064=LINE('',#7000,#1592);
#1065=LINE('',#7001,#1593);
#1066=LINE('',#7007,#1594);
#1067=LINE('',#7009,#1595);
#1068=LINE('',#7011,#1596);
#1069=LINE('',#7012,#1597);
#1070=LINE('',#7015,#1598);
#1071=LINE('',#7017,#1599);
#1072=LINE('',#7018,#1600);
#1073=LINE('',#7021,#1601);
#1074=LINE('',#7023,#1602);
#1075=LINE('',#7024,#1603);
#1076=LINE('',#7026,#1604);
#1077=LINE('',#7027,#1605);
#1078=LINE('',#7034,#1606);
#1079=LINE('',#7038,#1607);
#1080=LINE('',#7042,#1608);
#1081=LINE('',#7045,#1609);
#1082=LINE('',#7048,#1610);
#1083=LINE('',#7051,#1611);
#1084=LINE('',#7054,#1612);
#1085=LINE('',#7057,#1613);
#1086=LINE('',#7060,#1614);
#1087=LINE('',#7063,#1615);
#1088=LINE('',#7066,#1616);
#1089=LINE('',#7069,#1617);
#1090=LINE('',#7072,#1618);
#1091=LINE('',#7075,#1619);
#1092=LINE('',#7078,#1620);
#1093=LINE('',#7080,#1621);
#1094=LINE('',#7084,#1622);
#1095=LINE('',#7086,#1623);
#1096=LINE('',#7090,#1624);
#1097=LINE('',#7092,#1625);
#1098=LINE('',#7096,#1626);
#1099=LINE('',#7098,#1627);
#1100=LINE('',#7101,#1628);
#1101=LINE('',#7102,#1629);
#1102=LINE('',#7105,#1630);
#1103=LINE('',#7107,#1631);
#1104=LINE('',#7108,#1632);
#1105=LINE('',#7111,#1633);
#1106=LINE('',#7112,#1634);
#1107=LINE('',#7115,#1635);
#1108=LINE('',#7116,#1636);
#1109=LINE('',#7119,#1637);
#1110=LINE('',#7120,#1638);
#1111=LINE('',#7123,#1639);
#1112=LINE('',#7124,#1640);
#1113=LINE('',#7127,#1641);
#1114=LINE('',#7128,#1642);
#1115=LINE('',#7140,#1643);
#1116=LINE('',#7153,#1644);
#1117=LINE('',#7158,#1645);
#1118=LINE('',#7159,#1646);
#1119=LINE('',#7162,#1647);
#1120=LINE('',#7163,#1648);
#1121=LINE('',#7166,#1649);
#1122=LINE('',#7167,#1650);
#1123=LINE('',#7170,#1651);
#1124=LINE('',#7171,#1652);
#1125=LINE('',#7174,#1653);
#1126=LINE('',#7175,#1654);
#1127=LINE('',#7177,#1655);
#1128=LINE('',#7244,#1656);
#1129=LINE('',#7246,#1657);
#1130=LINE('',#7248,#1658);
#1131=LINE('',#7250,#1659);
#1132=LINE('',#7251,#1660);
#1133=LINE('',#7263,#1661);
#1134=LINE('',#7265,#1662);
#1135=LINE('',#7267,#1663);
#1136=LINE('',#7269,#1664);
#1137=LINE('',#7270,#1665);
#1138=LINE('',#7273,#1666);
#1139=LINE('',#7275,#1667);
#1140=LINE('',#7277,#1668);
#1141=LINE('',#7278,#1669);
#1142=LINE('',#7336,#1670);
#1143=LINE('',#7338,#1671);
#1144=LINE('',#7340,#1672);
#1145=LINE('',#7341,#1673);
#1146=LINE('',#7344,#1674);
#1147=LINE('',#7348,#1675);
#1148=LINE('',#7355,#1676);
#1149=LINE('',#7357,#1677);
#1150=LINE('',#7358,#1678);
#1151=LINE('',#7361,#1679);
#1152=LINE('',#7365,#1680);
#1153=LINE('',#7366,#1681);
#1154=LINE('',#7371,#1682);
#1155=LINE('',#7374,#1683);
#1156=LINE('',#7377,#1684);
#1157=LINE('',#7378,#1685);
#1158=LINE('',#7381,#1686);
#1159=LINE('',#7384,#1687);
#1160=LINE('',#7388,#1688);
#1161=LINE('',#7390,#1689);
#1162=LINE('',#7392,#1690);
#1163=LINE('',#7393,#1691);
#1164=LINE('',#7396,#1692);
#1165=LINE('',#7398,#1693);
#1166=LINE('',#7399,#1694);
#1167=LINE('',#7402,#1695);
#1168=LINE('',#7404,#1696);
#1169=LINE('',#7405,#1697);
#1170=LINE('',#7407,#1698);
#1171=LINE('',#7408,#1699);
#1172=LINE('',#7411,#1700);
#1173=LINE('',#7413,#1701);
#1174=LINE('',#7414,#1702);
#1175=LINE('',#7417,#1703);
#1176=LINE('',#7418,#1704);
#1177=LINE('',#7422,#1705);
#1178=LINE('',#7424,#1706);
#1179=LINE('',#7426,#1707);
#1180=LINE('',#7427,#1708);
#1181=LINE('',#7431,#1709);
#1182=LINE('',#7432,#1710);
#1183=LINE('',#7434,#1711);
#1184=LINE('',#7435,#1712);
#1185=LINE('',#7438,#1713);
#1186=LINE('',#7440,#1714);
#1187=LINE('',#7442,#1715);
#1188=LINE('',#7444,#1716);
#1189=LINE('',#7445,#1717);
#1190=LINE('',#7447,#1718);
#1191=LINE('',#7448,#1719);
#1192=LINE('',#7451,#1720);
#1193=LINE('',#7453,#1721);
#1194=LINE('',#7455,#1722);
#1195=LINE('',#7456,#1723);
#1196=LINE('',#7458,#1724);
#1197=LINE('',#7461,#1725);
#1198=LINE('',#7463,#1726);
#1199=LINE('',#7464,#1727);
#1200=LINE('',#7466,#1728);
#1201=LINE('',#7468,#1729);
#1202=LINE('',#7472,#1730);
#1203=LINE('',#7473,#1731);
#1204=LINE('',#7474,#1732);
#1205=LINE('',#7477,#1733);
#1206=LINE('',#7478,#1734);
#1207=LINE('',#7479,#1735);
#1208=LINE('',#7482,#1736);
#1209=LINE('',#7483,#1737);
#1210=LINE('',#7486,#1738);
#1211=LINE('',#7487,#1739);
#1212=LINE('',#7490,#1740);
#1213=LINE('',#7491,#1741);
#1214=LINE('',#7494,#1742);
#1215=LINE('',#7495,#1743);
#1216=LINE('',#7499,#1744);
#1217=LINE('',#7501,#1745);
#1218=LINE('',#7503,#1746);
#1219=LINE('',#7504,#1747);
#1220=LINE('',#7510,#1748);
#1221=LINE('',#7512,#1749);
#1222=LINE('',#7514,#1750);
#1223=LINE('',#7515,#1751);
#1224=LINE('',#7521,#1752);
#1225=LINE('',#7523,#1753);
#1226=LINE('',#7525,#1754);
#1227=LINE('',#7526,#1755);
#1228=LINE('',#7531,#1756);
#1229=LINE('',#7533,#1757);
#1230=LINE('',#7534,#1758);
#1231=LINE('',#7537,#1759);
#1232=LINE('',#7538,#1760);
#1233=LINE('',#7541,#1761);
#1234=LINE('',#7542,#1762);
#1235=LINE('',#7546,#1763);
#1236=LINE('',#7549,#1764);
#1237=LINE('',#7551,#1765);
#1238=LINE('',#7553,#1766);
#1239=LINE('',#7555,#1767);
#1240=LINE('',#7557,#1768);
#1241=LINE('',#7559,#1769);
#1242=LINE('',#7560,#1770);
#1243=LINE('',#7561,#1771);
#1244=LINE('',#7562,#1772);
#1245=LINE('',#7566,#1773);
#1246=LINE('',#7568,#1774);
#1247=LINE('',#7570,#1775);
#1248=LINE('',#7571,#1776);
#1249=LINE('',#7575,#1777);
#1250=LINE('',#7576,#1778);
#1251=LINE('',#7577,#1779);
#1252=LINE('',#7580,#1780);
#1253=LINE('',#7581,#1781);
#1254=LINE('',#7587,#1782);
#1255=LINE('',#7590,#1783);
#1256=LINE('',#7591,#1784);
#1257=LINE('',#7593,#1785);
#1258=LINE('',#7594,#1786);
#1259=LINE('',#7596,#1787);
#1260=LINE('',#7597,#1788);
#1261=LINE('',#7599,#1789);
#1262=LINE('',#7601,#1790);
#1263=LINE('',#7603,#1791);
#1264=LINE('',#7605,#1792);
#1265=LINE('',#7607,#1793);
#1266=LINE('',#7608,#1794);
#1267=LINE('',#7611,#1795);
#1268=LINE('',#7612,#1796);
#1269=LINE('',#7615,#1797);
#1270=LINE('',#7619,#1798);
#1271=LINE('',#7620,#1799);
#1272=LINE('',#7624,#1800);
#1273=LINE('',#7625,#1801);
#1274=LINE('',#7629,#1802);
#1275=LINE('',#7633,#1803);
#1276=LINE('',#7634,#1804);
#1277=LINE('',#7636,#1805);
#1278=LINE('',#7638,#1806);
#1279=LINE('',#7641,#1807);
#1280=LINE('',#7643,#1808);
#1281=LINE('',#7645,#1809);
#1282=LINE('',#7646,#1810);
#1283=LINE('',#7648,#1811);
#1284=LINE('',#7649,#1812);
#1285=LINE('',#7653,#1813);
#1286=LINE('',#7657,#1814);
#1287=LINE('',#7659,#1815);
#1288=LINE('',#7660,#1816);
#1289=LINE('',#7663,#1817);
#1290=LINE('',#7664,#1818);
#1291=LINE('',#7667,#1819);
#1292=LINE('',#7668,#1820);
#1293=LINE('',#7670,#1821);
#1294=LINE('',#7674,#1822);
#1295=LINE('',#7676,#1823);
#1296=LINE('',#7678,#1824);
#1297=LINE('',#7679,#1825);
#1298=LINE('',#7681,#1826);
#1299=LINE('',#7682,#1827);
#1300=LINE('',#7684,#1828);
#1301=LINE('',#7686,#1829);
#1302=LINE('',#7691,#1830);
#1303=LINE('',#7692,#1831);
#1304=LINE('',#7694,#1832);
#1305=LINE('',#7699,#1833);
#1306=LINE('',#7701,#1834);
#1307=LINE('',#7703,#1835);
#1308=LINE('',#7704,#1836);
#1309=LINE('',#7707,#1837);
#1310=LINE('',#7709,#1838);
#1311=LINE('',#7710,#1839);
#1312=LINE('',#7713,#1840);
#1313=LINE('',#7715,#1841);
#1314=LINE('',#7716,#1842);
#1315=LINE('',#7718,#1843);
#1316=LINE('',#7719,#1844);
#1317=LINE('',#7722,#1845);
#1318=LINE('',#7724,#1846);
#1319=LINE('',#7725,#1847);
#1320=LINE('',#7728,#1848);
#1321=LINE('',#7729,#1849);
#1322=LINE('',#7734,#1850);
#1323=LINE('',#7736,#1851);
#1324=LINE('',#7738,#1852);
#1325=LINE('',#7739,#1853);
#1326=LINE('',#7742,#1854);
#1327=LINE('',#7744,#1855);
#1328=LINE('',#7745,#1856);
#1329=LINE('',#7748,#1857);
#1330=LINE('',#7750,#1858);
#1331=LINE('',#7751,#1859);
#1332=LINE('',#7753,#1860);
#1333=LINE('',#7754,#1861);
#1334=LINE('',#7757,#1862);
#1335=LINE('',#7758,#1863);
#1336=LINE('',#7760,#1864);
#1337=LINE('',#7829,#1865);
#1338=LINE('',#7831,#1866);
#1339=LINE('',#7833,#1867);
#1340=LINE('',#7835,#1868);
#1341=LINE('',#7836,#1869);
#1342=LINE('',#7847,#1870);
#1343=LINE('',#7906,#1871);
#1344=LINE('',#7908,#1872);
#1345=LINE('',#7909,#1873);
#1346=LINE('',#7914,#1874);
#1347=LINE('',#7916,#1875);
#1348=LINE('',#7918,#1876);
#1349=LINE('',#7919,#1877);
#1350=LINE('',#7922,#1878);
#1351=LINE('',#7924,#1879);
#1352=LINE('',#7926,#1880);
#1353=LINE('',#7927,#1881);
#1354=LINE('',#7931,#1882);
#1355=LINE('',#7933,#1883);
#1356=LINE('',#7935,#1884);
#1357=LINE('',#7936,#1885);
#1358=LINE('',#7939,#1886);
#1359=LINE('',#7941,#1887);
#1360=LINE('',#7942,#1888);
#1361=LINE('',#7945,#1889);
#1362=LINE('',#7947,#1890);
#1363=LINE('',#7948,#1891);
#1364=LINE('',#7952,#1892);
#1365=LINE('',#7954,#1893);
#1366=LINE('',#7956,#1894);
#1367=LINE('',#7958,#1895);
#1368=LINE('',#7959,#1896);
#1369=LINE('',#7968,#1897);
#1370=LINE('',#7971,#1898);
#1371=LINE('',#7973,#1899);
#1372=LINE('',#7975,#1900);
#1373=LINE('',#7976,#1901);
#1374=LINE('',#7979,#1902);
#1375=LINE('',#7981,#1903);
#1376=LINE('',#7982,#1904);
#1377=LINE('',#7984,#1905);
#1378=LINE('',#7985,#1906);
#1379=LINE('',#7987,#1907);
#1380=LINE('',#7990,#1908);
#1381=LINE('',#7991,#1909);
#1382=LINE('',#7993,#1910);
#1383=LINE('',#7994,#1911);
#1384=LINE('',#7996,#1912);
#1385=LINE('',#8002,#1913);
#1386=LINE('',#8004,#1914);
#1387=LINE('',#8006,#1915);
#1388=LINE('',#8007,#1916);
#1389=LINE('',#8016,#1917);
#1390=LINE('',#8020,#1918);
#1391=LINE('',#8021,#1919);
#1392=LINE('',#8022,#1920);
#1393=LINE('',#8025,#1921);
#1394=LINE('',#8026,#1922);
#1395=LINE('',#8028,#1923);
#1396=LINE('',#8030,#1924);
#1397=LINE('',#8032,#1925);
#1398=LINE('',#8034,#1926);
#1399=LINE('',#8035,#1927);
#1400=LINE('',#8038,#1928);
#1401=LINE('',#8040,#1929);
#1402=LINE('',#8042,#1930);
#1403=LINE('',#8043,#1931);
#1404=LINE('',#8046,#1932);
#1405=LINE('',#8048,#1933);
#1406=LINE('',#8049,#1934);
#1407=LINE('',#8058,#1935);
#1408=LINE('',#8061,#1936);
#1409=LINE('',#8063,#1937);
#1410=LINE('',#8064,#1938);
#1411=LINE('',#8066,#1939);
#1412=LINE('',#8069,#1940);
#1413=LINE('',#8071,#1941);
#1414=LINE('',#8073,#1942);
#1415=LINE('',#8074,#1943);
#1416=LINE('',#8077,#1944);
#1417=LINE('',#8079,#1945);
#1418=LINE('',#8080,#1946);
#1419=LINE('',#8089,#1947);
#1420=LINE('',#8092,#1948);
#1421=LINE('',#8093,#1949);
#1422=LINE('',#8096,#1950);
#1423=LINE('',#8097,#1951);
#1424=LINE('',#8100,#1952);
#1425=LINE('',#8102,#1953);
#1426=LINE('',#8103,#1954);
#1427=LINE('',#8106,#1955);
#1428=LINE('',#8108,#1956);
#1429=LINE('',#8110,#1957);
#1430=LINE('',#8111,#1958);
#1431=LINE('',#8120,#1959);
#1432=LINE('',#8123,#1960);
#1433=LINE('',#8125,#1961);
#1434=LINE('',#8126,#1962);
#1435=LINE('',#8128,#1963);
#1436=LINE('',#8130,#1964);
#1437=LINE('',#8133,#1965);
#1438=LINE('',#8135,#1966);
#1439=LINE('',#8137,#1967);
#1440=LINE('',#8139,#1968);
#1441=LINE('',#8142,#1969);
#1442=LINE('',#8144,#1970);
#1443=LINE('',#8145,#1971);
#1444=LINE('',#8148,#1972);
#1445=LINE('',#8149,#1973);
#1446=LINE('',#8152,#1974);
#1447=LINE('',#8153,#1975);
#1448=LINE('',#8155,#1976);
#1449=LINE('',#8158,#1977);
#1450=LINE('',#8160,#1978);
#1451=LINE('',#8161,#1979);
#1452=LINE('',#8164,#1980);
#1453=LINE('',#8165,#1981);
#1454=LINE('',#8169,#1982);
#1455=LINE('',#8171,#1983);
#1456=LINE('',#8173,#1984);
#1457=LINE('',#8174,#1985);
#1458=LINE('',#8178,#1986);
#1459=LINE('',#8180,#1987);
#1460=LINE('',#8182,#1988);
#1461=LINE('',#8183,#1989);
#1462=LINE('',#8186,#1990);
#1463=LINE('',#8188,#1991);
#1464=LINE('',#8189,#1992);
#1465=LINE('',#8193,#1993);
#1466=LINE('',#8195,#1994);
#1467=LINE('',#8197,#1995);
#1468=LINE('',#8198,#1996);
#1469=LINE('',#8201,#1997);
#1470=LINE('',#8203,#1998);
#1471=LINE('',#8205,#1999);
#1472=LINE('',#8206,#2000);
#1473=LINE('',#8207,#2001);
#1474=LINE('',#8210,#2002);
#1475=LINE('',#8212,#2003);
#1476=LINE('',#8214,#2004);
#1477=LINE('',#8215,#2005);
#1478=LINE('',#8217,#2006);
#1479=LINE('',#8218,#2007);
#1480=LINE('',#8220,#2008);
#1481=LINE('',#8222,#2009);
#1482=LINE('',#8226,#2010);
#1483=LINE('',#8227,#2011);
#1484=LINE('',#8230,#2012);
#1485=LINE('',#8231,#2013);
#1486=LINE('',#8234,#2014);
#1487=LINE('',#8235,#2015);
#1488=LINE('',#8237,#2016);
#1489=LINE('',#8239,#2017);
#1490=LINE('',#8241,#2018);
#1491=LINE('',#8242,#2019);
#1492=LINE('',#8244,#2020);
#1493=VECTOR('',#5379,1.);
#1494=VECTOR('',#5380,1.);
#1495=VECTOR('',#5381,1.);
#1496=VECTOR('',#5382,1.);
#1497=VECTOR('',#5385,1.);
#1498=VECTOR('',#5386,1.);
#1499=VECTOR('',#5387,1.);
#1500=VECTOR('',#5390,1.);
#1501=VECTOR('',#5391,1.);
#1502=VECTOR('',#5392,1.);
#1503=VECTOR('',#5395,1.);
#1504=VECTOR('',#5396,1.);
#1505=VECTOR('',#5401,1.250002540005);
#1506=VECTOR('',#5408,1.250002540005);
#1507=VECTOR('',#5415,0.457200914402);
#1508=VECTOR('',#5422,0.457200914402);
#1509=VECTOR('',#5429,0.457200914402);
#1510=VECTOR('',#5436,0.457200914402);
#1511=VECTOR('',#5443,0.6);
#1512=VECTOR('',#5450,0.6);
#1513=VECTOR('',#5457,0.6);
#1514=VECTOR('',#5464,0.6);
#1515=VECTOR('',#5471,0.6);
#1516=VECTOR('',#5478,0.6);
#1517=VECTOR('',#5485,0.6);
#1518=VECTOR('',#5492,0.524993649987);
#1519=VECTOR('',#5499,0.524993649987);
#1520=VECTOR('',#5506,0.524993649987);
#1521=VECTOR('',#5513,0.524993649987);
#1522=VECTOR('',#5520,0.524993649987);
#1523=VECTOR('',#5527,0.524993649987);
#1524=VECTOR('',#5534,0.524993649987);
#1525=VECTOR('',#5541,0.524993649987);
#1526=VECTOR('',#5548,1.250002540005);
#1527=VECTOR('',#5555,1.250002540005);
#1528=VECTOR('',#5562,0.457200914402);
#1529=VECTOR('',#5569,0.457200914402);
#1530=VECTOR('',#5576,0.524993649987);
#1531=VECTOR('',#5583,0.524993649987);
#1532=VECTOR('',#5590,0.524993649987);
#1533=VECTOR('',#5597,0.524993649987);
#1534=VECTOR('',#5608,10.);
#1535=VECTOR('',#5609,10.);
#1536=VECTOR('',#5610,10.);
#1537=VECTOR('',#5611,10.);
#1538=VECTOR('',#5614,10.);
#1539=VECTOR('',#5615,10.);
#1540=VECTOR('',#5616,10.);
#1541=VECTOR('',#5619,10.);
#1542=VECTOR('',#5620,10.);
#1543=VECTOR('',#5621,10.);
#1544=VECTOR('',#5624,10.);
#1545=VECTOR('',#5625,10.);
#1546=VECTOR('',#5630,10.);
#1547=VECTOR('',#5631,10.);
#1548=VECTOR('',#5632,10.);
#1549=VECTOR('',#5633,10.);
#1550=VECTOR('',#5636,10.);
#1551=VECTOR('',#5637,10.);
#1552=VECTOR('',#5638,10.);
#1553=VECTOR('',#5641,10.);
#1554=VECTOR('',#5642,10.);
#1555=VECTOR('',#5643,10.);
#1556=VECTOR('',#5646,10.);
#1557=VECTOR('',#5647,10.);
#1558=VECTOR('',#5656,10.);
#1559=VECTOR('',#5657,10.);
#1560=VECTOR('',#5658,10.);
#1561=VECTOR('',#5659,10.);
#1562=VECTOR('',#5662,10.);
#1563=VECTOR('',#5663,10.);
#1564=VECTOR('',#5664,10.);
#1565=VECTOR('',#5667,10.);
#1566=VECTOR('',#5668,10.);
#1567=VECTOR('',#5669,10.);
#1568=VECTOR('',#5672,10.);
#1569=VECTOR('',#5673,10.);
#1570=VECTOR('',#5678,10.);
#1571=VECTOR('',#5679,10.);
#1572=VECTOR('',#5680,10.);
#1573=VECTOR('',#5681,10.);
#1574=VECTOR('',#5684,10.);
#1575=VECTOR('',#5685,10.);
#1576=VECTOR('',#5686,10.);
#1577=VECTOR('',#5689,10.);
#1578=VECTOR('',#5690,10.);
#1579=VECTOR('',#5691,10.);
#1580=VECTOR('',#5694,10.);
#1581=VECTOR('',#5695,10.);
#1582=VECTOR('',#5704,10.);
#1583=VECTOR('',#5705,10.);
#1584=VECTOR('',#5706,10.);
#1585=VECTOR('',#5707,10.);
#1586=VECTOR('',#5710,10.);
#1587=VECTOR('',#5711,10.);
#1588=VECTOR('',#5712,10.);
#1589=VECTOR('',#5715,10.);
#1590=VECTOR('',#5716,10.);
#1591=VECTOR('',#5717,10.);
#1592=VECTOR('',#5720,10.);
#1593=VECTOR('',#5721,10.);
#1594=VECTOR('',#5728,10.);
#1595=VECTOR('',#5729,10.);
#1596=VECTOR('',#5730,10.);
#1597=VECTOR('',#5731,10.);
#1598=VECTOR('',#5734,10.);
#1599=VECTOR('',#5735,10.);
#1600=VECTOR('',#5736,10.);
#1601=VECTOR('',#5739,10.);
#1602=VECTOR('',#5740,10.);
#1603=VECTOR('',#5741,10.);
#1604=VECTOR('',#5744,10.);
#1605=VECTOR('',#5745,10.);
#1606=VECTOR('',#5754,10.);
#1607=VECTOR('',#5757,10.);
#1608=VECTOR('',#5762,10.);
#1609=VECTOR('',#5765,10.);
#1610=VECTOR('',#5768,10.);
#1611=VECTOR('',#5771,10.);
#1612=VECTOR('',#5774,10.);
#1613=VECTOR('',#5777,10.);
#1614=VECTOR('',#5780,10.);
#1615=VECTOR('',#5783,10.);
#1616=VECTOR('',#5786,10.);
#1617=VECTOR('',#5789,10.);
#1618=VECTOR('',#5792,10.);
#1619=VECTOR('',#5795,10.);
#1620=VECTOR('',#5798,10.);
#1621=VECTOR('',#5799,10.);
#1622=VECTOR('',#5804,10.);
#1623=VECTOR('',#5805,10.);
#1624=VECTOR('',#5810,10.);
#1625=VECTOR('',#5811,10.);
#1626=VECTOR('',#5816,10.);
#1627=VECTOR('',#5817,10.);
#1628=VECTOR('',#5822,10.);
#1629=VECTOR('',#5823,10.);
#1630=VECTOR('',#5826,10.);
#1631=VECTOR('',#5827,10.);
#1632=VECTOR('',#5828,10.);
#1633=VECTOR('',#5831,10.);
#1634=VECTOR('',#5832,10.);
#1635=VECTOR('',#5835,10.);
#1636=VECTOR('',#5836,10.);
#1637=VECTOR('',#5839,10.);
#1638=VECTOR('',#5840,10.);
#1639=VECTOR('',#5843,10.);
#1640=VECTOR('',#5844,10.);
#1641=VECTOR('',#5847,10.);
#1642=VECTOR('',#5848,10.);
#1643=VECTOR('',#5863,2.);
#1644=VECTOR('',#5880,2.);
#1645=VECTOR('',#5887,10.);
#1646=VECTOR('',#5888,10.);
#1647=VECTOR('',#5891,10.);
#1648=VECTOR('',#5892,10.);
#1649=VECTOR('',#5895,10.);
#1650=VECTOR('',#5896,10.);
#1651=VECTOR('',#5899,10.);
#1652=VECTOR('',#5900,10.);
#1653=VECTOR('',#5903,10.);
#1654=VECTOR('',#5904,10.);
#1655=VECTOR('',#5907,10.);
#1656=VECTOR('',#5910,10.);
#1657=VECTOR('',#5911,10.);
#1658=VECTOR('',#5912,10.);
#1659=VECTOR('',#5913,10.);
#1660=VECTOR('',#5914,10.);
#1661=VECTOR('',#5919,10.);
#1662=VECTOR('',#5920,10.);
#1663=VECTOR('',#5921,10.);
#1664=VECTOR('',#5922,10.);
#1665=VECTOR('',#5923,10.);
#1666=VECTOR('',#5924,10.);
#1667=VECTOR('',#5925,10.);
#1668=VECTOR('',#5926,10.);
#1669=VECTOR('',#5927,10.);
#1670=VECTOR('',#5930,10.);
#1671=VECTOR('',#5931,10.);
#1672=VECTOR('',#5932,10.);
#1673=VECTOR('',#5933,10.);
#1674=VECTOR('',#5934,10.);
#1675=VECTOR('',#5937,10.);
#1676=VECTOR('',#5948,10.);
#1677=VECTOR('',#5949,10.);
#1678=VECTOR('',#5950,10.);
#1679=VECTOR('',#5953,10.);
#1680=VECTOR('',#5958,10.);
#1681=VECTOR('',#5959,10.);
#1682=VECTOR('',#5966,10.);
#1683=VECTOR('',#5969,10.);
#1684=VECTOR('',#5972,10.);
#1685=VECTOR('',#5973,10.);
#1686=VECTOR('',#5976,10.);
#1687=VECTOR('',#5981,10.);
#1688=VECTOR('',#5984,10.);
#1689=VECTOR('',#5985,10.);
#1690=VECTOR('',#5986,10.);
#1691=VECTOR('',#5987,10.);
#1692=VECTOR('',#5990,10.);
#1693=VECTOR('',#5991,10.);
#1694=VECTOR('',#5992,10.);
#1695=VECTOR('',#5995,10.);
#1696=VECTOR('',#5996,10.);
#1697=VECTOR('',#5997,10.);
#1698=VECTOR('',#6000,10.);
#1699=VECTOR('',#6001,10.);
#1700=VECTOR('',#6004,10.);
#1701=VECTOR('',#6005,10.);
#1702=VECTOR('',#6006,10.);
#1703=VECTOR('',#6009,10.);
#1704=VECTOR('',#6010,10.);
#1705=VECTOR('',#6013,10.);
#1706=VECTOR('',#6014,10.);
#1707=VECTOR('',#6015,10.);
#1708=VECTOR('',#6016,10.);
#1709=VECTOR('',#6019,10.);
#1710=VECTOR('',#6020,10.);
#1711=VECTOR('',#6021,10.);
#1712=VECTOR('',#6022,10.);
#1713=VECTOR('',#6025,10.);
#1714=VECTOR('',#6026,10.);
#1715=VECTOR('',#6027,10.);
#1716=VECTOR('',#6028,10.);
#1717=VECTOR('',#6029,10.);
#1718=VECTOR('',#6030,10.);
#1719=VECTOR('',#6031,10.);
#1720=VECTOR('',#6032,10.);
#1721=VECTOR('',#6033,10.);
#1722=VECTOR('',#6034,10.);
#1723=VECTOR('',#6035,10.);
#1724=VECTOR('',#6038,10.);
#1725=VECTOR('',#6041,10.);
#1726=VECTOR('',#6042,10.);
#1727=VECTOR('',#6043,10.);
#1728=VECTOR('',#6046,10.);
#1729=VECTOR('',#6049,10.);
#1730=VECTOR('',#6052,10.);
#1731=VECTOR('',#6053,10.);
#1732=VECTOR('',#6054,10.);
#1733=VECTOR('',#6057,10.);
#1734=VECTOR('',#6058,10.);
#1735=VECTOR('',#6059,10.);
#1736=VECTOR('',#6062,10.);
#1737=VECTOR('',#6063,10.);
#1738=VECTOR('',#6066,10.);
#1739=VECTOR('',#6067,10.);
#1740=VECTOR('',#6070,10.);
#1741=VECTOR('',#6071,10.);
#1742=VECTOR('',#6076,10.);
#1743=VECTOR('',#6077,10.);
#1744=VECTOR('',#6080,10.);
#1745=VECTOR('',#6081,10.);
#1746=VECTOR('',#6082,10.);
#1747=VECTOR('',#6083,10.);
#1748=VECTOR('',#6088,10.);
#1749=VECTOR('',#6089,10.);
#1750=VECTOR('',#6090,10.);
#1751=VECTOR('',#6091,10.);
#1752=VECTOR('',#6096,10.);
#1753=VECTOR('',#6097,10.);
#1754=VECTOR('',#6098,10.);
#1755=VECTOR('',#6099,10.);
#1756=VECTOR('',#6104,10.);
#1757=VECTOR('',#6105,10.);
#1758=VECTOR('',#6106,10.);
#1759=VECTOR('',#6109,10.);
#1760=VECTOR('',#6110,10.);
#1761=VECTOR('',#6113,10.);
#1762=VECTOR('',#6114,10.);
#1763=VECTOR('',#6119,1.5);
#1764=VECTOR('',#6122,10.);
#1765=VECTOR('',#6123,10.);
#1766=VECTOR('',#6124,10.);
#1767=VECTOR('',#6125,10.);
#1768=VECTOR('',#6126,10.);
#1769=VECTOR('',#6127,10.);
#1770=VECTOR('',#6128,10.);
#1771=VECTOR('',#6129,10.);
#1772=VECTOR('',#6130,10.);
#1773=VECTOR('',#6133,10.);
#1774=VECTOR('',#6134,10.);
#1775=VECTOR('',#6135,10.);
#1776=VECTOR('',#6136,10.);
#1777=VECTOR('',#6139,10.);
#1778=VECTOR('',#6140,10.);
#1779=VECTOR('',#6141,10.);
#1780=VECTOR('',#6144,10.);
#1781=VECTOR('',#6145,10.);
#1782=VECTOR('',#6152,1.5);
#1783=VECTOR('',#6155,10.);
#1784=VECTOR('',#6156,10.);
#1785=VECTOR('',#6157,10.);
#1786=VECTOR('',#6158,10.);
#1787=VECTOR('',#6161,10.);
#1788=VECTOR('',#6162,10.);
#1789=VECTOR('',#6163,10.);
#1790=VECTOR('',#6164,10.);
#1791=VECTOR('',#6165,10.);
#1792=VECTOR('',#6166,10.);
#1793=VECTOR('',#6167,10.);
#1794=VECTOR('',#6168,10.);
#1795=VECTOR('',#6171,10.);
#1796=VECTOR('',#6172,10.);
#1797=VECTOR('',#6175,1.5);
#1798=VECTOR('',#6180,10.);
#1799=VECTOR('',#6181,10.);
#1800=VECTOR('',#6186,10.);
#1801=VECTOR('',#6187,10.);
#1802=VECTOR('',#6192,1.5);
#1803=VECTOR('',#6197,10.);
#1804=VECTOR('',#6198,10.);
#1805=VECTOR('',#6201,10.);
#1806=VECTOR('',#6204,10.);
#1807=VECTOR('',#6205,10.);
#1808=VECTOR('',#6206,10.);
#1809=VECTOR('',#6207,10.);
#1810=VECTOR('',#6208,10.);
#1811=VECTOR('',#6211,10.);
#1812=VECTOR('',#6212,10.);
#1813=VECTOR('',#6219,10.);
#1814=VECTOR('',#6224,10.);
#1815=VECTOR('',#6225,10.);
#1816=VECTOR('',#6226,10.);
#1817=VECTOR('',#6229,10.);
#1818=VECTOR('',#6230,10.);
#1819=VECTOR('',#6233,10.);
#1820=VECTOR('',#6234,10.);
#1821=VECTOR('',#6237,10.);
#1822=VECTOR('',#6240,10.);
#1823=VECTOR('',#6241,10.);
#1824=VECTOR('',#6242,10.);
#1825=VECTOR('',#6243,10.);
#1826=VECTOR('',#6246,10.);
#1827=VECTOR('',#6247,10.);
#1828=VECTOR('',#6250,10.);
#1829=VECTOR('',#6253,10.);
#1830=VECTOR('',#6260,10.);
#1831=VECTOR('',#6261,10.);
#1832=VECTOR('',#6264,10.);
#1833=VECTOR('',#6269,10.);
#1834=VECTOR('',#6270,10.);
#1835=VECTOR('',#6271,10.);
#1836=VECTOR('',#6272,10.);
#1837=VECTOR('',#6275,10.);
#1838=VECTOR('',#6276,10.);
#1839=VECTOR('',#6277,10.);
#1840=VECTOR('',#6280,10.);
#1841=VECTOR('',#6281,10.);
#1842=VECTOR('',#6282,10.);
#1843=VECTOR('',#6285,10.);
#1844=VECTOR('',#6286,10.);
#1845=VECTOR('',#6289,10.);
#1846=VECTOR('',#6290,10.);
#1847=VECTOR('',#6291,10.);
#1848=VECTOR('',#6294,10.);
#1849=VECTOR('',#6295,10.);
#1850=VECTOR('',#6300,10.);
#1851=VECTOR('',#6301,10.);
#1852=VECTOR('',#6302,10.);
#1853=VECTOR('',#6303,10.);
#1854=VECTOR('',#6306,10.);
#1855=VECTOR('',#6307,10.);
#1856=VECTOR('',#6308,10.);
#1857=VECTOR('',#6311,10.);
#1858=VECTOR('',#6312,10.);
#1859=VECTOR('',#6313,10.);
#1860=VECTOR('',#6316,10.);
#1861=VECTOR('',#6317,10.);
#1862=VECTOR('',#6320,10.);
#1863=VECTOR('',#6321,10.);
#1864=VECTOR('',#6324,10.);
#1865=VECTOR('',#6331,10.);
#1866=VECTOR('',#6332,10.);
#1867=VECTOR('',#6333,10.);
#1868=VECTOR('',#6334,10.);
#1869=VECTOR('',#6335,10.);
#1870=VECTOR('',#6340,10.);
#1871=VECTOR('',#6343,10.);
#1872=VECTOR('',#6344,10.);
#1873=VECTOR('',#6345,10.);
#1874=VECTOR('',#6352,10.);
#1875=VECTOR('',#6353,10.);
#1876=VECTOR('',#6354,10.);
#1877=VECTOR('',#6355,10.);
#1878=VECTOR('',#6356,10.);
#1879=VECTOR('',#6357,10.);
#1880=VECTOR('',#6358,10.);
#1881=VECTOR('',#6359,10.);
#1882=VECTOR('',#6362,10.);
#1883=VECTOR('',#6363,10.);
#1884=VECTOR('',#6364,10.);
#1885=VECTOR('',#6365,10.);
#1886=VECTOR('',#6368,10.);
#1887=VECTOR('',#6369,10.);
#1888=VECTOR('',#6370,10.);
#1889=VECTOR('',#6373,10.);
#1890=VECTOR('',#6374,10.);
#1891=VECTOR('',#6375,10.);
#1892=VECTOR('',#6378,10.);
#1893=VECTOR('',#6379,10.);
#1894=VECTOR('',#6380,10.);
#1895=VECTOR('',#6381,10.);
#1896=VECTOR('',#6382,10.);
#1897=VECTOR('',#6391,10.);
#1898=VECTOR('',#6394,10.);
#1899=VECTOR('',#6395,10.);
#1900=VECTOR('',#6396,10.);
#1901=VECTOR('',#6397,10.);
#1902=VECTOR('',#6400,10.);
#1903=VECTOR('',#6401,10.);
#1904=VECTOR('',#6402,10.);
#1905=VECTOR('',#6405,10.);
#1906=VECTOR('',#6406,10.);
#1907=VECTOR('',#6409,10.);
#1908=VECTOR('',#6412,10.);
#1909=VECTOR('',#6413,10.);
#1910=VECTOR('',#6416,10.);
#1911=VECTOR('',#6417,10.);
#1912=VECTOR('',#6420,10.);
#1913=VECTOR('',#6427,10.);
#1914=VECTOR('',#6428,10.);
#1915=VECTOR('',#6429,10.);
#1916=VECTOR('',#6430,10.);
#1917=VECTOR('',#6441,1.25);
#1918=VECTOR('',#6444,10.);
#1919=VECTOR('',#6445,10.);
#1920=VECTOR('',#6446,10.);
#1921=VECTOR('',#6449,10.);
#1922=VECTOR('',#6450,10.);
#1923=VECTOR('',#6453,10.);
#1924=VECTOR('',#6454,10.);
#1925=VECTOR('',#6455,10.);
#1926=VECTOR('',#6456,10.);
#1927=VECTOR('',#6457,10.);
#1928=VECTOR('',#6460,10.);
#1929=VECTOR('',#6461,10.);
#1930=VECTOR('',#6462,10.);
#1931=VECTOR('',#6463,10.);
#1932=VECTOR('',#6466,10.);
#1933=VECTOR('',#6467,10.);
#1934=VECTOR('',#6468,10.);
#1935=VECTOR('',#6479,1.25);
#1936=VECTOR('',#6482,10.);
#1937=VECTOR('',#6483,10.);
#1938=VECTOR('',#6484,10.);
#1939=VECTOR('',#6487,10.);
#1940=VECTOR('',#6490,10.);
#1941=VECTOR('',#6491,10.);
#1942=VECTOR('',#6492,10.);
#1943=VECTOR('',#6493,10.);
#1944=VECTOR('',#6496,10.);
#1945=VECTOR('',#6497,10.);
#1946=VECTOR('',#6498,10.);
#1947=VECTOR('',#6509,1.25);
#1948=VECTOR('',#6512,10.);
#1949=VECTOR('',#6513,10.);
#1950=VECTOR('',#6516,10.);
#1951=VECTOR('',#6517,10.);
#1952=VECTOR('',#6520,10.);
#1953=VECTOR('',#6521,10.);
#1954=VECTOR('',#6522,10.);
#1955=VECTOR('',#6523,10.);
#1956=VECTOR('',#6524,10.);
#1957=VECTOR('',#6525,10.);
#1958=VECTOR('',#6526,10.);
#1959=VECTOR('',#6537,1.25);
#1960=VECTOR('',#6540,10.);
#1961=VECTOR('',#6541,10.);
#1962=VECTOR('',#6542,10.);
#1963=VECTOR('',#6545,10.);
#1964=VECTOR('',#6548,10.);
#1965=VECTOR('',#6553,2.25);
#1966=VECTOR('',#6556,2.25);
#1967=VECTOR('',#6559,2.25);
#1968=VECTOR('',#6562,2.25);
#1969=VECTOR('',#6565,10.);
#1970=VECTOR('',#6566,10.);
#1971=VECTOR('',#6567,10.);
#1972=VECTOR('',#6570,10.);
#1973=VECTOR('',#6571,10.);
#1974=VECTOR('',#6574,10.);
#1975=VECTOR('',#6575,10.);
#1976=VECTOR('',#6578,10.);
#1977=VECTOR('',#6581,10.);
#1978=VECTOR('',#6582,10.);
#1979=VECTOR('',#6583,10.);
#1980=VECTOR('',#6586,10.);
#1981=VECTOR('',#6587,10.);
#1982=VECTOR('',#6590,10.);
#1983=VECTOR('',#6591,10.);
#1984=VECTOR('',#6592,10.);
#1985=VECTOR('',#6593,10.);
#1986=VECTOR('',#6596,10.);
#1987=VECTOR('',#6597,10.);
#1988=VECTOR('',#6598,10.);
#1989=VECTOR('',#6599,10.);
#1990=VECTOR('',#6602,10.);
#1991=VECTOR('',#6603,10.);
#1992=VECTOR('',#6604,10.);
#1993=VECTOR('',#6607,10.);
#1994=VECTOR('',#6608,10.);
#1995=VECTOR('',#6609,10.);
#1996=VECTOR('',#6610,10.);
#1997=VECTOR('',#6613,10.);
#1998=VECTOR('',#6614,10.);
#1999=VECTOR('',#6615,10.);
#2000=VECTOR('',#6616,10.);
#2001=VECTOR('',#6617,10.);
#2002=VECTOR('',#6618,10.);
#2003=VECTOR('',#6619,10.);
#2004=VECTOR('',#6620,10.);
#2005=VECTOR('',#6621,10.);
#2006=VECTOR('',#6624,10.);
#2007=VECTOR('',#6625,10.);
#2008=VECTOR('',#6628,10.);
#2009=VECTOR('',#6631,10.);
#2010=VECTOR('',#6636,10.);
#2011=VECTOR('',#6637,10.);
#2012=VECTOR('',#6640,10.);
#2013=VECTOR('',#6641,10.);
#2014=VECTOR('',#6644,10.);
#2015=VECTOR('',#6645,10.);
#2016=VECTOR('',#6648,10.);
#2017=VECTOR('',#6651,10.);
#2018=VECTOR('',#6652,10.);
#2019=VECTOR('',#6653,10.);
#2020=VECTOR('',#6656,10.);
#2021=VERTEX_POINT('',#6674);
#2022=VERTEX_POINT('',#6675);
#2023=VERTEX_POINT('',#6677);
#2024=VERTEX_POINT('',#6679);
#2025=VERTEX_POINT('',#6683);
#2026=VERTEX_POINT('',#6685);
#2027=VERTEX_POINT('',#6689);
#2028=VERTEX_POINT('',#6691);
#2029=VERTEX_POINT('',#6698);
#2030=VERTEX_POINT('',#6700);
#2031=VERTEX_POINT('',#6704);
#2032=VERTEX_POINT('',#6706);
#2033=VERTEX_POINT('',#6710);
#2034=VERTEX_POINT('',#6712);
#2035=VERTEX_POINT('',#6716);
#2036=VERTEX_POINT('',#6718);
#2037=VERTEX_POINT('',#6722);
#2038=VERTEX_POINT('',#6724);
#2039=VERTEX_POINT('',#6728);
#2040=VERTEX_POINT('',#6730);
#2041=VERTEX_POINT('',#6734);
#2042=VERTEX_POINT('',#6736);
#2043=VERTEX_POINT('',#6740);
#2044=VERTEX_POINT('',#6742);
#2045=VERTEX_POINT('',#6746);
#2046=VERTEX_POINT('',#6748);
#2047=VERTEX_POINT('',#6752);
#2048=VERTEX_POINT('',#6754);
#2049=VERTEX_POINT('',#6758);
#2050=VERTEX_POINT('',#6760);
#2051=VERTEX_POINT('',#6764);
#2052=VERTEX_POINT('',#6766);
#2053=VERTEX_POINT('',#6770);
#2054=VERTEX_POINT('',#6772);
#2055=VERTEX_POINT('',#6776);
#2056=VERTEX_POINT('',#6778);
#2057=VERTEX_POINT('',#6782);
#2058=VERTEX_POINT('',#6784);
#2059=VERTEX_POINT('',#6788);
#2060=VERTEX_POINT('',#6790);
#2061=VERTEX_POINT('',#6794);
#2062=VERTEX_POINT('',#6796);
#2063=VERTEX_POINT('',#6800);
#2064=VERTEX_POINT('',#6802);
#2065=VERTEX_POINT('',#6806);
#2066=VERTEX_POINT('',#6808);
#2067=VERTEX_POINT('',#6812);
#2068=VERTEX_POINT('',#6814);
#2069=VERTEX_POINT('',#6818);
#2070=VERTEX_POINT('',#6820);
#2071=VERTEX_POINT('',#6824);
#2072=VERTEX_POINT('',#6826);
#2073=VERTEX_POINT('',#6830);
#2074=VERTEX_POINT('',#6832);
#2075=VERTEX_POINT('',#6836);
#2076=VERTEX_POINT('',#6838);
#2077=VERTEX_POINT('',#6842);
#2078=VERTEX_POINT('',#6844);
#2079=VERTEX_POINT('',#6848);
#2080=VERTEX_POINT('',#6850);
#2081=VERTEX_POINT('',#6854);
#2082=VERTEX_POINT('',#6856);
#2083=VERTEX_POINT('',#6860);
#2084=VERTEX_POINT('',#6862);
#2085=VERTEX_POINT('',#6866);
#2086=VERTEX_POINT('',#6868);
#2087=VERTEX_POINT('',#6875);
#2088=VERTEX_POINT('',#6876);
#2089=VERTEX_POINT('',#6878);
#2090=VERTEX_POINT('',#6880);
#2091=VERTEX_POINT('',#6884);
#2092=VERTEX_POINT('',#6886);
#2093=VERTEX_POINT('',#6890);
#2094=VERTEX_POINT('',#6892);
#2095=VERTEX_POINT('',#6900);
#2096=VERTEX_POINT('',#6901);
#2097=VERTEX_POINT('',#6903);
#2098=VERTEX_POINT('',#6905);
#2099=VERTEX_POINT('',#6909);
#2100=VERTEX_POINT('',#6911);
#2101=VERTEX_POINT('',#6915);
#2102=VERTEX_POINT('',#6917);
#2103=VERTEX_POINT('',#6927);
#2104=VERTEX_POINT('',#6928);
#2105=VERTEX_POINT('',#6930);
#2106=VERTEX_POINT('',#6932);
#2107=VERTEX_POINT('',#6936);
#2108=VERTEX_POINT('',#6938);
#2109=VERTEX_POINT('',#6942);
#2110=VERTEX_POINT('',#6944);
#2111=VERTEX_POINT('',#6952);
#2112=VERTEX_POINT('',#6953);
#2113=VERTEX_POINT('',#6955);
#2114=VERTEX_POINT('',#6957);
#2115=VERTEX_POINT('',#6961);
#2116=VERTEX_POINT('',#6963);
#2117=VERTEX_POINT('',#6967);
#2118=VERTEX_POINT('',#6969);
#2119=VERTEX_POINT('',#6979);
#2120=VERTEX_POINT('',#6980);
#2121=VERTEX_POINT('',#6982);
#2122=VERTEX_POINT('',#6984);
#2123=VERTEX_POINT('',#6988);
#2124=VERTEX_POINT('',#6990);
#2125=VERTEX_POINT('',#6994);
#2126=VERTEX_POINT('',#6996);
#2127=VERTEX_POINT('',#7005);
#2128=VERTEX_POINT('',#7006);
#2129=VERTEX_POINT('',#7008);
#2130=VERTEX_POINT('',#7010);
#2131=VERTEX_POINT('',#7014);
#2132=VERTEX_POINT('',#7016);
#2133=VERTEX_POINT('',#7020);
#2134=VERTEX_POINT('',#7022);
#2135=VERTEX_POINT('',#7032);
#2136=VERTEX_POINT('',#7033);
#2137=VERTEX_POINT('',#7035);
#2138=VERTEX_POINT('',#7037);
#2139=VERTEX_POINT('',#7041);
#2140=VERTEX_POINT('',#7043);
#2141=VERTEX_POINT('',#7047);
#2142=VERTEX_POINT('',#7049);
#2143=VERTEX_POINT('',#7053);
#2144=VERTEX_POINT('',#7055);
#2145=VERTEX_POINT('',#7059);
#2146=VERTEX_POINT('',#7061);
#2147=VERTEX_POINT('',#7065);
#2148=VERTEX_POINT('',#7067);
#2149=VERTEX_POINT('',#7071);
#2150=VERTEX_POINT('',#7073);
#2151=VERTEX_POINT('',#7077);
#2152=VERTEX_POINT('',#7079);
#2153=VERTEX_POINT('',#7083);
#2154=VERTEX_POINT('',#7085);
#2155=VERTEX_POINT('',#7089);
#2156=VERTEX_POINT('',#7091);
#2157=VERTEX_POINT('',#7095);
#2158=VERTEX_POINT('',#7097);
#2159=VERTEX_POINT('',#7104);
#2160=VERTEX_POINT('',#7106);
#2161=VERTEX_POINT('',#7110);
#2162=VERTEX_POINT('',#7114);
#2163=VERTEX_POINT('',#7118);
#2164=VERTEX_POINT('',#7122);
#2165=VERTEX_POINT('',#7126);
#2166=VERTEX_POINT('',#7131);
#2167=VERTEX_POINT('',#7133);
#2168=VERTEX_POINT('',#7135);
#2169=VERTEX_POINT('',#7139);
#2170=VERTEX_POINT('',#7144);
#2171=VERTEX_POINT('',#7146);
#2172=VERTEX_POINT('',#7148);
#2173=VERTEX_POINT('',#7152);
#2174=VERTEX_POINT('',#7157);
#2175=VERTEX_POINT('',#7161);
#2176=VERTEX_POINT('',#7165);
#2177=VERTEX_POINT('',#7169);
#2178=VERTEX_POINT('',#7173);
#2179=VERTEX_POINT('',#7206);
#2180=VERTEX_POINT('',#7207);
#2181=VERTEX_POINT('',#7214);
#2182=VERTEX_POINT('',#7228);
#2183=VERTEX_POINT('',#7243);
#2184=VERTEX_POINT('',#7245);
#2185=VERTEX_POINT('',#7247);
#2186=VERTEX_POINT('',#7249);
#2187=VERTEX_POINT('',#7253);
#2188=VERTEX_POINT('',#7255);
#2189=VERTEX_POINT('',#7262);
#2190=VERTEX_POINT('',#7264);
#2191=VERTEX_POINT('',#7266);
#2192=VERTEX_POINT('',#7268);
#2193=VERTEX_POINT('',#7271);
#2194=VERTEX_POINT('',#7272);
#2195=VERTEX_POINT('',#7274);
#2196=VERTEX_POINT('',#7276);
#2197=VERTEX_POINT('',#7307);
#2198=VERTEX_POINT('',#7308);
#2199=VERTEX_POINT('',#7337);
#2200=VERTEX_POINT('',#7339);
#2201=VERTEX_POINT('',#7342);
#2202=VERTEX_POINT('',#7343);
#2203=VERTEX_POINT('',#7345);
#2204=VERTEX_POINT('',#7347);
#2205=VERTEX_POINT('',#7354);
#2206=VERTEX_POINT('',#7356);
#2207=VERTEX_POINT('',#7360);
#2208=VERTEX_POINT('',#7364);
#2209=VERTEX_POINT('',#7370);
#2210=VERTEX_POINT('',#7372);
#2211=VERTEX_POINT('',#7376);
#2212=VERTEX_POINT('',#7380);
#2213=VERTEX_POINT('',#7386);
#2214=VERTEX_POINT('',#7387);
#2215=VERTEX_POINT('',#7389);
#2216=VERTEX_POINT('',#7391);
#2217=VERTEX_POINT('',#7395);
#2218=VERTEX_POINT('',#7397);
#2219=VERTEX_POINT('',#7401);
#2220=VERTEX_POINT('',#7403);
#2221=VERTEX_POINT('',#7410);
#2222=VERTEX_POINT('',#7412);
#2223=VERTEX_POINT('',#7416);
#2224=VERTEX_POINT('',#7420);
#2225=VERTEX_POINT('',#7421);
#2226=VERTEX_POINT('',#7423);
#2227=VERTEX_POINT('',#7425);
#2228=VERTEX_POINT('',#7429);
#2229=VERTEX_POINT('',#7430);
#2230=VERTEX_POINT('',#7433);
#2231=VERTEX_POINT('',#7437);
#2232=VERTEX_POINT('',#7439);
#2233=VERTEX_POINT('',#7441);
#2234=VERTEX_POINT('',#7443);
#2235=VERTEX_POINT('',#7446);
#2236=VERTEX_POINT('',#7449);
#2237=VERTEX_POINT('',#7450);
#2238=VERTEX_POINT('',#7452);
#2239=VERTEX_POINT('',#7454);
#2240=VERTEX_POINT('',#7460);
#2241=VERTEX_POINT('',#7462);
#2242=VERTEX_POINT('',#7470);
#2243=VERTEX_POINT('',#7471);
#2244=VERTEX_POINT('',#7476);
#2245=VERTEX_POINT('',#7481);
#2246=VERTEX_POINT('',#7485);
#2247=VERTEX_POINT('',#7489);
#2248=VERTEX_POINT('',#7497);
#2249=VERTEX_POINT('',#7498);
#2250=VERTEX_POINT('',#7500);
#2251=VERTEX_POINT('',#7502);
#2252=VERTEX_POINT('',#7505);
#2253=VERTEX_POINT('',#7508);
#2254=VERTEX_POINT('',#7509);
#2255=VERTEX_POINT('',#7511);
#2256=VERTEX_POINT('',#7513);
#2257=VERTEX_POINT('',#7516);
#2258=VERTEX_POINT('',#7519);
#2259=VERTEX_POINT('',#7520);
#2260=VERTEX_POINT('',#7522);
#2261=VERTEX_POINT('',#7524);
#2262=VERTEX_POINT('',#7527);
#2263=VERTEX_POINT('',#7530);
#2264=VERTEX_POINT('',#7532);
#2265=VERTEX_POINT('',#7536);
#2266=VERTEX_POINT('',#7540);
#2267=VERTEX_POINT('',#7543);
#2268=VERTEX_POINT('',#7548);
#2269=VERTEX_POINT('',#7550);
#2270=VERTEX_POINT('',#7552);
#2271=VERTEX_POINT('',#7554);
#2272=VERTEX_POINT('',#7556);
#2273=VERTEX_POINT('',#7558);
#2274=VERTEX_POINT('',#7564);
#2275=VERTEX_POINT('',#7565);
#2276=VERTEX_POINT('',#7567);
#2277=VERTEX_POINT('',#7569);
#2278=VERTEX_POINT('',#7573);
#2279=VERTEX_POINT('',#7574);
#2280=VERTEX_POINT('',#7579);
#2281=VERTEX_POINT('',#7582);
#2282=VERTEX_POINT('',#7585);
#2283=VERTEX_POINT('',#7589);
#2284=VERTEX_POINT('',#7592);
#2285=VERTEX_POINT('',#7598);
#2286=VERTEX_POINT('',#7600);
#2287=VERTEX_POINT('',#7602);
#2288=VERTEX_POINT('',#7604);
#2289=VERTEX_POINT('',#7606);
#2290=VERTEX_POINT('',#7610);
#2291=VERTEX_POINT('',#7614);
#2292=VERTEX_POINT('',#7618);
#2293=VERTEX_POINT('',#7623);
#2294=VERTEX_POINT('',#7628);
#2295=VERTEX_POINT('',#7632);
#2296=VERTEX_POINT('',#7639);
#2297=VERTEX_POINT('',#7640);
#2298=VERTEX_POINT('',#7642);
#2299=VERTEX_POINT('',#7644);
#2300=VERTEX_POINT('',#7656);
#2301=VERTEX_POINT('',#7658);
#2302=VERTEX_POINT('',#7662);
#2303=VERTEX_POINT('',#7666);
#2304=VERTEX_POINT('',#7672);
#2305=VERTEX_POINT('',#7673);
#2306=VERTEX_POINT('',#7675);
#2307=VERTEX_POINT('',#7677);
#2308=VERTEX_POINT('',#7690);
#2309=VERTEX_POINT('',#7697);
#2310=VERTEX_POINT('',#7698);
#2311=VERTEX_POINT('',#7700);
#2312=VERTEX_POINT('',#7702);
#2313=VERTEX_POINT('',#7706);
#2314=VERTEX_POINT('',#7708);
#2315=VERTEX_POINT('',#7712);
#2316=VERTEX_POINT('',#7714);
#2317=VERTEX_POINT('',#7721);
#2318=VERTEX_POINT('',#7723);
#2319=VERTEX_POINT('',#7727);
#2320=VERTEX_POINT('',#7732);
#2321=VERTEX_POINT('',#7733);
#2322=VERTEX_POINT('',#7735);
#2323=VERTEX_POINT('',#7737);
#2324=VERTEX_POINT('',#7741);
#2325=VERTEX_POINT('',#7743);
#2326=VERTEX_POINT('',#7747);
#2327=VERTEX_POINT('',#7749);
#2328=VERTEX_POINT('',#7756);
#2329=VERTEX_POINT('',#7791);
#2330=VERTEX_POINT('',#7792);
#2331=VERTEX_POINT('',#7799);
#2332=VERTEX_POINT('',#7813);
#2333=VERTEX_POINT('',#7828);
#2334=VERTEX_POINT('',#7830);
#2335=VERTEX_POINT('',#7832);
#2336=VERTEX_POINT('',#7834);
#2337=VERTEX_POINT('',#7838);
#2338=VERTEX_POINT('',#7840);
#2339=VERTEX_POINT('',#7876);
#2340=VERTEX_POINT('',#7877);
#2341=VERTEX_POINT('',#7905);
#2342=VERTEX_POINT('',#7907);
#2343=VERTEX_POINT('',#7913);
#2344=VERTEX_POINT('',#7915);
#2345=VERTEX_POINT('',#7917);
#2346=VERTEX_POINT('',#7920);
#2347=VERTEX_POINT('',#7921);
#2348=VERTEX_POINT('',#7923);
#2349=VERTEX_POINT('',#7925);
#2350=VERTEX_POINT('',#7929);
#2351=VERTEX_POINT('',#7930);
#2352=VERTEX_POINT('',#7932);
#2353=VERTEX_POINT('',#7934);
#2354=VERTEX_POINT('',#7938);
#2355=VERTEX_POINT('',#7940);
#2356=VERTEX_POINT('',#7944);
#2357=VERTEX_POINT('',#7946);
#2358=VERTEX_POINT('',#7950);
#2359=VERTEX_POINT('',#7951);
#2360=VERTEX_POINT('',#7953);
#2361=VERTEX_POINT('',#7955);
#2362=VERTEX_POINT('',#7957);
#2363=VERTEX_POINT('',#7960);
#2364=VERTEX_POINT('',#7962);
#2365=VERTEX_POINT('',#7964);
#2366=VERTEX_POINT('',#7966);
#2367=VERTEX_POINT('',#7970);
#2368=VERTEX_POINT('',#7972);
#2369=VERTEX_POINT('',#7974);
#2370=VERTEX_POINT('',#7978);
#2371=VERTEX_POINT('',#7980);
#2372=VERTEX_POINT('',#7989);
#2373=VERTEX_POINT('',#8000);
#2374=VERTEX_POINT('',#8001);
#2375=VERTEX_POINT('',#8003);
#2376=VERTEX_POINT('',#8005);
#2377=VERTEX_POINT('',#8009);
#2378=VERTEX_POINT('',#8011);
#2379=VERTEX_POINT('',#8014);
#2380=VERTEX_POINT('',#8018);
#2381=VERTEX_POINT('',#8019);
#2382=VERTEX_POINT('',#8024);
#2383=VERTEX_POINT('',#8029);
#2384=VERTEX_POINT('',#8031);
#2385=VERTEX_POINT('',#8033);
#2386=VERTEX_POINT('',#8037);
#2387=VERTEX_POINT('',#8039);
#2388=VERTEX_POINT('',#8041);
#2389=VERTEX_POINT('',#8045);
#2390=VERTEX_POINT('',#8047);
#2391=VERTEX_POINT('',#8051);
#2392=VERTEX_POINT('',#8053);
#2393=VERTEX_POINT('',#8056);
#2394=VERTEX_POINT('',#8060);
#2395=VERTEX_POINT('',#8062);
#2396=VERTEX_POINT('',#8068);
#2397=VERTEX_POINT('',#8070);
#2398=VERTEX_POINT('',#8072);
#2399=VERTEX_POINT('',#8076);
#2400=VERTEX_POINT('',#8078);
#2401=VERTEX_POINT('',#8081);
#2402=VERTEX_POINT('',#8084);
#2403=VERTEX_POINT('',#8086);
#2404=VERTEX_POINT('',#8091);
#2405=VERTEX_POINT('',#8095);
#2406=VERTEX_POINT('',#8099);
#2407=VERTEX_POINT('',#8101);
#2408=VERTEX_POINT('',#8104);
#2409=VERTEX_POINT('',#8105);
#2410=VERTEX_POINT('',#8107);
#2411=VERTEX_POINT('',#8109);
#2412=VERTEX_POINT('',#8113);
#2413=VERTEX_POINT('',#8115);
#2414=VERTEX_POINT('',#8118);
#2415=VERTEX_POINT('',#8122);
#2416=VERTEX_POINT('',#8124);
#2417=VERTEX_POINT('',#8141);
#2418=VERTEX_POINT('',#8143);
#2419=VERTEX_POINT('',#8147);
#2420=VERTEX_POINT('',#8151);
#2421=VERTEX_POINT('',#8157);
#2422=VERTEX_POINT('',#8159);
#2423=VERTEX_POINT('',#8163);
#2424=VERTEX_POINT('',#8167);
#2425=VERTEX_POINT('',#8168);
#2426=VERTEX_POINT('',#8170);
#2427=VERTEX_POINT('',#8172);
#2428=VERTEX_POINT('',#8176);
#2429=VERTEX_POINT('',#8177);
#2430=VERTEX_POINT('',#8179);
#2431=VERTEX_POINT('',#8181);
#2432=VERTEX_POINT('',#8185);
#2433=VERTEX_POINT('',#8187);
#2434=VERTEX_POINT('',#8191);
#2435=VERTEX_POINT('',#8192);
#2436=VERTEX_POINT('',#8194);
#2437=VERTEX_POINT('',#8196);
#2438=VERTEX_POINT('',#8200);
#2439=VERTEX_POINT('',#8202);
#2440=VERTEX_POINT('',#8204);
#2441=VERTEX_POINT('',#8208);
#2442=VERTEX_POINT('',#8209);
#2443=VERTEX_POINT('',#8211);
#2444=VERTEX_POINT('',#8213);
#2445=VERTEX_POINT('',#8225);
#2446=VERTEX_POINT('',#8229);
#2447=VERTEX_POINT('',#8233);
#2448=VERTEX_POINT('',#8240);
#2449=EDGE_CURVE('',#2021,#2022,#965,.T.);
#2450=EDGE_CURVE('',#2022,#2023,#966,.T.);
#2451=EDGE_CURVE('',#2024,#2023,#967,.T.);
#2452=EDGE_CURVE('',#2021,#2024,#968,.T.);
#2453=EDGE_CURVE('',#2023,#2025,#969,.T.);
#2454=EDGE_CURVE('',#2026,#2025,#970,.T.);
#2455=EDGE_CURVE('',#2024,#2026,#971,.T.);
#2456=EDGE_CURVE('',#2025,#2027,#972,.T.);
#2457=EDGE_CURVE('',#2028,#2027,#973,.T.);
#2458=EDGE_CURVE('',#2026,#2028,#974,.T.);
#2459=EDGE_CURVE('',#2027,#2022,#975,.T.);
#2460=EDGE_CURVE('',#2028,#2021,#976,.T.);
#2461=EDGE_CURVE('',#2029,#2029,#185,.T.);
#2462=EDGE_CURVE('',#2029,#2030,#977,.T.);
#2463=EDGE_CURVE('',#2030,#2030,#186,.T.);
#2464=EDGE_CURVE('',#2031,#2031,#187,.T.);
#2465=EDGE_CURVE('',#2031,#2032,#978,.T.);
#2466=EDGE_CURVE('',#2032,#2032,#188,.T.);
#2467=EDGE_CURVE('',#2033,#2033,#189,.T.);
#2468=EDGE_CURVE('',#2033,#2034,#979,.T.);
#2469=EDGE_CURVE('',#2034,#2034,#190,.T.);
#2470=EDGE_CURVE('',#2035,#2035,#191,.T.);
#2471=EDGE_CURVE('',#2035,#2036,#980,.T.);
#2472=EDGE_CURVE('',#2036,#2036,#192,.T.);
#2473=EDGE_CURVE('',#2037,#2037,#193,.T.);
#2474=EDGE_CURVE('',#2037,#2038,#981,.T.);
#2475=EDGE_CURVE('',#2038,#2038,#194,.T.);
#2476=EDGE_CURVE('',#2039,#2039,#195,.T.);
#2477=EDGE_CURVE('',#2039,#2040,#982,.T.);
#2478=EDGE_CURVE('',#2040,#2040,#196,.T.);
#2479=EDGE_CURVE('',#2041,#2041,#197,.T.);
#2480=EDGE_CURVE('',#2041,#2042,#983,.T.);
#2481=EDGE_CURVE('',#2042,#2042,#198,.T.);
#2482=EDGE_CURVE('',#2043,#2043,#199,.T.);
#2483=EDGE_CURVE('',#2043,#2044,#984,.T.);
#2484=EDGE_CURVE('',#2044,#2044,#200,.T.);
#2485=EDGE_CURVE('',#2045,#2045,#201,.T.);
#2486=EDGE_CURVE('',#2045,#2046,#985,.T.);
#2487=EDGE_CURVE('',#2046,#2046,#202,.T.);
#2488=EDGE_CURVE('',#2047,#2047,#203,.T.);
#2489=EDGE_CURVE('',#2047,#2048,#986,.T.);
#2490=EDGE_CURVE('',#2048,#2048,#204,.T.);
#2491=EDGE_CURVE('',#2049,#2049,#205,.T.);
#2492=EDGE_CURVE('',#2049,#2050,#987,.T.);
#2493=EDGE_CURVE('',#2050,#2050,#206,.T.);
#2494=EDGE_CURVE('',#2051,#2051,#207,.T.);
#2495=EDGE_CURVE('',#2051,#2052,#988,.T.);
#2496=EDGE_CURVE('',#2052,#2052,#208,.T.);
#2497=EDGE_CURVE('',#2053,#2053,#209,.T.);
#2498=EDGE_CURVE('',#2053,#2054,#989,.T.);
#2499=EDGE_CURVE('',#2054,#2054,#210,.T.);
#2500=EDGE_CURVE('',#2055,#2055,#211,.T.);
#2501=EDGE_CURVE('',#2055,#2056,#990,.T.);
#2502=EDGE_CURVE('',#2056,#2056,#212,.T.);
#2503=EDGE_CURVE('',#2057,#2057,#213,.T.);
#2504=EDGE_CURVE('',#2057,#2058,#991,.T.);
#2505=EDGE_CURVE('',#2058,#2058,#214,.T.);
#2506=EDGE_CURVE('',#2059,#2059,#215,.T.);
#2507=EDGE_CURVE('',#2059,#2060,#992,.T.);
#2508=EDGE_CURVE('',#2060,#2060,#216,.T.);
#2509=EDGE_CURVE('',#2061,#2061,#217,.T.);
#2510=EDGE_CURVE('',#2061,#2062,#993,.T.);
#2511=EDGE_CURVE('',#2062,#2062,#218,.T.);
#2512=EDGE_CURVE('',#2063,#2063,#219,.T.);
#2513=EDGE_CURVE('',#2063,#2064,#994,.T.);
#2514=EDGE_CURVE('',#2064,#2064,#220,.T.);
#2515=EDGE_CURVE('',#2065,#2065,#221,.T.);
#2516=EDGE_CURVE('',#2065,#2066,#995,.T.);
#2517=EDGE_CURVE('',#2066,#2066,#222,.T.);
#2518=EDGE_CURVE('',#2067,#2067,#223,.T.);
#2519=EDGE_CURVE('',#2067,#2068,#996,.T.);
#2520=EDGE_CURVE('',#2068,#2068,#224,.T.);
#2521=EDGE_CURVE('',#2069,#2069,#225,.T.);
#2522=EDGE_CURVE('',#2069,#2070,#997,.T.);
#2523=EDGE_CURVE('',#2070,#2070,#226,.T.);
#2524=EDGE_CURVE('',#2071,#2071,#227,.T.);
#2525=EDGE_CURVE('',#2071,#2072,#998,.T.);
#2526=EDGE_CURVE('',#2072,#2072,#228,.T.);
#2527=EDGE_CURVE('',#2073,#2073,#229,.T.);
#2528=EDGE_CURVE('',#2073,#2074,#999,.T.);
#2529=EDGE_CURVE('',#2074,#2074,#230,.T.);
#2530=EDGE_CURVE('',#2075,#2075,#231,.T.);
#2531=EDGE_CURVE('',#2075,#2076,#1000,.T.);
#2532=EDGE_CURVE('',#2076,#2076,#232,.T.);
#2533=EDGE_CURVE('',#2077,#2077,#233,.T.);
#2534=EDGE_CURVE('',#2077,#2078,#1001,.T.);
#2535=EDGE_CURVE('',#2078,#2078,#234,.T.);
#2536=EDGE_CURVE('',#2079,#2079,#235,.T.);
#2537=EDGE_CURVE('',#2079,#2080,#1002,.T.);
#2538=EDGE_CURVE('',#2080,#2080,#236,.T.);
#2539=EDGE_CURVE('',#2081,#2081,#237,.T.);
#2540=EDGE_CURVE('',#2081,#2082,#1003,.T.);
#2541=EDGE_CURVE('',#2082,#2082,#238,.T.);
#2542=EDGE_CURVE('',#2083,#2083,#239,.T.);
#2543=EDGE_CURVE('',#2083,#2084,#1004,.T.);
#2544=EDGE_CURVE('',#2084,#2084,#240,.T.);
#2545=EDGE_CURVE('',#2085,#2085,#241,.T.);
#2546=EDGE_CURVE('',#2085,#2086,#1005,.T.);
#2547=EDGE_CURVE('',#2086,#2086,#242,.T.);
#2548=EDGE_CURVE('',#2087,#2088,#1006,.T.);
#2549=EDGE_CURVE('',#2087,#2089,#1007,.T.);
#2550=EDGE_CURVE('',#2090,#2089,#1008,.T.);
#2551=EDGE_CURVE('',#2088,#2090,#1009,.T.);
#2552=EDGE_CURVE('',#2091,#2087,#1010,.T.);
#2553=EDGE_CURVE('',#2091,#2092,#1011,.T.);
#2554=EDGE_CURVE('',#2089,#2092,#1012,.T.);
#2555=EDGE_CURVE('',#2088,#2093,#1013,.T.);
#2556=EDGE_CURVE('',#2094,#2090,#1014,.T.);
#2557=EDGE_CURVE('',#2093,#2094,#1015,.T.);
#2558=EDGE_CURVE('',#2093,#2091,#1016,.T.);
#2559=EDGE_CURVE('',#2092,#2094,#1017,.T.);
#2560=EDGE_CURVE('',#2095,#2096,#1018,.T.);
#2561=EDGE_CURVE('',#2096,#2097,#1019,.T.);
#2562=EDGE_CURVE('',#2098,#2097,#1020,.T.);
#2563=EDGE_CURVE('',#2095,#2098,#1021,.T.);
#2564=EDGE_CURVE('',#2099,#2095,#1022,.T.);
#2565=EDGE_CURVE('',#2100,#2098,#1023,.T.);
#2566=EDGE_CURVE('',#2099,#2100,#1024,.T.);
#2567=EDGE_CURVE('',#2101,#2099,#1025,.T.);
#2568=EDGE_CURVE('',#2102,#2100,#1026,.T.);
#2569=EDGE_CURVE('',#2101,#2102,#1027,.T.);
#2570=EDGE_CURVE('',#2096,#2101,#1028,.T.);
#2571=EDGE_CURVE('',#2097,#2102,#1029,.T.);
#2572=EDGE_CURVE('',#2103,#2104,#1030,.T.);
#2573=EDGE_CURVE('',#2103,#2105,#1031,.T.);
#2574=EDGE_CURVE('',#2106,#2105,#1032,.T.);
#2575=EDGE_CURVE('',#2104,#2106,#1033,.T.);
#2576=EDGE_CURVE('',#2107,#2103,#1034,.T.);
#2577=EDGE_CURVE('',#2107,#2108,#1035,.T.);
#2578=EDGE_CURVE('',#2105,#2108,#1036,.T.);
#2579=EDGE_CURVE('',#2104,#2109,#1037,.T.);
#2580=EDGE_CURVE('',#2110,#2106,#1038,.T.);
#2581=EDGE_CURVE('',#2109,#2110,#1039,.T.);
#2582=EDGE_CURVE('',#2109,#2107,#1040,.T.);
#2583=EDGE_CURVE('',#2108,#2110,#1041,.T.);
#2584=EDGE_CURVE('',#2111,#2112,#1042,.T.);
#2585=EDGE_CURVE('',#2112,#2113,#1043,.T.);
#2586=EDGE_CURVE('',#2114,#2113,#1044,.T.);
#2587=EDGE_CURVE('',#2111,#2114,#1045,.T.);
#2588=EDGE_CURVE('',#2115,#2111,#1046,.T.);
#2589=EDGE_CURVE('',#2116,#2114,#1047,.T.);
#2590=EDGE_CURVE('',#2115,#2116,#1048,.T.);
#2591=EDGE_CURVE('',#2117,#2115,#1049,.T.);
#2592=EDGE_CURVE('',#2118,#2116,#1050,.T.);
#2593=EDGE_CURVE('',#2117,#2118,#1051,.T.);
#2594=EDGE_CURVE('',#2112,#2117,#1052,.T.);
#2595=EDGE_CURVE('',#2113,#2118,#1053,.T.);
#2596=EDGE_CURVE('',#2119,#2120,#1054,.T.);
#2597=EDGE_CURVE('',#2120,#2121,#1055,.T.);
#2598=EDGE_CURVE('',#2122,#2121,#1056,.T.);
#2599=EDGE_CURVE('',#2119,#2122,#1057,.T.);
#2600=EDGE_CURVE('',#2123,#2119,#1058,.T.);
#2601=EDGE_CURVE('',#2124,#2122,#1059,.T.);
#2602=EDGE_CURVE('',#2123,#2124,#1060,.T.);
#2603=EDGE_CURVE('',#2125,#2123,#1061,.T.);
#2604=EDGE_CURVE('',#2126,#2124,#1062,.T.);
#2605=EDGE_CURVE('',#2125,#2126,#1063,.T.);
#2606=EDGE_CURVE('',#2120,#2125,#1064,.T.);
#2607=EDGE_CURVE('',#2121,#2126,#1065,.T.);
#2608=EDGE_CURVE('',#2127,#2128,#1066,.T.);
#2609=EDGE_CURVE('',#2128,#2129,#1067,.T.);
#2610=EDGE_CURVE('',#2130,#2129,#1068,.T.);
#2611=EDGE_CURVE('',#2127,#2130,#1069,.T.);
#2612=EDGE_CURVE('',#2131,#2127,#1070,.T.);
#2613=EDGE_CURVE('',#2132,#2130,#1071,.T.);
#2614=EDGE_CURVE('',#2131,#2132,#1072,.T.);
#2615=EDGE_CURVE('',#2133,#2131,#1073,.T.);
#2616=EDGE_CURVE('',#2134,#2132,#1074,.T.);
#2617=EDGE_CURVE('',#2133,#2134,#1075,.T.);
#2618=EDGE_CURVE('',#2128,#2133,#1076,.T.);
#2619=EDGE_CURVE('',#2129,#2134,#1077,.T.);
#2620=EDGE_CURVE('',#2135,#2136,#1078,.T.);
#2621=EDGE_CURVE('',#2136,#2137,#60,.T.);
#2622=EDGE_CURVE('',#2137,#2138,#1079,.T.);
#2623=EDGE_CURVE('',#2135,#2138,#61,.T.);
#2624=EDGE_CURVE('',#2136,#2139,#1080,.T.);
#2625=EDGE_CURVE('',#2139,#2140,#62,.T.);
#2626=EDGE_CURVE('',#2140,#2137,#1081,.T.);
#2627=EDGE_CURVE('',#2139,#2141,#1082,.T.);
#2628=EDGE_CURVE('',#2141,#2142,#63,.T.);
#2629=EDGE_CURVE('',#2142,#2140,#1083,.T.);
#2630=EDGE_CURVE('',#2141,#2143,#1084,.T.);
#2631=EDGE_CURVE('',#2143,#2144,#64,.T.);
#2632=EDGE_CURVE('',#2144,#2142,#1085,.T.);
#2633=EDGE_CURVE('',#2143,#2145,#1086,.T.);
#2634=EDGE_CURVE('',#2145,#2146,#65,.T.);
#2635=EDGE_CURVE('',#2146,#2144,#1087,.T.);
#2636=EDGE_CURVE('',#2145,#2147,#1088,.T.);
#2637=EDGE_CURVE('',#2147,#2148,#66,.T.);
#2638=EDGE_CURVE('',#2148,#2146,#1089,.T.);
#2639=EDGE_CURVE('',#2147,#2149,#1090,.T.);
#2640=EDGE_CURVE('',#2149,#2150,#67,.T.);
#2641=EDGE_CURVE('',#2150,#2148,#1091,.T.);
#2642=EDGE_CURVE('',#2151,#2150,#1092,.T.);
#2643=EDGE_CURVE('',#2149,#2152,#1093,.T.);
#2644=EDGE_CURVE('',#2152,#2151,#68,.T.);
#2645=EDGE_CURVE('',#2153,#2151,#1094,.T.);
#2646=EDGE_CURVE('',#2152,#2154,#1095,.T.);
#2647=EDGE_CURVE('',#2154,#2153,#69,.T.);
#2648=EDGE_CURVE('',#2155,#2153,#1096,.T.);
#2649=EDGE_CURVE('',#2154,#2156,#1097,.T.);
#2650=EDGE_CURVE('',#2156,#2155,#70,.T.);
#2651=EDGE_CURVE('',#2157,#2155,#1098,.T.);
#2652=EDGE_CURVE('',#2156,#2158,#1099,.T.);
#2653=EDGE_CURVE('',#2158,#2157,#71,.T.);
#2654=EDGE_CURVE('',#2138,#2157,#1100,.T.);
#2655=EDGE_CURVE('',#2158,#2135,#1101,.T.);
#2656=EDGE_CURVE('',#2159,#2151,#1102,.T.);
#2657=EDGE_CURVE('',#2160,#2159,#1103,.T.);
#2658=EDGE_CURVE('',#2160,#2150,#1104,.T.);
#2659=EDGE_CURVE('',#2161,#2153,#1105,.T.);
#2660=EDGE_CURVE('',#2159,#2161,#1106,.T.);
#2661=EDGE_CURVE('',#2162,#2155,#1107,.T.);
#2662=EDGE_CURVE('',#2161,#2162,#1108,.T.);
#2663=EDGE_CURVE('',#2163,#2157,#1109,.T.);
#2664=EDGE_CURVE('',#2162,#2163,#1110,.T.);
#2665=EDGE_CURVE('',#2164,#2138,#1111,.T.);
#2666=EDGE_CURVE('',#2163,#2164,#1112,.T.);
#2667=EDGE_CURVE('',#2165,#2137,#1113,.T.);
#2668=EDGE_CURVE('',#2164,#2165,#1114,.T.);
#2669=EDGE_CURVE('',#2166,#2166,#243,.T.);
#2670=EDGE_CURVE('',#2166,#2167,#244,.T.);
#2671=EDGE_CURVE('',#2167,#2168,#245,.T.);
#2672=EDGE_CURVE('',#2168,#2167,#246,.T.);
#2673=EDGE_CURVE('',#2168,#2169,#1115,.T.);
#2674=EDGE_CURVE('',#2169,#2169,#247,.T.);
#2675=EDGE_CURVE('',#2170,#2170,#248,.T.);
#2676=EDGE_CURVE('',#2170,#2171,#249,.T.);
#2677=EDGE_CURVE('',#2171,#2172,#250,.T.);
#2678=EDGE_CURVE('',#2172,#2171,#251,.T.);
#2679=EDGE_CURVE('',#2172,#2173,#1116,.T.);
#2680=EDGE_CURVE('',#2173,#2173,#252,.T.);
#2681=EDGE_CURVE('',#2174,#2140,#1117,.T.);
#2682=EDGE_CURVE('',#2165,#2174,#1118,.T.);
#2683=EDGE_CURVE('',#2175,#2142,#1119,.T.);
#2684=EDGE_CURVE('',#2174,#2175,#1120,.T.);
#2685=EDGE_CURVE('',#2176,#2144,#1121,.T.);
#2686=EDGE_CURVE('',#2175,#2176,#1122,.T.);
#2687=EDGE_CURVE('',#2177,#2146,#1123,.T.);
#2688=EDGE_CURVE('',#2176,#2177,#1124,.T.);
#2689=EDGE_CURVE('',#2178,#2148,#1125,.T.);
#2690=EDGE_CURVE('',#2177,#2178,#1126,.T.);
#2691=EDGE_CURVE('',#2178,#2160,#1127,.T.);
#2692=EDGE_CURVE('',#2179,#2180,#36,.T.);
#2693=EDGE_CURVE('',#2180,#2181,#37,.T.);
#2694=EDGE_CURVE('',#2181,#2182,#38,.T.);
#2695=EDGE_CURVE('',#2182,#2179,#39,.T.);
#2696=EDGE_CURVE('',#2183,#2180,#1128,.T.);
#2697=EDGE_CURVE('',#2183,#2184,#1129,.T.);
#2698=EDGE_CURVE('',#2185,#2184,#1130,.T.);
#2699=EDGE_CURVE('',#2186,#2185,#1131,.T.);
#2700=EDGE_CURVE('',#2181,#2186,#1132,.T.);
#2701=EDGE_CURVE('',#2179,#2187,#253,.T.);
#2702=EDGE_CURVE('',#2188,#2187,#40,.T.);
#2703=EDGE_CURVE('',#2188,#2189,#1133,.T.);
#2704=EDGE_CURVE('',#2190,#2189,#1134,.T.);
#2705=EDGE_CURVE('',#2190,#2191,#1135,.T.);
#2706=EDGE_CURVE('',#2192,#2191,#1136,.T.);
#2707=EDGE_CURVE('',#2192,#2183,#1137,.T.);
#2708=EDGE_CURVE('',#2193,#2194,#1138,.T.);
#2709=EDGE_CURVE('',#2194,#2195,#1139,.T.);
#2710=EDGE_CURVE('',#2195,#2196,#1140,.T.);
#2711=EDGE_CURVE('',#2196,#2193,#1141,.T.);
#2712=EDGE_CURVE('',#2197,#2198,#41,.T.);
#2713=EDGE_CURVE('',#2198,#2188,#42,.T.);
#2714=EDGE_CURVE('',#2187,#2197,#43,.T.);
#2715=EDGE_CURVE('',#2186,#2198,#1142,.T.);
#2716=EDGE_CURVE('',#2199,#2185,#1143,.T.);
#2717=EDGE_CURVE('',#2200,#2199,#1144,.T.);
#2718=EDGE_CURVE('',#2189,#2200,#1145,.T.);
#2719=EDGE_CURVE('',#2201,#2202,#1146,.T.);
#2720=EDGE_CURVE('',#2203,#2201,#254,.T.);
#2721=EDGE_CURVE('',#2204,#2203,#1147,.T.);
#2722=EDGE_CURVE('',#2202,#2204,#255,.T.);
#2723=EDGE_CURVE('',#2197,#2182,#256,.T.);
#2724=EDGE_CURVE('',#2205,#2201,#1148,.T.);
#2725=EDGE_CURVE('',#2202,#2206,#1149,.T.);
#2726=EDGE_CURVE('',#2206,#2205,#1150,.T.);
#2727=EDGE_CURVE('',#2207,#2203,#1151,.T.);
#2728=EDGE_CURVE('',#2205,#2207,#257,.T.);
#2729=EDGE_CURVE('',#2208,#2204,#1152,.T.);
#2730=EDGE_CURVE('',#2207,#2208,#1153,.T.);
#2731=EDGE_CURVE('',#2208,#2206,#258,.T.);
#2732=EDGE_CURVE('',#2205,#2209,#1154,.T.);
#2733=EDGE_CURVE('',#2210,#2209,#259,.T.);
#2734=EDGE_CURVE('',#2207,#2210,#1155,.T.);
#2735=EDGE_CURVE('',#2206,#2211,#1156,.T.);
#2736=EDGE_CURVE('',#2209,#2211,#1157,.T.);
#2737=EDGE_CURVE('',#2208,#2212,#1158,.T.);
#2738=EDGE_CURVE('',#2211,#2212,#260,.T.);
#2739=EDGE_CURVE('',#2212,#2210,#1159,.T.);
#2740=EDGE_CURVE('',#2213,#2214,#1160,.T.);
#2741=EDGE_CURVE('',#2214,#2215,#1161,.T.);
#2742=EDGE_CURVE('',#2215,#2216,#1162,.T.);
#2743=EDGE_CURVE('',#2213,#2216,#1163,.T.);
#2744=EDGE_CURVE('',#2214,#2217,#1164,.T.);
#2745=EDGE_CURVE('',#2217,#2218,#1165,.T.);
#2746=EDGE_CURVE('',#2218,#2215,#1166,.T.);
#2747=EDGE_CURVE('',#2217,#2219,#1167,.T.);
#2748=EDGE_CURVE('',#2219,#2220,#1168,.T.);
#2749=EDGE_CURVE('',#2220,#2218,#1169,.T.);
#2750=EDGE_CURVE('',#2216,#2220,#1170,.T.);
#2751=EDGE_CURVE('',#2219,#2213,#1171,.T.);
#2752=EDGE_CURVE('',#2221,#2216,#1172,.T.);
#2753=EDGE_CURVE('',#2221,#2222,#1173,.T.);
#2754=EDGE_CURVE('',#2222,#2220,#1174,.T.);
#2755=EDGE_CURVE('',#2223,#2215,#1175,.T.);
#2756=EDGE_CURVE('',#2223,#2221,#1176,.T.);
#2757=EDGE_CURVE('',#2224,#2225,#1177,.T.);
#2758=EDGE_CURVE('',#2226,#2224,#1178,.T.);
#2759=EDGE_CURVE('',#2227,#2226,#1179,.T.);
#2760=EDGE_CURVE('',#2225,#2227,#1180,.T.);
#2761=EDGE_CURVE('',#2228,#2229,#1181,.T.);
#2762=EDGE_CURVE('',#2229,#2200,#1182,.T.);
#2763=EDGE_CURVE('',#2199,#2230,#1183,.T.);
#2764=EDGE_CURVE('',#2230,#2228,#1184,.T.);
#2765=EDGE_CURVE('',#2185,#2231,#1185,.T.);
#2766=EDGE_CURVE('',#2231,#2232,#1186,.T.);
#2767=EDGE_CURVE('',#2232,#2233,#1187,.T.);
#2768=EDGE_CURVE('',#2233,#2234,#1188,.T.);
#2769=EDGE_CURVE('',#2234,#2184,#1189,.T.);
#2770=EDGE_CURVE('',#2184,#2235,#1190,.T.);
#2771=EDGE_CURVE('',#2230,#2235,#1191,.T.);
#2772=EDGE_CURVE('',#2236,#2237,#1192,.T.);
#2773=EDGE_CURVE('',#2237,#2238,#1193,.T.);
#2774=EDGE_CURVE('',#2238,#2239,#1194,.T.);
#2775=EDGE_CURVE('',#2239,#2236,#1195,.T.);
#2776=EDGE_CURVE('',#2229,#2190,#1196,.T.);
#2777=EDGE_CURVE('',#2235,#2240,#1197,.T.);
#2778=EDGE_CURVE('',#2240,#2241,#1198,.T.);
#2779=EDGE_CURVE('',#2241,#2228,#1199,.T.);
#2780=EDGE_CURVE('',#2191,#2241,#1200,.T.);
#2781=EDGE_CURVE('',#2240,#2192,#1201,.T.);
#2782=EDGE_CURVE('',#2242,#2243,#1202,.T.);
#2783=EDGE_CURVE('',#2243,#2224,#1203,.T.);
#2784=EDGE_CURVE('',#2225,#2242,#1204,.T.);
#2785=EDGE_CURVE('',#2227,#2244,#1205,.T.);
#2786=EDGE_CURVE('',#2244,#2185,#1206,.T.);
#2787=EDGE_CURVE('',#2184,#2242,#1207,.T.);
#2788=EDGE_CURVE('',#2226,#2245,#1208,.T.);
#2789=EDGE_CURVE('',#2245,#2244,#1209,.T.);
#2790=EDGE_CURVE('',#2234,#2246,#1210,.T.);
#2791=EDGE_CURVE('',#2243,#2246,#1211,.T.);
#2792=EDGE_CURVE('',#2247,#2245,#1212,.T.);
#2793=EDGE_CURVE('',#2231,#2247,#1213,.T.);
#2794=EDGE_CURVE('',#2246,#2233,#1214,.T.);
#2795=EDGE_CURVE('',#2232,#2247,#1215,.T.);
#2796=EDGE_CURVE('',#2248,#2249,#1216,.T.);
#2797=EDGE_CURVE('',#2249,#2250,#1217,.T.);
#2798=EDGE_CURVE('',#2250,#2251,#1218,.T.);
#2799=EDGE_CURVE('',#2251,#2248,#1219,.T.);
#2800=EDGE_CURVE('',#2252,#2252,#261,.T.);
#2801=EDGE_CURVE('',#2253,#2254,#1220,.T.);
#2802=EDGE_CURVE('',#2254,#2255,#1221,.T.);
#2803=EDGE_CURVE('',#2255,#2256,#1222,.T.);
#2804=EDGE_CURVE('',#2256,#2253,#1223,.T.);
#2805=EDGE_CURVE('',#2257,#2257,#262,.T.);
#2806=EDGE_CURVE('',#2258,#2259,#1224,.T.);
#2807=EDGE_CURVE('',#2259,#2260,#1225,.T.);
#2808=EDGE_CURVE('',#2260,#2261,#1226,.T.);
#2809=EDGE_CURVE('',#2261,#2258,#1227,.T.);
#2810=EDGE_CURVE('',#2262,#2262,#263,.T.);
#2811=EDGE_CURVE('',#2263,#2259,#1228,.T.);
#2812=EDGE_CURVE('',#2263,#2264,#1229,.T.);
#2813=EDGE_CURVE('',#2264,#2260,#1230,.T.);
#2814=EDGE_CURVE('',#2261,#2265,#1231,.T.);
#2815=EDGE_CURVE('',#2265,#2264,#1232,.T.);
#2816=EDGE_CURVE('',#2265,#2266,#1233,.T.);
#2817=EDGE_CURVE('',#2266,#2263,#1234,.T.);
#2818=EDGE_CURVE('',#2267,#2267,#264,.T.);
#2819=EDGE_CURVE('',#2262,#2267,#1235,.T.);
#2820=EDGE_CURVE('',#2266,#2268,#1236,.T.);
#2821=EDGE_CURVE('',#2269,#2268,#1237,.T.);
#2822=EDGE_CURVE('',#2270,#2269,#1238,.T.);
#2823=EDGE_CURVE('',#2271,#2270,#1239,.T.);
#2824=EDGE_CURVE('',#2272,#2271,#1240,.T.);
#2825=EDGE_CURVE('',#2273,#2272,#1241,.T.);
#2826=EDGE_CURVE('',#2273,#2250,#1242,.T.);
#2827=EDGE_CURVE('',#2249,#2193,#1243,.T.);
#2828=EDGE_CURVE('',#2258,#2196,#1244,.T.);
#2829=EDGE_CURVE('',#2274,#2275,#1245,.T.);
#2830=EDGE_CURVE('',#2276,#2274,#1246,.T.);
#2831=EDGE_CURVE('',#2277,#2276,#1247,.T.);
#2832=EDGE_CURVE('',#2275,#2277,#1248,.T.);
#2833=EDGE_CURVE('',#2278,#2279,#1249,.T.);
#2834=EDGE_CURVE('',#2276,#2278,#1250,.T.);
#2835=EDGE_CURVE('',#2274,#2279,#1251,.T.);
#2836=EDGE_CURVE('',#2279,#2280,#1252,.T.);
#2837=EDGE_CURVE('',#2280,#2275,#1253,.T.);
#2838=EDGE_CURVE('',#2281,#2281,#265,.T.);
#2839=EDGE_CURVE('',#2282,#2282,#266,.T.);
#2840=EDGE_CURVE('',#2282,#2281,#1254,.T.);
#2841=EDGE_CURVE('',#2283,#2195,#1255,.T.);
#2842=EDGE_CURVE('',#2278,#2283,#1256,.T.);
#2843=EDGE_CURVE('',#2280,#2284,#1257,.T.);
#2844=EDGE_CURVE('',#2284,#2268,#1258,.T.);
#2845=EDGE_CURVE('',#2283,#2277,#1259,.T.);
#2846=EDGE_CURVE('',#2254,#2194,#1260,.T.);
#2847=EDGE_CURVE('',#2253,#2285,#1261,.T.);
#2848=EDGE_CURVE('',#2286,#2285,#1262,.T.);
#2849=EDGE_CURVE('',#2287,#2286,#1263,.T.);
#2850=EDGE_CURVE('',#2288,#2287,#1264,.T.);
#2851=EDGE_CURVE('',#2288,#2289,#1265,.T.);
#2852=EDGE_CURVE('',#2284,#2289,#1266,.T.);
#2853=EDGE_CURVE('',#2290,#2273,#1267,.T.);
#2854=EDGE_CURVE('',#2290,#2251,#1268,.T.);
#2855=EDGE_CURVE('',#2252,#2291,#1269,.T.);
#2856=EDGE_CURVE('',#2291,#2291,#267,.T.);
#2857=EDGE_CURVE('',#2292,#2290,#1270,.T.);
#2858=EDGE_CURVE('',#2248,#2292,#1271,.T.);
#2859=EDGE_CURVE('',#2293,#2292,#1272,.T.);
#2860=EDGE_CURVE('',#2293,#2255,#1273,.T.);
#2861=EDGE_CURVE('',#2257,#2294,#1274,.T.);
#2862=EDGE_CURVE('',#2294,#2294,#268,.T.);
#2863=EDGE_CURVE('',#2285,#2295,#1275,.T.);
#2864=EDGE_CURVE('',#2295,#2256,#1276,.T.);
#2865=EDGE_CURVE('',#2295,#2293,#1277,.T.);
#2866=EDGE_CURVE('',#2272,#2286,#1278,.T.);
#2867=EDGE_CURVE('',#2296,#2297,#1279,.T.);
#2868=EDGE_CURVE('',#2297,#2298,#1280,.T.);
#2869=EDGE_CURVE('',#2298,#2299,#1281,.T.);
#2870=EDGE_CURVE('',#2299,#2296,#1282,.T.);
#2871=EDGE_CURVE('',#2289,#2269,#1283,.T.);
#2872=EDGE_CURVE('',#2288,#2270,#1284,.T.);
#2873=EDGE_CURVE('',#2287,#2271,#1285,.T.);
#2874=EDGE_CURVE('',#2296,#2300,#1286,.T.);
#2875=EDGE_CURVE('',#2300,#2301,#1287,.T.);
#2876=EDGE_CURVE('',#2297,#2301,#1288,.T.);
#2877=EDGE_CURVE('',#2299,#2302,#1289,.T.);
#2878=EDGE_CURVE('',#2302,#2300,#1290,.T.);
#2879=EDGE_CURVE('',#2298,#2303,#1291,.T.);
#2880=EDGE_CURVE('',#2303,#2302,#1292,.T.);
#2881=EDGE_CURVE('',#2301,#2303,#1293,.T.);
#2882=EDGE_CURVE('',#2304,#2305,#1294,.T.);
#2883=EDGE_CURVE('',#2306,#2304,#1295,.T.);
#2884=EDGE_CURVE('',#2307,#2306,#1296,.T.);
#2885=EDGE_CURVE('',#2305,#2307,#1297,.T.);
#2886=EDGE_CURVE('',#2304,#2236,#1298,.T.);
#2887=EDGE_CURVE('',#2306,#2239,#1299,.T.);
#2888=EDGE_CURVE('',#2305,#2237,#1300,.T.);
#2889=EDGE_CURVE('',#2307,#2238,#1301,.T.);
#2890=EDGE_CURVE('',#2222,#2308,#1302,.T.);
#2891=EDGE_CURVE('',#2308,#2218,#1303,.T.);
#2892=EDGE_CURVE('',#2308,#2223,#1304,.T.);
#2893=EDGE_CURVE('',#2309,#2310,#1305,.T.);
#2894=EDGE_CURVE('',#2310,#2311,#1306,.T.);
#2895=EDGE_CURVE('',#2311,#2312,#1307,.T.);
#2896=EDGE_CURVE('',#2309,#2312,#1308,.T.);
#2897=EDGE_CURVE('',#2310,#2313,#1309,.T.);
#2898=EDGE_CURVE('',#2313,#2314,#1310,.T.);
#2899=EDGE_CURVE('',#2314,#2311,#1311,.T.);
#2900=EDGE_CURVE('',#2313,#2315,#1312,.T.);
#2901=EDGE_CURVE('',#2315,#2316,#1313,.T.);
#2902=EDGE_CURVE('',#2316,#2314,#1314,.T.);
#2903=EDGE_CURVE('',#2312,#2316,#1315,.T.);
#2904=EDGE_CURVE('',#2315,#2309,#1316,.T.);
#2905=EDGE_CURVE('',#2317,#2312,#1317,.T.);
#2906=EDGE_CURVE('',#2317,#2318,#1318,.T.);
#2907=EDGE_CURVE('',#2318,#2316,#1319,.T.);
#2908=EDGE_CURVE('',#2319,#2311,#1320,.T.);
#2909=EDGE_CURVE('',#2319,#2317,#1321,.T.);
#2910=EDGE_CURVE('',#2320,#2321,#1322,.T.);
#2911=EDGE_CURVE('',#2321,#2322,#1323,.T.);
#2912=EDGE_CURVE('',#2323,#2322,#1324,.T.);
#2913=EDGE_CURVE('',#2320,#2323,#1325,.T.);
#2914=EDGE_CURVE('',#2324,#2320,#1326,.T.);
#2915=EDGE_CURVE('',#2325,#2323,#1327,.T.);
#2916=EDGE_CURVE('',#2324,#2325,#1328,.T.);
#2917=EDGE_CURVE('',#2326,#2324,#1329,.T.);
#2918=EDGE_CURVE('',#2327,#2325,#1330,.T.);
#2919=EDGE_CURVE('',#2326,#2327,#1331,.T.);
#2920=EDGE_CURVE('',#2321,#2326,#1332,.T.);
#2921=EDGE_CURVE('',#2322,#2327,#1333,.T.);
#2922=EDGE_CURVE('',#2328,#2319,#1334,.T.);
#2923=EDGE_CURVE('',#2318,#2328,#1335,.T.);
#2924=EDGE_CURVE('',#2328,#2314,#1336,.T.);
#2925=EDGE_CURVE('',#2329,#2330,#44,.T.);
#2926=EDGE_CURVE('',#2330,#2331,#45,.T.);
#2927=EDGE_CURVE('',#2331,#2332,#46,.T.);
#2928=EDGE_CURVE('',#2332,#2329,#47,.T.);
#2929=EDGE_CURVE('',#2330,#2333,#1337,.T.);
#2930=EDGE_CURVE('',#2333,#2334,#1338,.T.);
#2931=EDGE_CURVE('',#2335,#2334,#1339,.T.);
#2932=EDGE_CURVE('',#2336,#2335,#1340,.T.);
#2933=EDGE_CURVE('',#2336,#2331,#1341,.T.);
#2934=EDGE_CURVE('',#2329,#2337,#269,.T.);
#2935=EDGE_CURVE('',#2338,#2337,#48,.T.);
#2936=EDGE_CURVE('',#2333,#2338,#1342,.T.);
#2937=EDGE_CURVE('',#2339,#2340,#49,.T.);
#2938=EDGE_CURVE('',#2340,#2338,#50,.T.);
#2939=EDGE_CURVE('',#2337,#2339,#51,.T.);
#2940=EDGE_CURVE('',#2340,#2341,#1343,.T.);
#2941=EDGE_CURVE('',#2342,#2341,#1344,.T.);
#2942=EDGE_CURVE('',#2334,#2342,#1345,.T.);
#2943=EDGE_CURVE('',#2339,#2332,#270,.T.);
#2944=EDGE_CURVE('',#2343,#2336,#1346,.T.);
#2945=EDGE_CURVE('',#2344,#2343,#1347,.T.);
#2946=EDGE_CURVE('',#2345,#2344,#1348,.T.);
#2947=EDGE_CURVE('',#2341,#2345,#1349,.T.);
#2948=EDGE_CURVE('',#2346,#2347,#1350,.T.);
#2949=EDGE_CURVE('',#2348,#2346,#1351,.T.);
#2950=EDGE_CURVE('',#2349,#2348,#1352,.T.);
#2951=EDGE_CURVE('',#2347,#2349,#1353,.T.);
#2952=EDGE_CURVE('',#2350,#2351,#1354,.T.);
#2953=EDGE_CURVE('',#2351,#2352,#1355,.F.);
#2954=EDGE_CURVE('',#2352,#2353,#1356,.T.);
#2955=EDGE_CURVE('',#2353,#2350,#1357,.T.);
#2956=EDGE_CURVE('',#2353,#2354,#1358,.T.);
#2957=EDGE_CURVE('',#2354,#2355,#1359,.T.);
#2958=EDGE_CURVE('',#2355,#2350,#1360,.T.);
#2959=EDGE_CURVE('',#2354,#2356,#1361,.T.);
#2960=EDGE_CURVE('',#2356,#2357,#1362,.F.);
#2961=EDGE_CURVE('',#2357,#2355,#1363,.T.);
#2962=EDGE_CURVE('',#2358,#2359,#1364,.T.);
#2963=EDGE_CURVE('',#2360,#2358,#1365,.T.);
#2964=EDGE_CURVE('',#2361,#2360,#1366,.T.);
#2965=EDGE_CURVE('',#2362,#2361,#1367,.T.);
#2966=EDGE_CURVE('',#2359,#2362,#1368,.T.);
#2967=EDGE_CURVE('',#2363,#2363,#271,.T.);
#2968=EDGE_CURVE('',#2364,#2364,#272,.T.);
#2969=EDGE_CURVE('',#2365,#2365,#273,.T.);
#2970=EDGE_CURVE('',#2366,#2366,#274,.T.);
#2971=EDGE_CURVE('',#2357,#2351,#1369,.T.);
#2972=EDGE_CURVE('',#2367,#2359,#1370,.T.);
#2973=EDGE_CURVE('',#2367,#2368,#1371,.T.);
#2974=EDGE_CURVE('',#2368,#2369,#1372,.T.);
#2975=EDGE_CURVE('',#2358,#2369,#1373,.T.);
#2976=EDGE_CURVE('',#2362,#2370,#1374,.T.);
#2977=EDGE_CURVE('',#2370,#2371,#1375,.T.);
#2978=EDGE_CURVE('',#2371,#2367,#1376,.T.);
#2979=EDGE_CURVE('',#2342,#2370,#1377,.T.);
#2980=EDGE_CURVE('',#2361,#2334,#1378,.T.);
#2981=EDGE_CURVE('',#2360,#2335,#1379,.T.);
#2982=EDGE_CURVE('',#2372,#2335,#1380,.T.);
#2983=EDGE_CURVE('',#2369,#2372,#1381,.T.);
#2984=EDGE_CURVE('',#2368,#2344,#1382,.T.);
#2985=EDGE_CURVE('',#2343,#2372,#1383,.T.);
#2986=EDGE_CURVE('',#2345,#2371,#1384,.T.);
#2987=EDGE_CURVE('',#2373,#2374,#1385,.T.);
#2988=EDGE_CURVE('',#2375,#2373,#1386,.T.);
#2989=EDGE_CURVE('',#2376,#2375,#1387,.T.);
#2990=EDGE_CURVE('',#2374,#2376,#1388,.T.);
#2991=EDGE_CURVE('',#2377,#2377,#275,.T.);
#2992=EDGE_CURVE('',#2378,#2378,#276,.T.);
#2993=EDGE_CURVE('',#2379,#2379,#277,.T.);
#2994=EDGE_CURVE('',#2379,#2378,#1389,.T.);
#2995=EDGE_CURVE('',#2380,#2381,#1390,.T.);
#2996=EDGE_CURVE('',#2376,#2380,#1391,.T.);
#2997=EDGE_CURVE('',#2381,#2375,#1392,.T.);
#2998=EDGE_CURVE('',#2381,#2382,#1393,.T.);
#2999=EDGE_CURVE('',#2382,#2373,#1394,.T.);
#3000=EDGE_CURVE('',#2349,#2382,#1395,.T.);
#3001=EDGE_CURVE('',#2348,#2383,#1396,.T.);
#3002=EDGE_CURVE('',#2383,#2384,#1397,.T.);
#3003=EDGE_CURVE('',#2384,#2385,#1398,.T.);
#3004=EDGE_CURVE('',#2380,#2385,#1399,.T.);
#3005=EDGE_CURVE('',#2386,#2374,#1400,.T.);
#3006=EDGE_CURVE('',#2386,#2387,#1401,.T.);
#3007=EDGE_CURVE('',#2387,#2388,#1402,.T.);
#3008=EDGE_CURVE('',#2347,#2388,#1403,.T.);
#3009=EDGE_CURVE('',#2389,#2386,#1404,.T.);
#3010=EDGE_CURVE('',#2389,#2390,#1405,.T.);
#3011=EDGE_CURVE('',#2387,#2390,#1406,.T.);
#3012=EDGE_CURVE('',#2391,#2391,#278,.T.);
#3013=EDGE_CURVE('',#2392,#2392,#279,.T.);
#3014=EDGE_CURVE('',#2393,#2393,#280,.T.);
#3015=EDGE_CURVE('',#2393,#2392,#1407,.T.);
#3016=EDGE_CURVE('',#2394,#2389,#1408,.T.);
#3017=EDGE_CURVE('',#2395,#2394,#1409,.T.);
#3018=EDGE_CURVE('',#2390,#2395,#1410,.T.);
#3019=EDGE_CURVE('',#2388,#2395,#1411,.T.);
#3020=EDGE_CURVE('',#2396,#2394,#1412,.T.);
#3021=EDGE_CURVE('',#2396,#2397,#1413,.T.);
#3022=EDGE_CURVE('',#2397,#2398,#1414,.T.);
#3023=EDGE_CURVE('',#2346,#2398,#1415,.T.);
#3024=EDGE_CURVE('',#2399,#2383,#1416,.T.);
#3025=EDGE_CURVE('',#2399,#2400,#1417,.T.);
#3026=EDGE_CURVE('',#2400,#2384,#1418,.T.);
#3027=EDGE_CURVE('',#2401,#2401,#281,.T.);
#3028=EDGE_CURVE('',#2402,#2402,#282,.T.);
#3029=EDGE_CURVE('',#2403,#2403,#283,.T.);
#3030=EDGE_CURVE('',#2401,#2403,#1419,.T.);
#3031=EDGE_CURVE('',#2404,#2400,#1420,.T.);
#3032=EDGE_CURVE('',#2385,#2404,#1421,.T.);
#3033=EDGE_CURVE('',#2404,#2405,#1422,.T.);
#3034=EDGE_CURVE('',#2405,#2399,#1423,.T.);
#3035=EDGE_CURVE('',#2405,#2406,#1424,.T.);
#3036=EDGE_CURVE('',#2406,#2407,#1425,.T.);
#3037=EDGE_CURVE('',#2407,#2396,#1426,.T.);
#3038=EDGE_CURVE('',#2408,#2409,#1427,.T.);
#3039=EDGE_CURVE('',#2410,#2408,#1428,.T.);
#3040=EDGE_CURVE('',#2411,#2410,#1429,.T.);
#3041=EDGE_CURVE('',#2409,#2411,#1430,.T.);
#3042=EDGE_CURVE('',#2412,#2412,#284,.T.);
#3043=EDGE_CURVE('',#2413,#2413,#285,.T.);
#3044=EDGE_CURVE('',#2414,#2414,#286,.T.);
#3045=EDGE_CURVE('',#2414,#2413,#1431,.T.);
#3046=EDGE_CURVE('',#2415,#2406,#1432,.T.);
#3047=EDGE_CURVE('',#2416,#2415,#1433,.T.);
#3048=EDGE_CURVE('',#2407,#2416,#1434,.T.);
#3049=EDGE_CURVE('',#2397,#2416,#1435,.T.);
#3050=EDGE_CURVE('',#2398,#2415,#1436,.T.);
#3051=EDGE_CURVE('',#2363,#2377,#1437,.T.);
#3052=EDGE_CURVE('',#2364,#2391,#1438,.T.);
#3053=EDGE_CURVE('',#2365,#2402,#1439,.T.);
#3054=EDGE_CURVE('',#2366,#2412,#1440,.T.);
#3055=EDGE_CURVE('',#2417,#2352,#1441,.T.);
#3056=EDGE_CURVE('',#2417,#2418,#1442,.T.);
#3057=EDGE_CURVE('',#2418,#2353,#1443,.T.);
#3058=EDGE_CURVE('',#2419,#2356,#1444,.T.);
#3059=EDGE_CURVE('',#2419,#2417,#1445,.T.);
#3060=EDGE_CURVE('',#2420,#2354,#1446,.T.);
#3061=EDGE_CURVE('',#2420,#2419,#1447,.T.);
#3062=EDGE_CURVE('',#2418,#2420,#1448,.T.);
#3063=EDGE_CURVE('',#2421,#2410,#1449,.T.);
#3064=EDGE_CURVE('',#2421,#2422,#1450,.T.);
#3065=EDGE_CURVE('',#2422,#2411,#1451,.T.);
#3066=EDGE_CURVE('',#2423,#2408,#1452,.T.);
#3067=EDGE_CURVE('',#2423,#2421,#1453,.T.);
#3068=EDGE_CURVE('',#2424,#2425,#1454,.T.);
#3069=EDGE_CURVE('',#2426,#2424,#1455,.T.);
#3070=EDGE_CURVE('',#2427,#2426,#1456,.T.);
#3071=EDGE_CURVE('',#2427,#2425,#1457,.T.);
#3072=EDGE_CURVE('',#2428,#2429,#1458,.T.);
#3073=EDGE_CURVE('',#2430,#2429,#1459,.T.);
#3074=EDGE_CURVE('',#2431,#2430,#1460,.T.);
#3075=EDGE_CURVE('',#2431,#2428,#1461,.T.);
#3076=EDGE_CURVE('',#2429,#2432,#1462,.T.);
#3077=EDGE_CURVE('',#2432,#2433,#1463,.T.);
#3078=EDGE_CURVE('',#2430,#2433,#1464,.T.);
#3079=EDGE_CURVE('',#2434,#2435,#1465,.T.);
#3080=EDGE_CURVE('',#2435,#2436,#1466,.T.);
#3081=EDGE_CURVE('',#2436,#2437,#1467,.T.);
#3082=EDGE_CURVE('',#2437,#2434,#1468,.T.);
#3083=EDGE_CURVE('',#2433,#2438,#1469,.T.);
#3084=EDGE_CURVE('',#2438,#2439,#1470,.T.);
#3085=EDGE_CURVE('',#2439,#2440,#1471,.T.);
#3086=EDGE_CURVE('',#2440,#2427,#1472,.T.);
#3087=EDGE_CURVE('',#2426,#2431,#1473,.T.);
#3088=EDGE_CURVE('',#2441,#2442,#1474,.T.);
#3089=EDGE_CURVE('',#2442,#2443,#1475,.T.);
#3090=EDGE_CURVE('',#2443,#2444,#1476,.T.);
#3091=EDGE_CURVE('',#2444,#2441,#1477,.T.);
#3092=EDGE_CURVE('',#2434,#2442,#1478,.T.);
#3093=EDGE_CURVE('',#2443,#2437,#1479,.T.);
#3094=EDGE_CURVE('',#2444,#2436,#1480,.T.);
#3095=EDGE_CURVE('',#2441,#2435,#1481,.T.);
#3096=EDGE_CURVE('',#2445,#2432,#1482,.T.);
#3097=EDGE_CURVE('',#2438,#2445,#1483,.T.);
#3098=EDGE_CURVE('',#2446,#2445,#1484,.T.);
#3099=EDGE_CURVE('',#2439,#2446,#1485,.T.);
#3100=EDGE_CURVE('',#2447,#2446,#1486,.T.);
#3101=EDGE_CURVE('',#2440,#2447,#1487,.T.);
#3102=EDGE_CURVE('',#2424,#2428,#1488,.T.);
#3103=EDGE_CURVE('',#2422,#2425,#1489,.T.);
#3104=EDGE_CURVE('',#2423,#2448,#1490,.T.);
#3105=EDGE_CURVE('',#2447,#2448,#1491,.T.);
#3106=EDGE_CURVE('',#2448,#2409,#1492,.T.);
#3107=ORIENTED_EDGE('',*,*,#2449,.T.);
#3108=ORIENTED_EDGE('',*,*,#2450,.T.);
#3109=ORIENTED_EDGE('',*,*,#2451,.F.);
#3110=ORIENTED_EDGE('',*,*,#2452,.F.);
#3111=ORIENTED_EDGE('',*,*,#2451,.T.);
#3112=ORIENTED_EDGE('',*,*,#2453,.T.);
#3113=ORIENTED_EDGE('',*,*,#2454,.F.);
#3114=ORIENTED_EDGE('',*,*,#2455,.F.);
#3115=ORIENTED_EDGE('',*,*,#2454,.T.);
#3116=ORIENTED_EDGE('',*,*,#2456,.T.);
#3117=ORIENTED_EDGE('',*,*,#2457,.F.);
#3118=ORIENTED_EDGE('',*,*,#2458,.F.);
#3119=ORIENTED_EDGE('',*,*,#2457,.T.);
#3120=ORIENTED_EDGE('',*,*,#2459,.T.);
#3121=ORIENTED_EDGE('',*,*,#2449,.F.);
#3122=ORIENTED_EDGE('',*,*,#2460,.F.);
#3123=ORIENTED_EDGE('',*,*,#2461,.T.);
#3124=ORIENTED_EDGE('',*,*,#2462,.T.);
#3125=ORIENTED_EDGE('',*,*,#2463,.F.);
#3126=ORIENTED_EDGE('',*,*,#2462,.F.);
#3127=ORIENTED_EDGE('',*,*,#2464,.T.);
#3128=ORIENTED_EDGE('',*,*,#2465,.T.);
#3129=ORIENTED_EDGE('',*,*,#2466,.F.);
#3130=ORIENTED_EDGE('',*,*,#2465,.F.);
#3131=ORIENTED_EDGE('',*,*,#2467,.T.);
#3132=ORIENTED_EDGE('',*,*,#2468,.T.);
#3133=ORIENTED_EDGE('',*,*,#2469,.F.);
#3134=ORIENTED_EDGE('',*,*,#2468,.F.);
#3135=ORIENTED_EDGE('',*,*,#2470,.T.);
#3136=ORIENTED_EDGE('',*,*,#2471,.T.);
#3137=ORIENTED_EDGE('',*,*,#2472,.F.);
#3138=ORIENTED_EDGE('',*,*,#2471,.F.);
#3139=ORIENTED_EDGE('',*,*,#2473,.T.);
#3140=ORIENTED_EDGE('',*,*,#2474,.T.);
#3141=ORIENTED_EDGE('',*,*,#2475,.F.);
#3142=ORIENTED_EDGE('',*,*,#2474,.F.);
#3143=ORIENTED_EDGE('',*,*,#2476,.T.);
#3144=ORIENTED_EDGE('',*,*,#2477,.T.);
#3145=ORIENTED_EDGE('',*,*,#2478,.F.);
#3146=ORIENTED_EDGE('',*,*,#2477,.F.);
#3147=ORIENTED_EDGE('',*,*,#2479,.T.);
#3148=ORIENTED_EDGE('',*,*,#2480,.T.);
#3149=ORIENTED_EDGE('',*,*,#2481,.F.);
#3150=ORIENTED_EDGE('',*,*,#2480,.F.);
#3151=ORIENTED_EDGE('',*,*,#2482,.T.);
#3152=ORIENTED_EDGE('',*,*,#2483,.T.);
#3153=ORIENTED_EDGE('',*,*,#2484,.F.);
#3154=ORIENTED_EDGE('',*,*,#2483,.F.);
#3155=ORIENTED_EDGE('',*,*,#2485,.T.);
#3156=ORIENTED_EDGE('',*,*,#2486,.T.);
#3157=ORIENTED_EDGE('',*,*,#2487,.F.);
#3158=ORIENTED_EDGE('',*,*,#2486,.F.);
#3159=ORIENTED_EDGE('',*,*,#2488,.T.);
#3160=ORIENTED_EDGE('',*,*,#2489,.T.);
#3161=ORIENTED_EDGE('',*,*,#2490,.F.);
#3162=ORIENTED_EDGE('',*,*,#2489,.F.);
#3163=ORIENTED_EDGE('',*,*,#2491,.T.);
#3164=ORIENTED_EDGE('',*,*,#2492,.T.);
#3165=ORIENTED_EDGE('',*,*,#2493,.F.);
#3166=ORIENTED_EDGE('',*,*,#2492,.F.);
#3167=ORIENTED_EDGE('',*,*,#2494,.T.);
#3168=ORIENTED_EDGE('',*,*,#2495,.T.);
#3169=ORIENTED_EDGE('',*,*,#2496,.F.);
#3170=ORIENTED_EDGE('',*,*,#2495,.F.);
#3171=ORIENTED_EDGE('',*,*,#2497,.T.);
#3172=ORIENTED_EDGE('',*,*,#2498,.T.);
#3173=ORIENTED_EDGE('',*,*,#2499,.F.);
#3174=ORIENTED_EDGE('',*,*,#2498,.F.);
#3175=ORIENTED_EDGE('',*,*,#2500,.T.);
#3176=ORIENTED_EDGE('',*,*,#2501,.T.);
#3177=ORIENTED_EDGE('',*,*,#2502,.F.);
#3178=ORIENTED_EDGE('',*,*,#2501,.F.);
#3179=ORIENTED_EDGE('',*,*,#2503,.T.);
#3180=ORIENTED_EDGE('',*,*,#2504,.T.);
#3181=ORIENTED_EDGE('',*,*,#2505,.F.);
#3182=ORIENTED_EDGE('',*,*,#2504,.F.);
#3183=ORIENTED_EDGE('',*,*,#2506,.T.);
#3184=ORIENTED_EDGE('',*,*,#2507,.T.);
#3185=ORIENTED_EDGE('',*,*,#2508,.F.);
#3186=ORIENTED_EDGE('',*,*,#2507,.F.);
#3187=ORIENTED_EDGE('',*,*,#2509,.T.);
#3188=ORIENTED_EDGE('',*,*,#2510,.T.);
#3189=ORIENTED_EDGE('',*,*,#2511,.F.);
#3190=ORIENTED_EDGE('',*,*,#2510,.F.);
#3191=ORIENTED_EDGE('',*,*,#2512,.T.);
#3192=ORIENTED_EDGE('',*,*,#2513,.T.);
#3193=ORIENTED_EDGE('',*,*,#2514,.F.);
#3194=ORIENTED_EDGE('',*,*,#2513,.F.);
#3195=ORIENTED_EDGE('',*,*,#2515,.T.);
#3196=ORIENTED_EDGE('',*,*,#2516,.T.);
#3197=ORIENTED_EDGE('',*,*,#2517,.F.);
#3198=ORIENTED_EDGE('',*,*,#2516,.F.);
#3199=ORIENTED_EDGE('',*,*,#2518,.T.);
#3200=ORIENTED_EDGE('',*,*,#2519,.T.);
#3201=ORIENTED_EDGE('',*,*,#2520,.F.);
#3202=ORIENTED_EDGE('',*,*,#2519,.F.);
#3203=ORIENTED_EDGE('',*,*,#2521,.T.);
#3204=ORIENTED_EDGE('',*,*,#2522,.T.);
#3205=ORIENTED_EDGE('',*,*,#2523,.F.);
#3206=ORIENTED_EDGE('',*,*,#2522,.F.);
#3207=ORIENTED_EDGE('',*,*,#2524,.T.);
#3208=ORIENTED_EDGE('',*,*,#2525,.T.);
#3209=ORIENTED_EDGE('',*,*,#2526,.F.);
#3210=ORIENTED_EDGE('',*,*,#2525,.F.);
#3211=ORIENTED_EDGE('',*,*,#2527,.T.);
#3212=ORIENTED_EDGE('',*,*,#2528,.T.);
#3213=ORIENTED_EDGE('',*,*,#2529,.F.);
#3214=ORIENTED_EDGE('',*,*,#2528,.F.);
#3215=ORIENTED_EDGE('',*,*,#2530,.T.);
#3216=ORIENTED_EDGE('',*,*,#2531,.T.);
#3217=ORIENTED_EDGE('',*,*,#2532,.F.);
#3218=ORIENTED_EDGE('',*,*,#2531,.F.);
#3219=ORIENTED_EDGE('',*,*,#2533,.T.);
#3220=ORIENTED_EDGE('',*,*,#2534,.T.);
#3221=ORIENTED_EDGE('',*,*,#2535,.F.);
#3222=ORIENTED_EDGE('',*,*,#2534,.F.);
#3223=ORIENTED_EDGE('',*,*,#2536,.T.);
#3224=ORIENTED_EDGE('',*,*,#2537,.T.);
#3225=ORIENTED_EDGE('',*,*,#2538,.F.);
#3226=ORIENTED_EDGE('',*,*,#2537,.F.);
#3227=ORIENTED_EDGE('',*,*,#2539,.T.);
#3228=ORIENTED_EDGE('',*,*,#2540,.T.);
#3229=ORIENTED_EDGE('',*,*,#2541,.F.);
#3230=ORIENTED_EDGE('',*,*,#2540,.F.);
#3231=ORIENTED_EDGE('',*,*,#2542,.T.);
#3232=ORIENTED_EDGE('',*,*,#2543,.T.);
#3233=ORIENTED_EDGE('',*,*,#2544,.F.);
#3234=ORIENTED_EDGE('',*,*,#2543,.F.);
#3235=ORIENTED_EDGE('',*,*,#2545,.T.);
#3236=ORIENTED_EDGE('',*,*,#2546,.T.);
#3237=ORIENTED_EDGE('',*,*,#2547,.F.);
#3238=ORIENTED_EDGE('',*,*,#2546,.F.);
#3239=ORIENTED_EDGE('',*,*,#2452,.T.);
#3240=ORIENTED_EDGE('',*,*,#2455,.T.);
#3241=ORIENTED_EDGE('',*,*,#2458,.T.);
#3242=ORIENTED_EDGE('',*,*,#2460,.T.);
#3243=ORIENTED_EDGE('',*,*,#2463,.T.);
#3244=ORIENTED_EDGE('',*,*,#2466,.T.);
#3245=ORIENTED_EDGE('',*,*,#2469,.T.);
#3246=ORIENTED_EDGE('',*,*,#2472,.T.);
#3247=ORIENTED_EDGE('',*,*,#2475,.T.);
#3248=ORIENTED_EDGE('',*,*,#2478,.T.);
#3249=ORIENTED_EDGE('',*,*,#2481,.T.);
#3250=ORIENTED_EDGE('',*,*,#2484,.T.);
#3251=ORIENTED_EDGE('',*,*,#2487,.T.);
#3252=ORIENTED_EDGE('',*,*,#2490,.T.);
#3253=ORIENTED_EDGE('',*,*,#2493,.T.);
#3254=ORIENTED_EDGE('',*,*,#2496,.T.);
#3255=ORIENTED_EDGE('',*,*,#2499,.T.);
#3256=ORIENTED_EDGE('',*,*,#2502,.T.);
#3257=ORIENTED_EDGE('',*,*,#2505,.T.);
#3258=ORIENTED_EDGE('',*,*,#2508,.T.);
#3259=ORIENTED_EDGE('',*,*,#2511,.T.);
#3260=ORIENTED_EDGE('',*,*,#2514,.T.);
#3261=ORIENTED_EDGE('',*,*,#2517,.T.);
#3262=ORIENTED_EDGE('',*,*,#2520,.T.);
#3263=ORIENTED_EDGE('',*,*,#2523,.T.);
#3264=ORIENTED_EDGE('',*,*,#2526,.T.);
#3265=ORIENTED_EDGE('',*,*,#2529,.T.);
#3266=ORIENTED_EDGE('',*,*,#2532,.T.);
#3267=ORIENTED_EDGE('',*,*,#2535,.T.);
#3268=ORIENTED_EDGE('',*,*,#2538,.T.);
#3269=ORIENTED_EDGE('',*,*,#2541,.T.);
#3270=ORIENTED_EDGE('',*,*,#2544,.T.);
#3271=ORIENTED_EDGE('',*,*,#2547,.T.);
#3272=ORIENTED_EDGE('',*,*,#2450,.F.);
#3273=ORIENTED_EDGE('',*,*,#2459,.F.);
#3274=ORIENTED_EDGE('',*,*,#2456,.F.);
#3275=ORIENTED_EDGE('',*,*,#2453,.F.);
#3276=ORIENTED_EDGE('',*,*,#2461,.F.);
#3277=ORIENTED_EDGE('',*,*,#2464,.F.);
#3278=ORIENTED_EDGE('',*,*,#2467,.F.);
#3279=ORIENTED_EDGE('',*,*,#2470,.F.);
#3280=ORIENTED_EDGE('',*,*,#2473,.F.);
#3281=ORIENTED_EDGE('',*,*,#2476,.F.);
#3282=ORIENTED_EDGE('',*,*,#2479,.F.);
#3283=ORIENTED_EDGE('',*,*,#2482,.F.);
#3284=ORIENTED_EDGE('',*,*,#2485,.F.);
#3285=ORIENTED_EDGE('',*,*,#2488,.F.);
#3286=ORIENTED_EDGE('',*,*,#2491,.F.);
#3287=ORIENTED_EDGE('',*,*,#2494,.F.);
#3288=ORIENTED_EDGE('',*,*,#2497,.F.);
#3289=ORIENTED_EDGE('',*,*,#2500,.F.);
#3290=ORIENTED_EDGE('',*,*,#2503,.F.);
#3291=ORIENTED_EDGE('',*,*,#2506,.F.);
#3292=ORIENTED_EDGE('',*,*,#2509,.F.);
#3293=ORIENTED_EDGE('',*,*,#2512,.F.);
#3294=ORIENTED_EDGE('',*,*,#2515,.F.);
#3295=ORIENTED_EDGE('',*,*,#2518,.F.);
#3296=ORIENTED_EDGE('',*,*,#2521,.F.);
#3297=ORIENTED_EDGE('',*,*,#2524,.F.);
#3298=ORIENTED_EDGE('',*,*,#2527,.F.);
#3299=ORIENTED_EDGE('',*,*,#2530,.F.);
#3300=ORIENTED_EDGE('',*,*,#2533,.F.);
#3301=ORIENTED_EDGE('',*,*,#2536,.F.);
#3302=ORIENTED_EDGE('',*,*,#2539,.F.);
#3303=ORIENTED_EDGE('',*,*,#2542,.F.);
#3304=ORIENTED_EDGE('',*,*,#2545,.F.);
#3305=ORIENTED_EDGE('',*,*,#2548,.F.);
#3306=ORIENTED_EDGE('',*,*,#2549,.T.);
#3307=ORIENTED_EDGE('',*,*,#2550,.F.);
#3308=ORIENTED_EDGE('',*,*,#2551,.F.);
#3309=ORIENTED_EDGE('',*,*,#2552,.F.);
#3310=ORIENTED_EDGE('',*,*,#2553,.T.);
#3311=ORIENTED_EDGE('',*,*,#2554,.F.);
#3312=ORIENTED_EDGE('',*,*,#2549,.F.);
#3313=ORIENTED_EDGE('',*,*,#2555,.F.);
#3314=ORIENTED_EDGE('',*,*,#2551,.T.);
#3315=ORIENTED_EDGE('',*,*,#2556,.F.);
#3316=ORIENTED_EDGE('',*,*,#2557,.F.);
#3317=ORIENTED_EDGE('',*,*,#2558,.F.);
#3318=ORIENTED_EDGE('',*,*,#2557,.T.);
#3319=ORIENTED_EDGE('',*,*,#2559,.F.);
#3320=ORIENTED_EDGE('',*,*,#2553,.F.);
#3321=ORIENTED_EDGE('',*,*,#2559,.T.);
#3322=ORIENTED_EDGE('',*,*,#2556,.T.);
#3323=ORIENTED_EDGE('',*,*,#2550,.T.);
#3324=ORIENTED_EDGE('',*,*,#2554,.T.);
#3325=ORIENTED_EDGE('',*,*,#2560,.T.);
#3326=ORIENTED_EDGE('',*,*,#2561,.T.);
#3327=ORIENTED_EDGE('',*,*,#2562,.F.);
#3328=ORIENTED_EDGE('',*,*,#2563,.F.);
#3329=ORIENTED_EDGE('',*,*,#2564,.T.);
#3330=ORIENTED_EDGE('',*,*,#2563,.T.);
#3331=ORIENTED_EDGE('',*,*,#2565,.F.);
#3332=ORIENTED_EDGE('',*,*,#2566,.F.);
#3333=ORIENTED_EDGE('',*,*,#2567,.T.);
#3334=ORIENTED_EDGE('',*,*,#2566,.T.);
#3335=ORIENTED_EDGE('',*,*,#2568,.F.);
#3336=ORIENTED_EDGE('',*,*,#2569,.F.);
#3337=ORIENTED_EDGE('',*,*,#2570,.T.);
#3338=ORIENTED_EDGE('',*,*,#2569,.T.);
#3339=ORIENTED_EDGE('',*,*,#2571,.F.);
#3340=ORIENTED_EDGE('',*,*,#2561,.F.);
#3341=ORIENTED_EDGE('',*,*,#2571,.T.);
#3342=ORIENTED_EDGE('',*,*,#2568,.T.);
#3343=ORIENTED_EDGE('',*,*,#2565,.T.);
#3344=ORIENTED_EDGE('',*,*,#2562,.T.);
#3345=ORIENTED_EDGE('',*,*,#2552,.T.);
#3346=ORIENTED_EDGE('',*,*,#2548,.T.);
#3347=ORIENTED_EDGE('',*,*,#2555,.T.);
#3348=ORIENTED_EDGE('',*,*,#2558,.T.);
#3349=ORIENTED_EDGE('',*,*,#2570,.F.);
#3350=ORIENTED_EDGE('',*,*,#2560,.F.);
#3351=ORIENTED_EDGE('',*,*,#2564,.F.);
#3352=ORIENTED_EDGE('',*,*,#2567,.F.);
#3353=ORIENTED_EDGE('',*,*,#2572,.F.);
#3354=ORIENTED_EDGE('',*,*,#2573,.T.);
#3355=ORIENTED_EDGE('',*,*,#2574,.F.);
#3356=ORIENTED_EDGE('',*,*,#2575,.F.);
#3357=ORIENTED_EDGE('',*,*,#2576,.F.);
#3358=ORIENTED_EDGE('',*,*,#2577,.T.);
#3359=ORIENTED_EDGE('',*,*,#2578,.F.);
#3360=ORIENTED_EDGE('',*,*,#2573,.F.);
#3361=ORIENTED_EDGE('',*,*,#2579,.F.);
#3362=ORIENTED_EDGE('',*,*,#2575,.T.);
#3363=ORIENTED_EDGE('',*,*,#2580,.F.);
#3364=ORIENTED_EDGE('',*,*,#2581,.F.);
#3365=ORIENTED_EDGE('',*,*,#2582,.F.);
#3366=ORIENTED_EDGE('',*,*,#2581,.T.);
#3367=ORIENTED_EDGE('',*,*,#2583,.F.);
#3368=ORIENTED_EDGE('',*,*,#2577,.F.);
#3369=ORIENTED_EDGE('',*,*,#2583,.T.);
#3370=ORIENTED_EDGE('',*,*,#2580,.T.);
#3371=ORIENTED_EDGE('',*,*,#2574,.T.);
#3372=ORIENTED_EDGE('',*,*,#2578,.T.);
#3373=ORIENTED_EDGE('',*,*,#2584,.T.);
#3374=ORIENTED_EDGE('',*,*,#2585,.T.);
#3375=ORIENTED_EDGE('',*,*,#2586,.F.);
#3376=ORIENTED_EDGE('',*,*,#2587,.F.);
#3377=ORIENTED_EDGE('',*,*,#2588,.T.);
#3378=ORIENTED_EDGE('',*,*,#2587,.T.);
#3379=ORIENTED_EDGE('',*,*,#2589,.F.);
#3380=ORIENTED_EDGE('',*,*,#2590,.F.);
#3381=ORIENTED_EDGE('',*,*,#2591,.T.);
#3382=ORIENTED_EDGE('',*,*,#2590,.T.);
#3383=ORIENTED_EDGE('',*,*,#2592,.F.);
#3384=ORIENTED_EDGE('',*,*,#2593,.F.);
#3385=ORIENTED_EDGE('',*,*,#2594,.T.);
#3386=ORIENTED_EDGE('',*,*,#2593,.T.);
#3387=ORIENTED_EDGE('',*,*,#2595,.F.);
#3388=ORIENTED_EDGE('',*,*,#2585,.F.);
#3389=ORIENTED_EDGE('',*,*,#2595,.T.);
#3390=ORIENTED_EDGE('',*,*,#2592,.T.);
#3391=ORIENTED_EDGE('',*,*,#2589,.T.);
#3392=ORIENTED_EDGE('',*,*,#2586,.T.);
#3393=ORIENTED_EDGE('',*,*,#2576,.T.);
#3394=ORIENTED_EDGE('',*,*,#2572,.T.);
#3395=ORIENTED_EDGE('',*,*,#2579,.T.);
#3396=ORIENTED_EDGE('',*,*,#2582,.T.);
#3397=ORIENTED_EDGE('',*,*,#2594,.F.);
#3398=ORIENTED_EDGE('',*,*,#2584,.F.);
#3399=ORIENTED_EDGE('',*,*,#2588,.F.);
#3400=ORIENTED_EDGE('',*,*,#2591,.F.);
#3401=ORIENTED_EDGE('',*,*,#2596,.T.);
#3402=ORIENTED_EDGE('',*,*,#2597,.T.);
#3403=ORIENTED_EDGE('',*,*,#2598,.F.);
#3404=ORIENTED_EDGE('',*,*,#2599,.F.);
#3405=ORIENTED_EDGE('',*,*,#2600,.T.);
#3406=ORIENTED_EDGE('',*,*,#2599,.T.);
#3407=ORIENTED_EDGE('',*,*,#2601,.F.);
#3408=ORIENTED_EDGE('',*,*,#2602,.F.);
#3409=ORIENTED_EDGE('',*,*,#2603,.T.);
#3410=ORIENTED_EDGE('',*,*,#2602,.T.);
#3411=ORIENTED_EDGE('',*,*,#2604,.F.);
#3412=ORIENTED_EDGE('',*,*,#2605,.F.);
#3413=ORIENTED_EDGE('',*,*,#2606,.T.);
#3414=ORIENTED_EDGE('',*,*,#2605,.T.);
#3415=ORIENTED_EDGE('',*,*,#2607,.F.);
#3416=ORIENTED_EDGE('',*,*,#2597,.F.);
#3417=ORIENTED_EDGE('',*,*,#2607,.T.);
#3418=ORIENTED_EDGE('',*,*,#2604,.T.);
#3419=ORIENTED_EDGE('',*,*,#2601,.T.);
#3420=ORIENTED_EDGE('',*,*,#2598,.T.);
#3421=ORIENTED_EDGE('',*,*,#2606,.F.);
#3422=ORIENTED_EDGE('',*,*,#2596,.F.);
#3423=ORIENTED_EDGE('',*,*,#2600,.F.);
#3424=ORIENTED_EDGE('',*,*,#2603,.F.);
#3425=ORIENTED_EDGE('',*,*,#2608,.T.);
#3426=ORIENTED_EDGE('',*,*,#2609,.T.);
#3427=ORIENTED_EDGE('',*,*,#2610,.F.);
#3428=ORIENTED_EDGE('',*,*,#2611,.F.);
#3429=ORIENTED_EDGE('',*,*,#2612,.T.);
#3430=ORIENTED_EDGE('',*,*,#2611,.T.);
#3431=ORIENTED_EDGE('',*,*,#2613,.F.);
#3432=ORIENTED_EDGE('',*,*,#2614,.F.);
#3433=ORIENTED_EDGE('',*,*,#2615,.T.);
#3434=ORIENTED_EDGE('',*,*,#2614,.T.);
#3435=ORIENTED_EDGE('',*,*,#2616,.F.);
#3436=ORIENTED_EDGE('',*,*,#2617,.F.);
#3437=ORIENTED_EDGE('',*,*,#2618,.T.);
#3438=ORIENTED_EDGE('',*,*,#2617,.T.);
#3439=ORIENTED_EDGE('',*,*,#2619,.F.);
#3440=ORIENTED_EDGE('',*,*,#2609,.F.);
#3441=ORIENTED_EDGE('',*,*,#2619,.T.);
#3442=ORIENTED_EDGE('',*,*,#2616,.T.);
#3443=ORIENTED_EDGE('',*,*,#2613,.T.);
#3444=ORIENTED_EDGE('',*,*,#2610,.T.);
#3445=ORIENTED_EDGE('',*,*,#2618,.F.);
#3446=ORIENTED_EDGE('',*,*,#2608,.F.);
#3447=ORIENTED_EDGE('',*,*,#2612,.F.);
#3448=ORIENTED_EDGE('',*,*,#2615,.F.);
#3449=ORIENTED_EDGE('',*,*,#2620,.T.);
#3450=ORIENTED_EDGE('',*,*,#2621,.T.);
#3451=ORIENTED_EDGE('',*,*,#2622,.T.);
#3452=ORIENTED_EDGE('',*,*,#2623,.F.);
#3453=ORIENTED_EDGE('',*,*,#2624,.T.);
#3454=ORIENTED_EDGE('',*,*,#2625,.T.);
#3455=ORIENTED_EDGE('',*,*,#2626,.T.);
#3456=ORIENTED_EDGE('',*,*,#2621,.F.);
#3457=ORIENTED_EDGE('',*,*,#2627,.T.);
#3458=ORIENTED_EDGE('',*,*,#2628,.T.);
#3459=ORIENTED_EDGE('',*,*,#2629,.T.);
#3460=ORIENTED_EDGE('',*,*,#2625,.F.);
#3461=ORIENTED_EDGE('',*,*,#2630,.T.);
#3462=ORIENTED_EDGE('',*,*,#2631,.T.);
#3463=ORIENTED_EDGE('',*,*,#2632,.T.);
#3464=ORIENTED_EDGE('',*,*,#2628,.F.);
#3465=ORIENTED_EDGE('',*,*,#2633,.T.);
#3466=ORIENTED_EDGE('',*,*,#2634,.T.);
#3467=ORIENTED_EDGE('',*,*,#2635,.T.);
#3468=ORIENTED_EDGE('',*,*,#2631,.F.);
#3469=ORIENTED_EDGE('',*,*,#2636,.T.);
#3470=ORIENTED_EDGE('',*,*,#2637,.T.);
#3471=ORIENTED_EDGE('',*,*,#2638,.T.);
#3472=ORIENTED_EDGE('',*,*,#2634,.F.);
#3473=ORIENTED_EDGE('',*,*,#2639,.T.);
#3474=ORIENTED_EDGE('',*,*,#2640,.T.);
#3475=ORIENTED_EDGE('',*,*,#2641,.T.);
#3476=ORIENTED_EDGE('',*,*,#2637,.F.);
#3477=ORIENTED_EDGE('',*,*,#2642,.T.);
#3478=ORIENTED_EDGE('',*,*,#2640,.F.);
#3479=ORIENTED_EDGE('',*,*,#2643,.T.);
#3480=ORIENTED_EDGE('',*,*,#2644,.T.);
#3481=ORIENTED_EDGE('',*,*,#2645,.T.);
#3482=ORIENTED_EDGE('',*,*,#2644,.F.);
#3483=ORIENTED_EDGE('',*,*,#2646,.T.);
#3484=ORIENTED_EDGE('',*,*,#2647,.T.);
#3485=ORIENTED_EDGE('',*,*,#2648,.T.);
#3486=ORIENTED_EDGE('',*,*,#2647,.F.);
#3487=ORIENTED_EDGE('',*,*,#2649,.T.);
#3488=ORIENTED_EDGE('',*,*,#2650,.T.);
#3489=ORIENTED_EDGE('',*,*,#2651,.T.);
#3490=ORIENTED_EDGE('',*,*,#2650,.F.);
#3491=ORIENTED_EDGE('',*,*,#2652,.T.);
#3492=ORIENTED_EDGE('',*,*,#2653,.T.);
#3493=ORIENTED_EDGE('',*,*,#2654,.T.);
#3494=ORIENTED_EDGE('',*,*,#2653,.F.);
#3495=ORIENTED_EDGE('',*,*,#2655,.T.);
#3496=ORIENTED_EDGE('',*,*,#2623,.T.);
#3497=ORIENTED_EDGE('',*,*,#2642,.F.);
#3498=ORIENTED_EDGE('',*,*,#2656,.F.);
#3499=ORIENTED_EDGE('',*,*,#2657,.F.);
#3500=ORIENTED_EDGE('',*,*,#2658,.T.);
#3501=ORIENTED_EDGE('',*,*,#2645,.F.);
#3502=ORIENTED_EDGE('',*,*,#2659,.F.);
#3503=ORIENTED_EDGE('',*,*,#2660,.F.);
#3504=ORIENTED_EDGE('',*,*,#2656,.T.);
#3505=ORIENTED_EDGE('',*,*,#2648,.F.);
#3506=ORIENTED_EDGE('',*,*,#2661,.F.);
#3507=ORIENTED_EDGE('',*,*,#2662,.F.);
#3508=ORIENTED_EDGE('',*,*,#2659,.T.);
#3509=ORIENTED_EDGE('',*,*,#2651,.F.);
#3510=ORIENTED_EDGE('',*,*,#2663,.F.);
#3511=ORIENTED_EDGE('',*,*,#2664,.F.);
#3512=ORIENTED_EDGE('',*,*,#2661,.T.);
#3513=ORIENTED_EDGE('',*,*,#2654,.F.);
#3514=ORIENTED_EDGE('',*,*,#2665,.F.);
#3515=ORIENTED_EDGE('',*,*,#2666,.F.);
#3516=ORIENTED_EDGE('',*,*,#2663,.T.);
#3517=ORIENTED_EDGE('',*,*,#2622,.F.);
#3518=ORIENTED_EDGE('',*,*,#2667,.F.);
#3519=ORIENTED_EDGE('',*,*,#2668,.F.);
#3520=ORIENTED_EDGE('',*,*,#2665,.T.);
#3521=ORIENTED_EDGE('',*,*,#2620,.F.);
#3522=ORIENTED_EDGE('',*,*,#2655,.F.);
#3523=ORIENTED_EDGE('',*,*,#2652,.F.);
#3524=ORIENTED_EDGE('',*,*,#2649,.F.);
#3525=ORIENTED_EDGE('',*,*,#2646,.F.);
#3526=ORIENTED_EDGE('',*,*,#2643,.F.);
#3527=ORIENTED_EDGE('',*,*,#2639,.F.);
#3528=ORIENTED_EDGE('',*,*,#2636,.F.);
#3529=ORIENTED_EDGE('',*,*,#2633,.F.);
#3530=ORIENTED_EDGE('',*,*,#2630,.F.);
#3531=ORIENTED_EDGE('',*,*,#2627,.F.);
#3532=ORIENTED_EDGE('',*,*,#2624,.F.);
#3533=ORIENTED_EDGE('',*,*,#2669,.T.);
#3534=ORIENTED_EDGE('',*,*,#2670,.T.);
#3535=ORIENTED_EDGE('',*,*,#2671,.T.);
#3536=ORIENTED_EDGE('',*,*,#2672,.T.);
#3537=ORIENTED_EDGE('',*,*,#2670,.F.);
#3538=ORIENTED_EDGE('',*,*,#2672,.F.);
#3539=ORIENTED_EDGE('',*,*,#2673,.T.);
#3540=ORIENTED_EDGE('',*,*,#2674,.F.);
#3541=ORIENTED_EDGE('',*,*,#2673,.F.);
#3542=ORIENTED_EDGE('',*,*,#2671,.F.);
#3543=ORIENTED_EDGE('',*,*,#2669,.F.);
#3544=ORIENTED_EDGE('',*,*,#2675,.T.);
#3545=ORIENTED_EDGE('',*,*,#2676,.T.);
#3546=ORIENTED_EDGE('',*,*,#2677,.T.);
#3547=ORIENTED_EDGE('',*,*,#2678,.T.);
#3548=ORIENTED_EDGE('',*,*,#2676,.F.);
#3549=ORIENTED_EDGE('',*,*,#2678,.F.);
#3550=ORIENTED_EDGE('',*,*,#2679,.T.);
#3551=ORIENTED_EDGE('',*,*,#2680,.F.);
#3552=ORIENTED_EDGE('',*,*,#2679,.F.);
#3553=ORIENTED_EDGE('',*,*,#2677,.F.);
#3554=ORIENTED_EDGE('',*,*,#2675,.F.);
#3555=ORIENTED_EDGE('',*,*,#2626,.F.);
#3556=ORIENTED_EDGE('',*,*,#2681,.F.);
#3557=ORIENTED_EDGE('',*,*,#2682,.F.);
#3558=ORIENTED_EDGE('',*,*,#2667,.T.);
#3559=ORIENTED_EDGE('',*,*,#2629,.F.);
#3560=ORIENTED_EDGE('',*,*,#2683,.F.);
#3561=ORIENTED_EDGE('',*,*,#2684,.F.);
#3562=ORIENTED_EDGE('',*,*,#2681,.T.);
#3563=ORIENTED_EDGE('',*,*,#2632,.F.);
#3564=ORIENTED_EDGE('',*,*,#2685,.F.);
#3565=ORIENTED_EDGE('',*,*,#2686,.F.);
#3566=ORIENTED_EDGE('',*,*,#2683,.T.);
#3567=ORIENTED_EDGE('',*,*,#2635,.F.);
#3568=ORIENTED_EDGE('',*,*,#2687,.F.);
#3569=ORIENTED_EDGE('',*,*,#2688,.F.);
#3570=ORIENTED_EDGE('',*,*,#2685,.T.);
#3571=ORIENTED_EDGE('',*,*,#2638,.F.);
#3572=ORIENTED_EDGE('',*,*,#2689,.F.);
#3573=ORIENTED_EDGE('',*,*,#2690,.F.);
#3574=ORIENTED_EDGE('',*,*,#2687,.T.);
#3575=ORIENTED_EDGE('',*,*,#2641,.F.);
#3576=ORIENTED_EDGE('',*,*,#2658,.F.);
#3577=ORIENTED_EDGE('',*,*,#2691,.F.);
#3578=ORIENTED_EDGE('',*,*,#2689,.T.);
#3579=ORIENTED_EDGE('',*,*,#2692,.T.);
#3580=ORIENTED_EDGE('',*,*,#2693,.T.);
#3581=ORIENTED_EDGE('',*,*,#2694,.T.);
#3582=ORIENTED_EDGE('',*,*,#2695,.T.);
#3583=ORIENTED_EDGE('',*,*,#2693,.F.);
#3584=ORIENTED_EDGE('',*,*,#2696,.F.);
#3585=ORIENTED_EDGE('',*,*,#2697,.T.);
#3586=ORIENTED_EDGE('',*,*,#2698,.F.);
#3587=ORIENTED_EDGE('',*,*,#2699,.F.);
#3588=ORIENTED_EDGE('',*,*,#2700,.F.);
#3589=ORIENTED_EDGE('',*,*,#2692,.F.);
#3590=ORIENTED_EDGE('',*,*,#2701,.T.);
#3591=ORIENTED_EDGE('',*,*,#2702,.F.);
#3592=ORIENTED_EDGE('',*,*,#2703,.T.);
#3593=ORIENTED_EDGE('',*,*,#2704,.F.);
#3594=ORIENTED_EDGE('',*,*,#2705,.T.);
#3595=ORIENTED_EDGE('',*,*,#2706,.F.);
#3596=ORIENTED_EDGE('',*,*,#2707,.T.);
#3597=ORIENTED_EDGE('',*,*,#2696,.T.);
#3598=ORIENTED_EDGE('',*,*,#2708,.T.);
#3599=ORIENTED_EDGE('',*,*,#2709,.T.);
#3600=ORIENTED_EDGE('',*,*,#2710,.T.);
#3601=ORIENTED_EDGE('',*,*,#2711,.T.);
#3602=ORIENTED_EDGE('',*,*,#2712,.T.);
#3603=ORIENTED_EDGE('',*,*,#2713,.T.);
#3604=ORIENTED_EDGE('',*,*,#2702,.T.);
#3605=ORIENTED_EDGE('',*,*,#2714,.T.);
#3606=ORIENTED_EDGE('',*,*,#2713,.F.);
#3607=ORIENTED_EDGE('',*,*,#2715,.F.);
#3608=ORIENTED_EDGE('',*,*,#2699,.T.);
#3609=ORIENTED_EDGE('',*,*,#2716,.F.);
#3610=ORIENTED_EDGE('',*,*,#2717,.F.);
#3611=ORIENTED_EDGE('',*,*,#2718,.F.);
#3612=ORIENTED_EDGE('',*,*,#2703,.F.);
#3613=ORIENTED_EDGE('',*,*,#2719,.F.);
#3614=ORIENTED_EDGE('',*,*,#2720,.F.);
#3615=ORIENTED_EDGE('',*,*,#2721,.F.);
#3616=ORIENTED_EDGE('',*,*,#2722,.F.);
#3617=ORIENTED_EDGE('',*,*,#2695,.F.);
#3618=ORIENTED_EDGE('',*,*,#2723,.F.);
#3619=ORIENTED_EDGE('',*,*,#2714,.F.);
#3620=ORIENTED_EDGE('',*,*,#2701,.F.);
#3621=ORIENTED_EDGE('',*,*,#2694,.F.);
#3622=ORIENTED_EDGE('',*,*,#2700,.T.);
#3623=ORIENTED_EDGE('',*,*,#2715,.T.);
#3624=ORIENTED_EDGE('',*,*,#2712,.F.);
#3625=ORIENTED_EDGE('',*,*,#2723,.T.);
#3626=ORIENTED_EDGE('',*,*,#2724,.T.);
#3627=ORIENTED_EDGE('',*,*,#2719,.T.);
#3628=ORIENTED_EDGE('',*,*,#2725,.T.);
#3629=ORIENTED_EDGE('',*,*,#2726,.T.);
#3630=ORIENTED_EDGE('',*,*,#2727,.T.);
#3631=ORIENTED_EDGE('',*,*,#2720,.T.);
#3632=ORIENTED_EDGE('',*,*,#2724,.F.);
#3633=ORIENTED_EDGE('',*,*,#2728,.T.);
#3634=ORIENTED_EDGE('',*,*,#2729,.T.);
#3635=ORIENTED_EDGE('',*,*,#2721,.T.);
#3636=ORIENTED_EDGE('',*,*,#2727,.F.);
#3637=ORIENTED_EDGE('',*,*,#2730,.T.);
#3638=ORIENTED_EDGE('',*,*,#2725,.F.);
#3639=ORIENTED_EDGE('',*,*,#2722,.T.);
#3640=ORIENTED_EDGE('',*,*,#2729,.F.);
#3641=ORIENTED_EDGE('',*,*,#2731,.T.);
#3642=ORIENTED_EDGE('',*,*,#2728,.F.);
#3643=ORIENTED_EDGE('',*,*,#2732,.T.);
#3644=ORIENTED_EDGE('',*,*,#2733,.F.);
#3645=ORIENTED_EDGE('',*,*,#2734,.F.);
#3646=ORIENTED_EDGE('',*,*,#2726,.F.);
#3647=ORIENTED_EDGE('',*,*,#2735,.T.);
#3648=ORIENTED_EDGE('',*,*,#2736,.F.);
#3649=ORIENTED_EDGE('',*,*,#2732,.F.);
#3650=ORIENTED_EDGE('',*,*,#2731,.F.);
#3651=ORIENTED_EDGE('',*,*,#2737,.T.);
#3652=ORIENTED_EDGE('',*,*,#2738,.F.);
#3653=ORIENTED_EDGE('',*,*,#2735,.F.);
#3654=ORIENTED_EDGE('',*,*,#2730,.F.);
#3655=ORIENTED_EDGE('',*,*,#2734,.T.);
#3656=ORIENTED_EDGE('',*,*,#2739,.F.);
#3657=ORIENTED_EDGE('',*,*,#2737,.F.);
#3658=ORIENTED_EDGE('',*,*,#2740,.T.);
#3659=ORIENTED_EDGE('',*,*,#2741,.T.);
#3660=ORIENTED_EDGE('',*,*,#2742,.T.);
#3661=ORIENTED_EDGE('',*,*,#2743,.F.);
#3662=ORIENTED_EDGE('',*,*,#2744,.T.);
#3663=ORIENTED_EDGE('',*,*,#2745,.T.);
#3664=ORIENTED_EDGE('',*,*,#2746,.T.);
#3665=ORIENTED_EDGE('',*,*,#2741,.F.);
#3666=ORIENTED_EDGE('',*,*,#2747,.T.);
#3667=ORIENTED_EDGE('',*,*,#2748,.T.);
#3668=ORIENTED_EDGE('',*,*,#2749,.T.);
#3669=ORIENTED_EDGE('',*,*,#2745,.F.);
#3670=ORIENTED_EDGE('',*,*,#2750,.T.);
#3671=ORIENTED_EDGE('',*,*,#2748,.F.);
#3672=ORIENTED_EDGE('',*,*,#2751,.T.);
#3673=ORIENTED_EDGE('',*,*,#2743,.T.);
#3674=ORIENTED_EDGE('',*,*,#2750,.F.);
#3675=ORIENTED_EDGE('',*,*,#2752,.F.);
#3676=ORIENTED_EDGE('',*,*,#2753,.T.);
#3677=ORIENTED_EDGE('',*,*,#2754,.T.);
#3678=ORIENTED_EDGE('',*,*,#2742,.F.);
#3679=ORIENTED_EDGE('',*,*,#2755,.F.);
#3680=ORIENTED_EDGE('',*,*,#2756,.T.);
#3681=ORIENTED_EDGE('',*,*,#2752,.T.);
#3682=ORIENTED_EDGE('',*,*,#2757,.F.);
#3683=ORIENTED_EDGE('',*,*,#2758,.F.);
#3684=ORIENTED_EDGE('',*,*,#2759,.F.);
#3685=ORIENTED_EDGE('',*,*,#2760,.F.);
#3686=ORIENTED_EDGE('',*,*,#2740,.F.);
#3687=ORIENTED_EDGE('',*,*,#2751,.F.);
#3688=ORIENTED_EDGE('',*,*,#2747,.F.);
#3689=ORIENTED_EDGE('',*,*,#2744,.F.);
#3690=ORIENTED_EDGE('',*,*,#2761,.T.);
#3691=ORIENTED_EDGE('',*,*,#2762,.T.);
#3692=ORIENTED_EDGE('',*,*,#2717,.T.);
#3693=ORIENTED_EDGE('',*,*,#2763,.T.);
#3694=ORIENTED_EDGE('',*,*,#2764,.T.);
#3695=ORIENTED_EDGE('',*,*,#2763,.F.);
#3696=ORIENTED_EDGE('',*,*,#2716,.T.);
#3697=ORIENTED_EDGE('',*,*,#2765,.T.);
#3698=ORIENTED_EDGE('',*,*,#2766,.T.);
#3699=ORIENTED_EDGE('',*,*,#2767,.T.);
#3700=ORIENTED_EDGE('',*,*,#2768,.T.);
#3701=ORIENTED_EDGE('',*,*,#2769,.T.);
#3702=ORIENTED_EDGE('',*,*,#2770,.T.);
#3703=ORIENTED_EDGE('',*,*,#2771,.F.);
#3704=ORIENTED_EDGE('',*,*,#2674,.T.);
#3705=ORIENTED_EDGE('',*,*,#2680,.T.);
#3706=ORIENTED_EDGE('',*,*,#2657,.T.);
#3707=ORIENTED_EDGE('',*,*,#2660,.T.);
#3708=ORIENTED_EDGE('',*,*,#2662,.T.);
#3709=ORIENTED_EDGE('',*,*,#2664,.T.);
#3710=ORIENTED_EDGE('',*,*,#2666,.T.);
#3711=ORIENTED_EDGE('',*,*,#2668,.T.);
#3712=ORIENTED_EDGE('',*,*,#2682,.T.);
#3713=ORIENTED_EDGE('',*,*,#2684,.T.);
#3714=ORIENTED_EDGE('',*,*,#2686,.T.);
#3715=ORIENTED_EDGE('',*,*,#2688,.T.);
#3716=ORIENTED_EDGE('',*,*,#2690,.T.);
#3717=ORIENTED_EDGE('',*,*,#2691,.T.);
#3718=ORIENTED_EDGE('',*,*,#2772,.T.);
#3719=ORIENTED_EDGE('',*,*,#2773,.T.);
#3720=ORIENTED_EDGE('',*,*,#2774,.T.);
#3721=ORIENTED_EDGE('',*,*,#2775,.T.);
#3722=ORIENTED_EDGE('',*,*,#2762,.F.);
#3723=ORIENTED_EDGE('',*,*,#2776,.T.);
#3724=ORIENTED_EDGE('',*,*,#2704,.T.);
#3725=ORIENTED_EDGE('',*,*,#2718,.T.);
#3726=ORIENTED_EDGE('',*,*,#2764,.F.);
#3727=ORIENTED_EDGE('',*,*,#2771,.T.);
#3728=ORIENTED_EDGE('',*,*,#2777,.T.);
#3729=ORIENTED_EDGE('',*,*,#2778,.T.);
#3730=ORIENTED_EDGE('',*,*,#2779,.T.);
#3731=ORIENTED_EDGE('',*,*,#2761,.F.);
#3732=ORIENTED_EDGE('',*,*,#2779,.F.);
#3733=ORIENTED_EDGE('',*,*,#2780,.F.);
#3734=ORIENTED_EDGE('',*,*,#2705,.F.);
#3735=ORIENTED_EDGE('',*,*,#2776,.F.);
#3736=ORIENTED_EDGE('',*,*,#2778,.F.);
#3737=ORIENTED_EDGE('',*,*,#2781,.T.);
#3738=ORIENTED_EDGE('',*,*,#2706,.T.);
#3739=ORIENTED_EDGE('',*,*,#2780,.T.);
#3740=ORIENTED_EDGE('',*,*,#2782,.T.);
#3741=ORIENTED_EDGE('',*,*,#2783,.T.);
#3742=ORIENTED_EDGE('',*,*,#2757,.T.);
#3743=ORIENTED_EDGE('',*,*,#2784,.T.);
#3744=ORIENTED_EDGE('',*,*,#2760,.T.);
#3745=ORIENTED_EDGE('',*,*,#2785,.T.);
#3746=ORIENTED_EDGE('',*,*,#2786,.T.);
#3747=ORIENTED_EDGE('',*,*,#2698,.T.);
#3748=ORIENTED_EDGE('',*,*,#2787,.T.);
#3749=ORIENTED_EDGE('',*,*,#2784,.F.);
#3750=ORIENTED_EDGE('',*,*,#2759,.T.);
#3751=ORIENTED_EDGE('',*,*,#2788,.T.);
#3752=ORIENTED_EDGE('',*,*,#2789,.T.);
#3753=ORIENTED_EDGE('',*,*,#2785,.F.);
#3754=ORIENTED_EDGE('',*,*,#2782,.F.);
#3755=ORIENTED_EDGE('',*,*,#2787,.F.);
#3756=ORIENTED_EDGE('',*,*,#2769,.F.);
#3757=ORIENTED_EDGE('',*,*,#2790,.T.);
#3758=ORIENTED_EDGE('',*,*,#2791,.F.);
#3759=ORIENTED_EDGE('',*,*,#2786,.F.);
#3760=ORIENTED_EDGE('',*,*,#2789,.F.);
#3761=ORIENTED_EDGE('',*,*,#2792,.F.);
#3762=ORIENTED_EDGE('',*,*,#2793,.F.);
#3763=ORIENTED_EDGE('',*,*,#2765,.F.);
#3764=ORIENTED_EDGE('',*,*,#2777,.F.);
#3765=ORIENTED_EDGE('',*,*,#2770,.F.);
#3766=ORIENTED_EDGE('',*,*,#2697,.F.);
#3767=ORIENTED_EDGE('',*,*,#2707,.F.);
#3768=ORIENTED_EDGE('',*,*,#2781,.F.);
#3769=ORIENTED_EDGE('',*,*,#2783,.F.);
#3770=ORIENTED_EDGE('',*,*,#2791,.T.);
#3771=ORIENTED_EDGE('',*,*,#2794,.T.);
#3772=ORIENTED_EDGE('',*,*,#2767,.F.);
#3773=ORIENTED_EDGE('',*,*,#2795,.T.);
#3774=ORIENTED_EDGE('',*,*,#2792,.T.);
#3775=ORIENTED_EDGE('',*,*,#2788,.F.);
#3776=ORIENTED_EDGE('',*,*,#2758,.T.);
#3777=ORIENTED_EDGE('',*,*,#2796,.T.);
#3778=ORIENTED_EDGE('',*,*,#2797,.T.);
#3779=ORIENTED_EDGE('',*,*,#2798,.T.);
#3780=ORIENTED_EDGE('',*,*,#2799,.T.);
#3781=ORIENTED_EDGE('',*,*,#2800,.T.);
#3782=ORIENTED_EDGE('',*,*,#2801,.T.);
#3783=ORIENTED_EDGE('',*,*,#2802,.T.);
#3784=ORIENTED_EDGE('',*,*,#2803,.T.);
#3785=ORIENTED_EDGE('',*,*,#2804,.T.);
#3786=ORIENTED_EDGE('',*,*,#2805,.T.);
#3787=ORIENTED_EDGE('',*,*,#2806,.T.);
#3788=ORIENTED_EDGE('',*,*,#2807,.T.);
#3789=ORIENTED_EDGE('',*,*,#2808,.T.);
#3790=ORIENTED_EDGE('',*,*,#2809,.T.);
#3791=ORIENTED_EDGE('',*,*,#2810,.T.);
#3792=ORIENTED_EDGE('',*,*,#2811,.F.);
#3793=ORIENTED_EDGE('',*,*,#2812,.T.);
#3794=ORIENTED_EDGE('',*,*,#2813,.T.);
#3795=ORIENTED_EDGE('',*,*,#2807,.F.);
#3796=ORIENTED_EDGE('',*,*,#2814,.F.);
#3797=ORIENTED_EDGE('',*,*,#2808,.F.);
#3798=ORIENTED_EDGE('',*,*,#2813,.F.);
#3799=ORIENTED_EDGE('',*,*,#2815,.F.);
#3800=ORIENTED_EDGE('',*,*,#2816,.F.);
#3801=ORIENTED_EDGE('',*,*,#2815,.T.);
#3802=ORIENTED_EDGE('',*,*,#2812,.F.);
#3803=ORIENTED_EDGE('',*,*,#2817,.F.);
#3804=ORIENTED_EDGE('',*,*,#2818,.F.);
#3805=ORIENTED_EDGE('',*,*,#2810,.F.);
#3806=ORIENTED_EDGE('',*,*,#2819,.T.);
#3807=ORIENTED_EDGE('',*,*,#2818,.T.);
#3808=ORIENTED_EDGE('',*,*,#2819,.F.);
#3809=ORIENTED_EDGE('',*,*,#2814,.T.);
#3810=ORIENTED_EDGE('',*,*,#2816,.T.);
#3811=ORIENTED_EDGE('',*,*,#2820,.T.);
#3812=ORIENTED_EDGE('',*,*,#2821,.F.);
#3813=ORIENTED_EDGE('',*,*,#2822,.F.);
#3814=ORIENTED_EDGE('',*,*,#2823,.F.);
#3815=ORIENTED_EDGE('',*,*,#2824,.F.);
#3816=ORIENTED_EDGE('',*,*,#2825,.F.);
#3817=ORIENTED_EDGE('',*,*,#2826,.T.);
#3818=ORIENTED_EDGE('',*,*,#2797,.F.);
#3819=ORIENTED_EDGE('',*,*,#2827,.T.);
#3820=ORIENTED_EDGE('',*,*,#2711,.F.);
#3821=ORIENTED_EDGE('',*,*,#2828,.F.);
#3822=ORIENTED_EDGE('',*,*,#2809,.F.);
#3823=ORIENTED_EDGE('',*,*,#2829,.F.);
#3824=ORIENTED_EDGE('',*,*,#2830,.F.);
#3825=ORIENTED_EDGE('',*,*,#2831,.F.);
#3826=ORIENTED_EDGE('',*,*,#2832,.F.);
#3827=ORIENTED_EDGE('',*,*,#2833,.F.);
#3828=ORIENTED_EDGE('',*,*,#2834,.F.);
#3829=ORIENTED_EDGE('',*,*,#2830,.T.);
#3830=ORIENTED_EDGE('',*,*,#2835,.T.);
#3831=ORIENTED_EDGE('',*,*,#2836,.F.);
#3832=ORIENTED_EDGE('',*,*,#2835,.F.);
#3833=ORIENTED_EDGE('',*,*,#2829,.T.);
#3834=ORIENTED_EDGE('',*,*,#2837,.F.);
#3835=ORIENTED_EDGE('',*,*,#2838,.F.);
#3836=ORIENTED_EDGE('',*,*,#2839,.F.);
#3837=ORIENTED_EDGE('',*,*,#2840,.T.);
#3838=ORIENTED_EDGE('',*,*,#2838,.T.);
#3839=ORIENTED_EDGE('',*,*,#2840,.F.);
#3840=ORIENTED_EDGE('',*,*,#2811,.T.);
#3841=ORIENTED_EDGE('',*,*,#2806,.F.);
#3842=ORIENTED_EDGE('',*,*,#2828,.T.);
#3843=ORIENTED_EDGE('',*,*,#2710,.F.);
#3844=ORIENTED_EDGE('',*,*,#2841,.F.);
#3845=ORIENTED_EDGE('',*,*,#2842,.F.);
#3846=ORIENTED_EDGE('',*,*,#2833,.T.);
#3847=ORIENTED_EDGE('',*,*,#2836,.T.);
#3848=ORIENTED_EDGE('',*,*,#2843,.T.);
#3849=ORIENTED_EDGE('',*,*,#2844,.T.);
#3850=ORIENTED_EDGE('',*,*,#2820,.F.);
#3851=ORIENTED_EDGE('',*,*,#2817,.T.);
#3852=ORIENTED_EDGE('',*,*,#2837,.T.);
#3853=ORIENTED_EDGE('',*,*,#2832,.T.);
#3854=ORIENTED_EDGE('',*,*,#2845,.F.);
#3855=ORIENTED_EDGE('',*,*,#2841,.T.);
#3856=ORIENTED_EDGE('',*,*,#2709,.F.);
#3857=ORIENTED_EDGE('',*,*,#2846,.F.);
#3858=ORIENTED_EDGE('',*,*,#2801,.F.);
#3859=ORIENTED_EDGE('',*,*,#2847,.T.);
#3860=ORIENTED_EDGE('',*,*,#2848,.F.);
#3861=ORIENTED_EDGE('',*,*,#2849,.F.);
#3862=ORIENTED_EDGE('',*,*,#2850,.F.);
#3863=ORIENTED_EDGE('',*,*,#2851,.T.);
#3864=ORIENTED_EDGE('',*,*,#2852,.F.);
#3865=ORIENTED_EDGE('',*,*,#2843,.F.);
#3866=ORIENTED_EDGE('',*,*,#2739,.T.);
#3867=ORIENTED_EDGE('',*,*,#2733,.T.);
#3868=ORIENTED_EDGE('',*,*,#2736,.T.);
#3869=ORIENTED_EDGE('',*,*,#2738,.T.);
#3870=ORIENTED_EDGE('',*,*,#2826,.F.);
#3871=ORIENTED_EDGE('',*,*,#2853,.F.);
#3872=ORIENTED_EDGE('',*,*,#2854,.T.);
#3873=ORIENTED_EDGE('',*,*,#2798,.F.);
#3874=ORIENTED_EDGE('',*,*,#2800,.F.);
#3875=ORIENTED_EDGE('',*,*,#2855,.T.);
#3876=ORIENTED_EDGE('',*,*,#2856,.F.);
#3877=ORIENTED_EDGE('',*,*,#2855,.F.);
#3878=ORIENTED_EDGE('',*,*,#2857,.F.);
#3879=ORIENTED_EDGE('',*,*,#2858,.F.);
#3880=ORIENTED_EDGE('',*,*,#2799,.F.);
#3881=ORIENTED_EDGE('',*,*,#2854,.F.);
#3882=ORIENTED_EDGE('',*,*,#2845,.T.);
#3883=ORIENTED_EDGE('',*,*,#2831,.T.);
#3884=ORIENTED_EDGE('',*,*,#2834,.T.);
#3885=ORIENTED_EDGE('',*,*,#2842,.T.);
#3886=ORIENTED_EDGE('',*,*,#2839,.T.);
#3887=ORIENTED_EDGE('',*,*,#2858,.T.);
#3888=ORIENTED_EDGE('',*,*,#2859,.F.);
#3889=ORIENTED_EDGE('',*,*,#2860,.T.);
#3890=ORIENTED_EDGE('',*,*,#2802,.F.);
#3891=ORIENTED_EDGE('',*,*,#2846,.T.);
#3892=ORIENTED_EDGE('',*,*,#2708,.F.);
#3893=ORIENTED_EDGE('',*,*,#2827,.F.);
#3894=ORIENTED_EDGE('',*,*,#2796,.F.);
#3895=ORIENTED_EDGE('',*,*,#2856,.T.);
#3896=ORIENTED_EDGE('',*,*,#2805,.F.);
#3897=ORIENTED_EDGE('',*,*,#2861,.T.);
#3898=ORIENTED_EDGE('',*,*,#2862,.F.);
#3899=ORIENTED_EDGE('',*,*,#2861,.F.);
#3900=ORIENTED_EDGE('',*,*,#2863,.F.);
#3901=ORIENTED_EDGE('',*,*,#2847,.F.);
#3902=ORIENTED_EDGE('',*,*,#2804,.F.);
#3903=ORIENTED_EDGE('',*,*,#2864,.F.);
#3904=ORIENTED_EDGE('',*,*,#2865,.F.);
#3905=ORIENTED_EDGE('',*,*,#2864,.T.);
#3906=ORIENTED_EDGE('',*,*,#2803,.F.);
#3907=ORIENTED_EDGE('',*,*,#2860,.F.);
#3908=ORIENTED_EDGE('',*,*,#2853,.T.);
#3909=ORIENTED_EDGE('',*,*,#2825,.T.);
#3910=ORIENTED_EDGE('',*,*,#2866,.T.);
#3911=ORIENTED_EDGE('',*,*,#2848,.T.);
#3912=ORIENTED_EDGE('',*,*,#2863,.T.);
#3913=ORIENTED_EDGE('',*,*,#2865,.T.);
#3914=ORIENTED_EDGE('',*,*,#2859,.T.);
#3915=ORIENTED_EDGE('',*,*,#2857,.T.);
#3916=ORIENTED_EDGE('',*,*,#2867,.T.);
#3917=ORIENTED_EDGE('',*,*,#2868,.T.);
#3918=ORIENTED_EDGE('',*,*,#2869,.T.);
#3919=ORIENTED_EDGE('',*,*,#2870,.T.);
#3920=ORIENTED_EDGE('',*,*,#2871,.F.);
#3921=ORIENTED_EDGE('',*,*,#2851,.F.);
#3922=ORIENTED_EDGE('',*,*,#2872,.T.);
#3923=ORIENTED_EDGE('',*,*,#2822,.T.);
#3924=ORIENTED_EDGE('',*,*,#2794,.F.);
#3925=ORIENTED_EDGE('',*,*,#2790,.F.);
#3926=ORIENTED_EDGE('',*,*,#2768,.F.);
#3927=ORIENTED_EDGE('',*,*,#2795,.F.);
#3928=ORIENTED_EDGE('',*,*,#2766,.F.);
#3929=ORIENTED_EDGE('',*,*,#2793,.T.);
#3930=ORIENTED_EDGE('',*,*,#2823,.T.);
#3931=ORIENTED_EDGE('',*,*,#2872,.F.);
#3932=ORIENTED_EDGE('',*,*,#2850,.T.);
#3933=ORIENTED_EDGE('',*,*,#2873,.T.);
#3934=ORIENTED_EDGE('',*,*,#2862,.T.);
#3935=ORIENTED_EDGE('',*,*,#2867,.F.);
#3936=ORIENTED_EDGE('',*,*,#2874,.T.);
#3937=ORIENTED_EDGE('',*,*,#2875,.T.);
#3938=ORIENTED_EDGE('',*,*,#2876,.F.);
#3939=ORIENTED_EDGE('',*,*,#2870,.F.);
#3940=ORIENTED_EDGE('',*,*,#2877,.T.);
#3941=ORIENTED_EDGE('',*,*,#2878,.T.);
#3942=ORIENTED_EDGE('',*,*,#2874,.F.);
#3943=ORIENTED_EDGE('',*,*,#2869,.F.);
#3944=ORIENTED_EDGE('',*,*,#2879,.T.);
#3945=ORIENTED_EDGE('',*,*,#2880,.T.);
#3946=ORIENTED_EDGE('',*,*,#2877,.F.);
#3947=ORIENTED_EDGE('',*,*,#2868,.F.);
#3948=ORIENTED_EDGE('',*,*,#2876,.T.);
#3949=ORIENTED_EDGE('',*,*,#2881,.T.);
#3950=ORIENTED_EDGE('',*,*,#2879,.F.);
#3951=ORIENTED_EDGE('',*,*,#2881,.F.);
#3952=ORIENTED_EDGE('',*,*,#2875,.F.);
#3953=ORIENTED_EDGE('',*,*,#2878,.F.);
#3954=ORIENTED_EDGE('',*,*,#2880,.F.);
#3955=ORIENTED_EDGE('',*,*,#2882,.F.);
#3956=ORIENTED_EDGE('',*,*,#2883,.F.);
#3957=ORIENTED_EDGE('',*,*,#2884,.F.);
#3958=ORIENTED_EDGE('',*,*,#2885,.F.);
#3959=ORIENTED_EDGE('',*,*,#2883,.T.);
#3960=ORIENTED_EDGE('',*,*,#2886,.T.);
#3961=ORIENTED_EDGE('',*,*,#2775,.F.);
#3962=ORIENTED_EDGE('',*,*,#2887,.F.);
#3963=ORIENTED_EDGE('',*,*,#2882,.T.);
#3964=ORIENTED_EDGE('',*,*,#2888,.T.);
#3965=ORIENTED_EDGE('',*,*,#2772,.F.);
#3966=ORIENTED_EDGE('',*,*,#2886,.F.);
#3967=ORIENTED_EDGE('',*,*,#2884,.T.);
#3968=ORIENTED_EDGE('',*,*,#2887,.T.);
#3969=ORIENTED_EDGE('',*,*,#2774,.F.);
#3970=ORIENTED_EDGE('',*,*,#2889,.F.);
#3971=ORIENTED_EDGE('',*,*,#2885,.T.);
#3972=ORIENTED_EDGE('',*,*,#2889,.T.);
#3973=ORIENTED_EDGE('',*,*,#2773,.F.);
#3974=ORIENTED_EDGE('',*,*,#2888,.F.);
#3975=ORIENTED_EDGE('',*,*,#2849,.T.);
#3976=ORIENTED_EDGE('',*,*,#2866,.F.);
#3977=ORIENTED_EDGE('',*,*,#2824,.T.);
#3978=ORIENTED_EDGE('',*,*,#2873,.F.);
#3979=ORIENTED_EDGE('',*,*,#2749,.F.);
#3980=ORIENTED_EDGE('',*,*,#2754,.F.);
#3981=ORIENTED_EDGE('',*,*,#2890,.T.);
#3982=ORIENTED_EDGE('',*,*,#2891,.T.);
#3983=ORIENTED_EDGE('',*,*,#2746,.F.);
#3984=ORIENTED_EDGE('',*,*,#2891,.F.);
#3985=ORIENTED_EDGE('',*,*,#2892,.T.);
#3986=ORIENTED_EDGE('',*,*,#2755,.T.);
#3987=ORIENTED_EDGE('',*,*,#2821,.T.);
#3988=ORIENTED_EDGE('',*,*,#2844,.F.);
#3989=ORIENTED_EDGE('',*,*,#2852,.T.);
#3990=ORIENTED_EDGE('',*,*,#2871,.T.);
#3991=ORIENTED_EDGE('',*,*,#2892,.F.);
#3992=ORIENTED_EDGE('',*,*,#2890,.F.);
#3993=ORIENTED_EDGE('',*,*,#2753,.F.);
#3994=ORIENTED_EDGE('',*,*,#2756,.F.);
#3995=ORIENTED_EDGE('',*,*,#2893,.T.);
#3996=ORIENTED_EDGE('',*,*,#2894,.T.);
#3997=ORIENTED_EDGE('',*,*,#2895,.T.);
#3998=ORIENTED_EDGE('',*,*,#2896,.F.);
#3999=ORIENTED_EDGE('',*,*,#2897,.T.);
#4000=ORIENTED_EDGE('',*,*,#2898,.T.);
#4001=ORIENTED_EDGE('',*,*,#2899,.T.);
#4002=ORIENTED_EDGE('',*,*,#2894,.F.);
#4003=ORIENTED_EDGE('',*,*,#2900,.T.);
#4004=ORIENTED_EDGE('',*,*,#2901,.T.);
#4005=ORIENTED_EDGE('',*,*,#2902,.T.);
#4006=ORIENTED_EDGE('',*,*,#2898,.F.);
#4007=ORIENTED_EDGE('',*,*,#2903,.T.);
#4008=ORIENTED_EDGE('',*,*,#2901,.F.);
#4009=ORIENTED_EDGE('',*,*,#2904,.T.);
#4010=ORIENTED_EDGE('',*,*,#2896,.T.);
#4011=ORIENTED_EDGE('',*,*,#2903,.F.);
#4012=ORIENTED_EDGE('',*,*,#2905,.F.);
#4013=ORIENTED_EDGE('',*,*,#2906,.T.);
#4014=ORIENTED_EDGE('',*,*,#2907,.T.);
#4015=ORIENTED_EDGE('',*,*,#2895,.F.);
#4016=ORIENTED_EDGE('',*,*,#2908,.F.);
#4017=ORIENTED_EDGE('',*,*,#2909,.T.);
#4018=ORIENTED_EDGE('',*,*,#2905,.T.);
#4019=ORIENTED_EDGE('',*,*,#2893,.F.);
#4020=ORIENTED_EDGE('',*,*,#2904,.F.);
#4021=ORIENTED_EDGE('',*,*,#2900,.F.);
#4022=ORIENTED_EDGE('',*,*,#2897,.F.);
#4023=ORIENTED_EDGE('',*,*,#2910,.T.);
#4024=ORIENTED_EDGE('',*,*,#2911,.T.);
#4025=ORIENTED_EDGE('',*,*,#2912,.F.);
#4026=ORIENTED_EDGE('',*,*,#2913,.F.);
#4027=ORIENTED_EDGE('',*,*,#2914,.T.);
#4028=ORIENTED_EDGE('',*,*,#2913,.T.);
#4029=ORIENTED_EDGE('',*,*,#2915,.F.);
#4030=ORIENTED_EDGE('',*,*,#2916,.F.);
#4031=ORIENTED_EDGE('',*,*,#2917,.T.);
#4032=ORIENTED_EDGE('',*,*,#2916,.T.);
#4033=ORIENTED_EDGE('',*,*,#2918,.F.);
#4034=ORIENTED_EDGE('',*,*,#2919,.F.);
#4035=ORIENTED_EDGE('',*,*,#2920,.T.);
#4036=ORIENTED_EDGE('',*,*,#2919,.T.);
#4037=ORIENTED_EDGE('',*,*,#2921,.F.);
#4038=ORIENTED_EDGE('',*,*,#2911,.F.);
#4039=ORIENTED_EDGE('',*,*,#2921,.T.);
#4040=ORIENTED_EDGE('',*,*,#2918,.T.);
#4041=ORIENTED_EDGE('',*,*,#2915,.T.);
#4042=ORIENTED_EDGE('',*,*,#2912,.T.);
#4043=ORIENTED_EDGE('',*,*,#2906,.F.);
#4044=ORIENTED_EDGE('',*,*,#2909,.F.);
#4045=ORIENTED_EDGE('',*,*,#2922,.F.);
#4046=ORIENTED_EDGE('',*,*,#2923,.F.);
#4047=ORIENTED_EDGE('',*,*,#2899,.F.);
#4048=ORIENTED_EDGE('',*,*,#2924,.F.);
#4049=ORIENTED_EDGE('',*,*,#2922,.T.);
#4050=ORIENTED_EDGE('',*,*,#2908,.T.);
#4051=ORIENTED_EDGE('',*,*,#2902,.F.);
#4052=ORIENTED_EDGE('',*,*,#2907,.F.);
#4053=ORIENTED_EDGE('',*,*,#2923,.T.);
#4054=ORIENTED_EDGE('',*,*,#2924,.T.);
#4055=ORIENTED_EDGE('',*,*,#2920,.F.);
#4056=ORIENTED_EDGE('',*,*,#2910,.F.);
#4057=ORIENTED_EDGE('',*,*,#2914,.F.);
#4058=ORIENTED_EDGE('',*,*,#2917,.F.);
#4059=ORIENTED_EDGE('',*,*,#2925,.T.);
#4060=ORIENTED_EDGE('',*,*,#2926,.T.);
#4061=ORIENTED_EDGE('',*,*,#2927,.T.);
#4062=ORIENTED_EDGE('',*,*,#2928,.T.);
#4063=ORIENTED_EDGE('',*,*,#2926,.F.);
#4064=ORIENTED_EDGE('',*,*,#2929,.T.);
#4065=ORIENTED_EDGE('',*,*,#2930,.T.);
#4066=ORIENTED_EDGE('',*,*,#2931,.F.);
#4067=ORIENTED_EDGE('',*,*,#2932,.F.);
#4068=ORIENTED_EDGE('',*,*,#2933,.T.);
#4069=ORIENTED_EDGE('',*,*,#2925,.F.);
#4070=ORIENTED_EDGE('',*,*,#2934,.T.);
#4071=ORIENTED_EDGE('',*,*,#2935,.F.);
#4072=ORIENTED_EDGE('',*,*,#2936,.F.);
#4073=ORIENTED_EDGE('',*,*,#2929,.F.);
#4074=ORIENTED_EDGE('',*,*,#2937,.T.);
#4075=ORIENTED_EDGE('',*,*,#2938,.T.);
#4076=ORIENTED_EDGE('',*,*,#2935,.T.);
#4077=ORIENTED_EDGE('',*,*,#2939,.T.);
#4078=ORIENTED_EDGE('',*,*,#2938,.F.);
#4079=ORIENTED_EDGE('',*,*,#2940,.T.);
#4080=ORIENTED_EDGE('',*,*,#2941,.F.);
#4081=ORIENTED_EDGE('',*,*,#2942,.F.);
#4082=ORIENTED_EDGE('',*,*,#2930,.F.);
#4083=ORIENTED_EDGE('',*,*,#2936,.T.);
#4084=ORIENTED_EDGE('',*,*,#2928,.F.);
#4085=ORIENTED_EDGE('',*,*,#2943,.F.);
#4086=ORIENTED_EDGE('',*,*,#2939,.F.);
#4087=ORIENTED_EDGE('',*,*,#2934,.F.);
#4088=ORIENTED_EDGE('',*,*,#2927,.F.);
#4089=ORIENTED_EDGE('',*,*,#2933,.F.);
#4090=ORIENTED_EDGE('',*,*,#2944,.F.);
#4091=ORIENTED_EDGE('',*,*,#2945,.F.);
#4092=ORIENTED_EDGE('',*,*,#2946,.F.);
#4093=ORIENTED_EDGE('',*,*,#2947,.F.);
#4094=ORIENTED_EDGE('',*,*,#2940,.F.);
#4095=ORIENTED_EDGE('',*,*,#2937,.F.);
#4096=ORIENTED_EDGE('',*,*,#2943,.T.);
#4097=ORIENTED_EDGE('',*,*,#2948,.F.);
#4098=ORIENTED_EDGE('',*,*,#2949,.F.);
#4099=ORIENTED_EDGE('',*,*,#2950,.F.);
#4100=ORIENTED_EDGE('',*,*,#2951,.F.);
#4101=ORIENTED_EDGE('',*,*,#2952,.T.);
#4102=ORIENTED_EDGE('',*,*,#2953,.T.);
#4103=ORIENTED_EDGE('',*,*,#2954,.T.);
#4104=ORIENTED_EDGE('',*,*,#2955,.T.);
#4105=ORIENTED_EDGE('',*,*,#2956,.T.);
#4106=ORIENTED_EDGE('',*,*,#2957,.T.);
#4107=ORIENTED_EDGE('',*,*,#2958,.T.);
#4108=ORIENTED_EDGE('',*,*,#2955,.F.);
#4109=ORIENTED_EDGE('',*,*,#2959,.T.);
#4110=ORIENTED_EDGE('',*,*,#2960,.T.);
#4111=ORIENTED_EDGE('',*,*,#2961,.T.);
#4112=ORIENTED_EDGE('',*,*,#2957,.F.);
#4113=ORIENTED_EDGE('',*,*,#2962,.F.);
#4114=ORIENTED_EDGE('',*,*,#2963,.F.);
#4115=ORIENTED_EDGE('',*,*,#2964,.F.);
#4116=ORIENTED_EDGE('',*,*,#2965,.F.);
#4117=ORIENTED_EDGE('',*,*,#2966,.F.);
#4118=ORIENTED_EDGE('',*,*,#2967,.T.);
#4119=ORIENTED_EDGE('',*,*,#2968,.T.);
#4120=ORIENTED_EDGE('',*,*,#2969,.T.);
#4121=ORIENTED_EDGE('',*,*,#2970,.T.);
#4122=ORIENTED_EDGE('',*,*,#2971,.T.);
#4123=ORIENTED_EDGE('',*,*,#2952,.F.);
#4124=ORIENTED_EDGE('',*,*,#2958,.F.);
#4125=ORIENTED_EDGE('',*,*,#2961,.F.);
#4126=ORIENTED_EDGE('',*,*,#2972,.F.);
#4127=ORIENTED_EDGE('',*,*,#2973,.T.);
#4128=ORIENTED_EDGE('',*,*,#2974,.T.);
#4129=ORIENTED_EDGE('',*,*,#2975,.F.);
#4130=ORIENTED_EDGE('',*,*,#2962,.T.);
#4131=ORIENTED_EDGE('',*,*,#2972,.T.);
#4132=ORIENTED_EDGE('',*,*,#2966,.T.);
#4133=ORIENTED_EDGE('',*,*,#2976,.T.);
#4134=ORIENTED_EDGE('',*,*,#2977,.T.);
#4135=ORIENTED_EDGE('',*,*,#2978,.T.);
#4136=ORIENTED_EDGE('',*,*,#2942,.T.);
#4137=ORIENTED_EDGE('',*,*,#2979,.T.);
#4138=ORIENTED_EDGE('',*,*,#2976,.F.);
#4139=ORIENTED_EDGE('',*,*,#2965,.T.);
#4140=ORIENTED_EDGE('',*,*,#2980,.T.);
#4141=ORIENTED_EDGE('',*,*,#2931,.T.);
#4142=ORIENTED_EDGE('',*,*,#2980,.F.);
#4143=ORIENTED_EDGE('',*,*,#2964,.T.);
#4144=ORIENTED_EDGE('',*,*,#2981,.T.);
#4145=ORIENTED_EDGE('',*,*,#2982,.T.);
#4146=ORIENTED_EDGE('',*,*,#2981,.F.);
#4147=ORIENTED_EDGE('',*,*,#2963,.T.);
#4148=ORIENTED_EDGE('',*,*,#2975,.T.);
#4149=ORIENTED_EDGE('',*,*,#2983,.T.);
#4150=ORIENTED_EDGE('',*,*,#2983,.F.);
#4151=ORIENTED_EDGE('',*,*,#2974,.F.);
#4152=ORIENTED_EDGE('',*,*,#2984,.T.);
#4153=ORIENTED_EDGE('',*,*,#2945,.T.);
#4154=ORIENTED_EDGE('',*,*,#2985,.T.);
#4155=ORIENTED_EDGE('',*,*,#2973,.F.);
#4156=ORIENTED_EDGE('',*,*,#2978,.F.);
#4157=ORIENTED_EDGE('',*,*,#2986,.F.);
#4158=ORIENTED_EDGE('',*,*,#2946,.T.);
#4159=ORIENTED_EDGE('',*,*,#2984,.F.);
#4160=ORIENTED_EDGE('',*,*,#2979,.F.);
#4161=ORIENTED_EDGE('',*,*,#2941,.T.);
#4162=ORIENTED_EDGE('',*,*,#2947,.T.);
#4163=ORIENTED_EDGE('',*,*,#2986,.T.);
#4164=ORIENTED_EDGE('',*,*,#2977,.F.);
#4165=ORIENTED_EDGE('',*,*,#2982,.F.);
#4166=ORIENTED_EDGE('',*,*,#2985,.F.);
#4167=ORIENTED_EDGE('',*,*,#2944,.T.);
#4168=ORIENTED_EDGE('',*,*,#2932,.T.);
#4169=ORIENTED_EDGE('',*,*,#2987,.F.);
#4170=ORIENTED_EDGE('',*,*,#2988,.F.);
#4171=ORIENTED_EDGE('',*,*,#2989,.F.);
#4172=ORIENTED_EDGE('',*,*,#2990,.F.);
#4173=ORIENTED_EDGE('',*,*,#2991,.T.);
#4174=ORIENTED_EDGE('',*,*,#2992,.F.);
#4175=ORIENTED_EDGE('',*,*,#2993,.F.);
#4176=ORIENTED_EDGE('',*,*,#2994,.T.);
#4177=ORIENTED_EDGE('',*,*,#2992,.T.);
#4178=ORIENTED_EDGE('',*,*,#2994,.F.);
#4179=ORIENTED_EDGE('',*,*,#2995,.F.);
#4180=ORIENTED_EDGE('',*,*,#2996,.F.);
#4181=ORIENTED_EDGE('',*,*,#2989,.T.);
#4182=ORIENTED_EDGE('',*,*,#2997,.F.);
#4183=ORIENTED_EDGE('',*,*,#2998,.F.);
#4184=ORIENTED_EDGE('',*,*,#2997,.T.);
#4185=ORIENTED_EDGE('',*,*,#2988,.T.);
#4186=ORIENTED_EDGE('',*,*,#2999,.F.);
#4187=ORIENTED_EDGE('',*,*,#2993,.T.);
#4188=ORIENTED_EDGE('',*,*,#2995,.T.);
#4189=ORIENTED_EDGE('',*,*,#2998,.T.);
#4190=ORIENTED_EDGE('',*,*,#3000,.F.);
#4191=ORIENTED_EDGE('',*,*,#2950,.T.);
#4192=ORIENTED_EDGE('',*,*,#3001,.T.);
#4193=ORIENTED_EDGE('',*,*,#3002,.T.);
#4194=ORIENTED_EDGE('',*,*,#3003,.T.);
#4195=ORIENTED_EDGE('',*,*,#3004,.F.);
#4196=ORIENTED_EDGE('',*,*,#2999,.T.);
#4197=ORIENTED_EDGE('',*,*,#2987,.T.);
#4198=ORIENTED_EDGE('',*,*,#3005,.F.);
#4199=ORIENTED_EDGE('',*,*,#3006,.T.);
#4200=ORIENTED_EDGE('',*,*,#3007,.T.);
#4201=ORIENTED_EDGE('',*,*,#3008,.F.);
#4202=ORIENTED_EDGE('',*,*,#2951,.T.);
#4203=ORIENTED_EDGE('',*,*,#3000,.T.);
#4204=ORIENTED_EDGE('',*,*,#3006,.F.);
#4205=ORIENTED_EDGE('',*,*,#3009,.F.);
#4206=ORIENTED_EDGE('',*,*,#3010,.T.);
#4207=ORIENTED_EDGE('',*,*,#3011,.F.);
#4208=ORIENTED_EDGE('',*,*,#3012,.T.);
#4209=ORIENTED_EDGE('',*,*,#3013,.F.);
#4210=ORIENTED_EDGE('',*,*,#3014,.F.);
#4211=ORIENTED_EDGE('',*,*,#3015,.T.);
#4212=ORIENTED_EDGE('',*,*,#3013,.T.);
#4213=ORIENTED_EDGE('',*,*,#3015,.F.);
#4214=ORIENTED_EDGE('',*,*,#3016,.F.);
#4215=ORIENTED_EDGE('',*,*,#3017,.F.);
#4216=ORIENTED_EDGE('',*,*,#3018,.F.);
#4217=ORIENTED_EDGE('',*,*,#3010,.F.);
#4218=ORIENTED_EDGE('',*,*,#3007,.F.);
#4219=ORIENTED_EDGE('',*,*,#3011,.T.);
#4220=ORIENTED_EDGE('',*,*,#3018,.T.);
#4221=ORIENTED_EDGE('',*,*,#3019,.F.);
#4222=ORIENTED_EDGE('',*,*,#3014,.T.);
#4223=ORIENTED_EDGE('',*,*,#3019,.T.);
#4224=ORIENTED_EDGE('',*,*,#3017,.T.);
#4225=ORIENTED_EDGE('',*,*,#3020,.F.);
#4226=ORIENTED_EDGE('',*,*,#3021,.T.);
#4227=ORIENTED_EDGE('',*,*,#3022,.T.);
#4228=ORIENTED_EDGE('',*,*,#3023,.F.);
#4229=ORIENTED_EDGE('',*,*,#2948,.T.);
#4230=ORIENTED_EDGE('',*,*,#3008,.T.);
#4231=ORIENTED_EDGE('',*,*,#3002,.F.);
#4232=ORIENTED_EDGE('',*,*,#3024,.F.);
#4233=ORIENTED_EDGE('',*,*,#3025,.T.);
#4234=ORIENTED_EDGE('',*,*,#3026,.T.);
#4235=ORIENTED_EDGE('',*,*,#3027,.T.);
#4236=ORIENTED_EDGE('',*,*,#3028,.T.);
#4237=ORIENTED_EDGE('',*,*,#3029,.F.);
#4238=ORIENTED_EDGE('',*,*,#3027,.F.);
#4239=ORIENTED_EDGE('',*,*,#3030,.T.);
#4240=ORIENTED_EDGE('',*,*,#3029,.T.);
#4241=ORIENTED_EDGE('',*,*,#3030,.F.);
#4242=ORIENTED_EDGE('',*,*,#3003,.F.);
#4243=ORIENTED_EDGE('',*,*,#3026,.F.);
#4244=ORIENTED_EDGE('',*,*,#3031,.F.);
#4245=ORIENTED_EDGE('',*,*,#3032,.F.);
#4246=ORIENTED_EDGE('',*,*,#3033,.F.);
#4247=ORIENTED_EDGE('',*,*,#3031,.T.);
#4248=ORIENTED_EDGE('',*,*,#3025,.F.);
#4249=ORIENTED_EDGE('',*,*,#3034,.F.);
#4250=ORIENTED_EDGE('',*,*,#2996,.T.);
#4251=ORIENTED_EDGE('',*,*,#3004,.T.);
#4252=ORIENTED_EDGE('',*,*,#3032,.T.);
#4253=ORIENTED_EDGE('',*,*,#3033,.T.);
#4254=ORIENTED_EDGE('',*,*,#3035,.T.);
#4255=ORIENTED_EDGE('',*,*,#3036,.T.);
#4256=ORIENTED_EDGE('',*,*,#3037,.T.);
#4257=ORIENTED_EDGE('',*,*,#3020,.T.);
#4258=ORIENTED_EDGE('',*,*,#3016,.T.);
#4259=ORIENTED_EDGE('',*,*,#3009,.T.);
#4260=ORIENTED_EDGE('',*,*,#3005,.T.);
#4261=ORIENTED_EDGE('',*,*,#2990,.T.);
#4262=ORIENTED_EDGE('',*,*,#3038,.F.);
#4263=ORIENTED_EDGE('',*,*,#3039,.F.);
#4264=ORIENTED_EDGE('',*,*,#3040,.F.);
#4265=ORIENTED_EDGE('',*,*,#3041,.F.);
#4266=ORIENTED_EDGE('',*,*,#3042,.T.);
#4267=ORIENTED_EDGE('',*,*,#3043,.F.);
#4268=ORIENTED_EDGE('',*,*,#3044,.F.);
#4269=ORIENTED_EDGE('',*,*,#3045,.T.);
#4270=ORIENTED_EDGE('',*,*,#3043,.T.);
#4271=ORIENTED_EDGE('',*,*,#3045,.F.);
#4272=ORIENTED_EDGE('',*,*,#3036,.F.);
#4273=ORIENTED_EDGE('',*,*,#3046,.F.);
#4274=ORIENTED_EDGE('',*,*,#3047,.F.);
#4275=ORIENTED_EDGE('',*,*,#3048,.F.);
#4276=ORIENTED_EDGE('',*,*,#3037,.F.);
#4277=ORIENTED_EDGE('',*,*,#3048,.T.);
#4278=ORIENTED_EDGE('',*,*,#3049,.F.);
#4279=ORIENTED_EDGE('',*,*,#3021,.F.);
#4280=ORIENTED_EDGE('',*,*,#3050,.F.);
#4281=ORIENTED_EDGE('',*,*,#3022,.F.);
#4282=ORIENTED_EDGE('',*,*,#3049,.T.);
#4283=ORIENTED_EDGE('',*,*,#3047,.T.);
#4284=ORIENTED_EDGE('',*,*,#3044,.T.);
#4285=ORIENTED_EDGE('',*,*,#3024,.T.);
#4286=ORIENTED_EDGE('',*,*,#3001,.F.);
#4287=ORIENTED_EDGE('',*,*,#2949,.T.);
#4288=ORIENTED_EDGE('',*,*,#3023,.T.);
#4289=ORIENTED_EDGE('',*,*,#3050,.T.);
#4290=ORIENTED_EDGE('',*,*,#3046,.T.);
#4291=ORIENTED_EDGE('',*,*,#3035,.F.);
#4292=ORIENTED_EDGE('',*,*,#3034,.T.);
#4293=ORIENTED_EDGE('',*,*,#2967,.F.);
#4294=ORIENTED_EDGE('',*,*,#3051,.T.);
#4295=ORIENTED_EDGE('',*,*,#2991,.F.);
#4296=ORIENTED_EDGE('',*,*,#3051,.F.);
#4297=ORIENTED_EDGE('',*,*,#2968,.F.);
#4298=ORIENTED_EDGE('',*,*,#3052,.T.);
#4299=ORIENTED_EDGE('',*,*,#3012,.F.);
#4300=ORIENTED_EDGE('',*,*,#3052,.F.);
#4301=ORIENTED_EDGE('',*,*,#2969,.F.);
#4302=ORIENTED_EDGE('',*,*,#3053,.T.);
#4303=ORIENTED_EDGE('',*,*,#3028,.F.);
#4304=ORIENTED_EDGE('',*,*,#3053,.F.);
#4305=ORIENTED_EDGE('',*,*,#2970,.F.);
#4306=ORIENTED_EDGE('',*,*,#3054,.T.);
#4307=ORIENTED_EDGE('',*,*,#3042,.F.);
#4308=ORIENTED_EDGE('',*,*,#3054,.F.);
#4309=ORIENTED_EDGE('',*,*,#2954,.F.);
#4310=ORIENTED_EDGE('',*,*,#3055,.F.);
#4311=ORIENTED_EDGE('',*,*,#3056,.T.);
#4312=ORIENTED_EDGE('',*,*,#3057,.T.);
#4313=ORIENTED_EDGE('',*,*,#3058,.F.);
#4314=ORIENTED_EDGE('',*,*,#3059,.T.);
#4315=ORIENTED_EDGE('',*,*,#3055,.T.);
#4316=ORIENTED_EDGE('',*,*,#2953,.F.);
#4317=ORIENTED_EDGE('',*,*,#2971,.F.);
#4318=ORIENTED_EDGE('',*,*,#2960,.F.);
#4319=ORIENTED_EDGE('',*,*,#2959,.F.);
#4320=ORIENTED_EDGE('',*,*,#3060,.F.);
#4321=ORIENTED_EDGE('',*,*,#3061,.T.);
#4322=ORIENTED_EDGE('',*,*,#3058,.T.);
#4323=ORIENTED_EDGE('',*,*,#2956,.F.);
#4324=ORIENTED_EDGE('',*,*,#3057,.F.);
#4325=ORIENTED_EDGE('',*,*,#3062,.T.);
#4326=ORIENTED_EDGE('',*,*,#3060,.T.);
#4327=ORIENTED_EDGE('',*,*,#3040,.T.);
#4328=ORIENTED_EDGE('',*,*,#3063,.F.);
#4329=ORIENTED_EDGE('',*,*,#3064,.T.);
#4330=ORIENTED_EDGE('',*,*,#3065,.T.);
#4331=ORIENTED_EDGE('',*,*,#3039,.T.);
#4332=ORIENTED_EDGE('',*,*,#3066,.F.);
#4333=ORIENTED_EDGE('',*,*,#3067,.T.);
#4334=ORIENTED_EDGE('',*,*,#3063,.T.);
#4335=ORIENTED_EDGE('',*,*,#3068,.F.);
#4336=ORIENTED_EDGE('',*,*,#3069,.F.);
#4337=ORIENTED_EDGE('',*,*,#3070,.F.);
#4338=ORIENTED_EDGE('',*,*,#3071,.T.);
#4339=ORIENTED_EDGE('',*,*,#3072,.T.);
#4340=ORIENTED_EDGE('',*,*,#3073,.F.);
#4341=ORIENTED_EDGE('',*,*,#3074,.F.);
#4342=ORIENTED_EDGE('',*,*,#3075,.T.);
#4343=ORIENTED_EDGE('',*,*,#3076,.T.);
#4344=ORIENTED_EDGE('',*,*,#3077,.T.);
#4345=ORIENTED_EDGE('',*,*,#3078,.F.);
#4346=ORIENTED_EDGE('',*,*,#3073,.T.);
#4347=ORIENTED_EDGE('',*,*,#3059,.F.);
#4348=ORIENTED_EDGE('',*,*,#3061,.F.);
#4349=ORIENTED_EDGE('',*,*,#3062,.F.);
#4350=ORIENTED_EDGE('',*,*,#3056,.F.);
#4351=ORIENTED_EDGE('',*,*,#3079,.T.);
#4352=ORIENTED_EDGE('',*,*,#3080,.T.);
#4353=ORIENTED_EDGE('',*,*,#3081,.T.);
#4354=ORIENTED_EDGE('',*,*,#3082,.T.);
#4355=ORIENTED_EDGE('',*,*,#3078,.T.);
#4356=ORIENTED_EDGE('',*,*,#3083,.T.);
#4357=ORIENTED_EDGE('',*,*,#3084,.T.);
#4358=ORIENTED_EDGE('',*,*,#3085,.T.);
#4359=ORIENTED_EDGE('',*,*,#3086,.T.);
#4360=ORIENTED_EDGE('',*,*,#3070,.T.);
#4361=ORIENTED_EDGE('',*,*,#3087,.T.);
#4362=ORIENTED_EDGE('',*,*,#3074,.T.);
#4363=ORIENTED_EDGE('',*,*,#3088,.T.);
#4364=ORIENTED_EDGE('',*,*,#3089,.T.);
#4365=ORIENTED_EDGE('',*,*,#3090,.T.);
#4366=ORIENTED_EDGE('',*,*,#3091,.T.);
#4367=ORIENTED_EDGE('',*,*,#3092,.F.);
#4368=ORIENTED_EDGE('',*,*,#3082,.F.);
#4369=ORIENTED_EDGE('',*,*,#3093,.F.);
#4370=ORIENTED_EDGE('',*,*,#3089,.F.);
#4371=ORIENTED_EDGE('',*,*,#3093,.T.);
#4372=ORIENTED_EDGE('',*,*,#3081,.F.);
#4373=ORIENTED_EDGE('',*,*,#3094,.F.);
#4374=ORIENTED_EDGE('',*,*,#3090,.F.);
#4375=ORIENTED_EDGE('',*,*,#3094,.T.);
#4376=ORIENTED_EDGE('',*,*,#3080,.F.);
#4377=ORIENTED_EDGE('',*,*,#3095,.F.);
#4378=ORIENTED_EDGE('',*,*,#3091,.F.);
#4379=ORIENTED_EDGE('',*,*,#3095,.T.);
#4380=ORIENTED_EDGE('',*,*,#3079,.F.);
#4381=ORIENTED_EDGE('',*,*,#3092,.T.);
#4382=ORIENTED_EDGE('',*,*,#3088,.F.);
#4383=ORIENTED_EDGE('',*,*,#3096,.F.);
#4384=ORIENTED_EDGE('',*,*,#3097,.F.);
#4385=ORIENTED_EDGE('',*,*,#3083,.F.);
#4386=ORIENTED_EDGE('',*,*,#3077,.F.);
#4387=ORIENTED_EDGE('',*,*,#3098,.F.);
#4388=ORIENTED_EDGE('',*,*,#3099,.F.);
#4389=ORIENTED_EDGE('',*,*,#3084,.F.);
#4390=ORIENTED_EDGE('',*,*,#3097,.T.);
#4391=ORIENTED_EDGE('',*,*,#3100,.F.);
#4392=ORIENTED_EDGE('',*,*,#3101,.F.);
#4393=ORIENTED_EDGE('',*,*,#3085,.F.);
#4394=ORIENTED_EDGE('',*,*,#3099,.T.);
#4395=ORIENTED_EDGE('',*,*,#3102,.T.);
#4396=ORIENTED_EDGE('',*,*,#3075,.F.);
#4397=ORIENTED_EDGE('',*,*,#3087,.F.);
#4398=ORIENTED_EDGE('',*,*,#3069,.T.);
#4399=ORIENTED_EDGE('',*,*,#3100,.T.);
#4400=ORIENTED_EDGE('',*,*,#3098,.T.);
#4401=ORIENTED_EDGE('',*,*,#3096,.T.);
#4402=ORIENTED_EDGE('',*,*,#3076,.F.);
#4403=ORIENTED_EDGE('',*,*,#3072,.F.);
#4404=ORIENTED_EDGE('',*,*,#3102,.F.);
#4405=ORIENTED_EDGE('',*,*,#3068,.T.);
#4406=ORIENTED_EDGE('',*,*,#3103,.F.);
#4407=ORIENTED_EDGE('',*,*,#3064,.F.);
#4408=ORIENTED_EDGE('',*,*,#3067,.F.);
#4409=ORIENTED_EDGE('',*,*,#3104,.T.);
#4410=ORIENTED_EDGE('',*,*,#3105,.F.);
#4411=ORIENTED_EDGE('',*,*,#3038,.T.);
#4412=ORIENTED_EDGE('',*,*,#3106,.F.);
#4413=ORIENTED_EDGE('',*,*,#3104,.F.);
#4414=ORIENTED_EDGE('',*,*,#3066,.T.);
#4415=ORIENTED_EDGE('',*,*,#3041,.T.);
#4416=ORIENTED_EDGE('',*,*,#3065,.F.);
#4417=ORIENTED_EDGE('',*,*,#3103,.T.);
#4418=ORIENTED_EDGE('',*,*,#3071,.F.);
#4419=ORIENTED_EDGE('',*,*,#3086,.F.);
#4420=ORIENTED_EDGE('',*,*,#3101,.T.);
#4421=ORIENTED_EDGE('',*,*,#3105,.T.);
#4422=ORIENTED_EDGE('',*,*,#3106,.T.);
#4423=PLANE('',#4990);
#4424=PLANE('',#4991);
#4425=PLANE('',#4992);
#4426=PLANE('',#4993);
#4427=PLANE('',#5081);
#4428=PLANE('',#5082);
#4429=PLANE('',#5084);
#4430=PLANE('',#5085);
#4431=PLANE('',#5086);
#4432=PLANE('',#5087);
#4433=PLANE('',#5088);
#4434=PLANE('',#5089);
#4435=PLANE('',#5090);
#4436=PLANE('',#5091);
#4437=PLANE('',#5092);
#4438=PLANE('',#5093);
#4439=PLANE('',#5094);
#4440=PLANE('',#5096);
#4441=PLANE('',#5097);
#4442=PLANE('',#5098);
#4443=PLANE('',#5099);
#4444=PLANE('',#5100);
#4445=PLANE('',#5101);
#4446=PLANE('',#5102);
#4447=PLANE('',#5103);
#4448=PLANE('',#5104);
#4449=PLANE('',#5105);
#4450=PLANE('',#5106);
#4451=PLANE('',#5108);
#4452=PLANE('',#5109);
#4453=PLANE('',#5110);
#4454=PLANE('',#5111);
#4455=PLANE('',#5112);
#4456=PLANE('',#5113);
#4457=PLANE('',#5114);
#4458=PLANE('',#5115);
#4459=PLANE('',#5116);
#4460=PLANE('',#5117);
#4461=PLANE('',#5118);
#4462=PLANE('',#5119);
#4463=PLANE('',#5145);
#4464=PLANE('',#5146);
#4465=PLANE('',#5147);
#4466=PLANE('',#5148);
#4467=PLANE('',#5149);
#4468=PLANE('',#5150);
#4469=PLANE('',#5151);
#4470=PLANE('',#5159);
#4471=PLANE('',#5167);
#4472=PLANE('',#5168);
#4473=PLANE('',#5169);
#4474=PLANE('',#5170);
#4475=PLANE('',#5171);
#4476=PLANE('',#5172);
#4477=PLANE('',#5173);
#4478=PLANE('',#5174);
#4479=PLANE('',#5175);
#4480=PLANE('',#5177);
#4481=PLANE('',#5182);
#4482=PLANE('',#5183);
#4483=PLANE('',#5186);
#4484=PLANE('',#5191);
#4485=PLANE('',#5194);
#4486=PLANE('',#5195);
#4487=PLANE('',#5196);
#4488=PLANE('',#5197);
#4489=PLANE('',#5198);
#4490=PLANE('',#5199);
#4491=PLANE('',#5200);
#4492=PLANE('',#5201);
#4493=PLANE('',#5202);
#4494=PLANE('',#5203);
#4495=PLANE('',#5204);
#4496=PLANE('',#5205);
#4497=PLANE('',#5206);
#4498=PLANE('',#5207);
#4499=PLANE('',#5208);
#4500=PLANE('',#5209);
#4501=PLANE('',#5210);
#4502=PLANE('',#5211);
#4503=PLANE('',#5212);
#4504=PLANE('',#5213);
#4505=PLANE('',#5214);
#4506=PLANE('',#5215);
#4507=PLANE('',#5217);
#4508=PLANE('',#5219);
#4509=PLANE('',#5221);
#4510=PLANE('',#5222);
#4511=PLANE('',#5223);
#4512=PLANE('',#5226);
#4513=PLANE('',#5227);
#4514=PLANE('',#5228);
#4515=PLANE('',#5229);
#4516=PLANE('',#5233);
#4517=PLANE('',#5234);
#4518=PLANE('',#5235);
#4519=PLANE('',#5238);
#4520=PLANE('',#5239);
#4521=PLANE('',#5240);
#4522=PLANE('',#5241);
#4523=PLANE('',#5244);
#4524=PLANE('',#5245);
#4525=PLANE('',#5246);
#4526=PLANE('',#5247);
#4527=PLANE('',#5248);
#4528=PLANE('',#5249);
#4529=PLANE('',#5250);
#4530=PLANE('',#5251);
#4531=PLANE('',#5252);
#4532=PLANE('',#5253);
#4533=PLANE('',#5254);
#4534=PLANE('',#5255);
#4535=PLANE('',#5256);
#4536=PLANE('',#5257);
#4537=PLANE('',#5258);
#4538=PLANE('',#5259);
#4539=PLANE('',#5260);
#4540=PLANE('',#5261);
#4541=PLANE('',#5262);
#4542=PLANE('',#5263);
#4543=PLANE('',#5264);
#4544=PLANE('',#5265);
#4545=PLANE('',#5266);
#4546=PLANE('',#5267);
#4547=PLANE('',#5268);
#4548=PLANE('',#5269);
#4549=PLANE('',#5270);
#4550=PLANE('',#5271);
#4551=PLANE('',#5272);
#4552=PLANE('',#5273);
#4553=PLANE('',#5274);
#4554=PLANE('',#5275);
#4555=PLANE('',#5276);
#4556=PLANE('',#5277);
#4557=PLANE('',#5278);
#4558=PLANE('',#5279);
#4559=PLANE('',#5280);
#4560=PLANE('',#5281);
#4561=PLANE('',#5283);
#4562=PLANE('',#5286);
#4563=PLANE('',#5287);
#4564=PLANE('',#5288);
#4565=PLANE('',#5289);
#4566=PLANE('',#5290);
#4567=PLANE('',#5295);
#4568=PLANE('',#5296);
#4569=PLANE('',#5297);
#4570=PLANE('',#5298);
#4571=PLANE('',#5299);
#4572=PLANE('',#5300);
#4573=PLANE('',#5301);
#4574=PLANE('',#5302);
#4575=PLANE('',#5303);
#4576=PLANE('',#5304);
#4577=PLANE('',#5305);
#4578=PLANE('',#5310);
#4579=PLANE('',#5311);
#4580=PLANE('',#5312);
#4581=PLANE('',#5313);
#4582=PLANE('',#5314);
#4583=PLANE('',#5315);
#4584=PLANE('',#5320);
#4585=PLANE('',#5321);
#4586=PLANE('',#5322);
#4587=PLANE('',#5323);
#4588=PLANE('',#5325);
#4589=PLANE('',#5329);
#4590=PLANE('',#5330);
#4591=PLANE('',#5331);
#4592=PLANE('',#5332);
#4593=PLANE('',#5337);
#4594=PLANE('',#5338);
#4595=PLANE('',#5339);
#4596=PLANE('',#5340);
#4597=PLANE('',#5345);
#4598=PLANE('',#5346);
#4599=PLANE('',#5347);
#4600=PLANE('',#5348);
#4601=PLANE('',#5349);
#4602=PLANE('',#5350);
#4603=PLANE('',#5351);
#4604=PLANE('',#5352);
#4605=PLANE('',#5353);
#4606=PLANE('',#5354);
#4607=PLANE('',#5355);
#4608=PLANE('',#5356);
#4609=PLANE('',#5357);
#4610=PLANE('',#5358);
#4611=PLANE('',#5359);
#4612=PLANE('',#5360);
#4613=PLANE('',#5361);
#4614=PLANE('',#5362);
#4615=PLANE('',#5363);
#4616=PLANE('',#5364);
#4617=PLANE('',#5365);
#4618=PLANE('',#5366);
#4619=STYLED_ITEM('',(#8324),#4661);
#4620=STYLED_ITEM('',(#8324),#4662);
#4621=STYLED_ITEM('',(#8324),#4663);
#4622=STYLED_ITEM('',(#8324),#4664);
#4623=STYLED_ITEM('',(#8324),#4665);
#4624=STYLED_ITEM('',(#8324),#4666);
#4625=STYLED_ITEM('',(#8324),#4667);
#4626=STYLED_ITEM('',(#8324),#4668);
#4627=STYLED_ITEM('',(#8324),#4669);
#4628=STYLED_ITEM('',(#8324),#4670);
#4629=STYLED_ITEM('',(#8324),#4671);
#4630=STYLED_ITEM('',(#8324),#4672);
#4631=STYLED_ITEM('',(#8324),#4673);
#4632=STYLED_ITEM('',(#8324),#4674);
#4633=STYLED_ITEM('',(#8324),#4675);
#4634=STYLED_ITEM('',(#8324),#4676);
#4635=STYLED_ITEM('',(#8324),#4677);
#4636=STYLED_ITEM('',(#8324),#4678);
#4637=STYLED_ITEM('',(#8324),#4679);
#4638=STYLED_ITEM('',(#8324),#4680);
#4639=STYLED_ITEM('',(#8324),#4681);
#4640=STYLED_ITEM('',(#8324),#4682);
#4641=STYLED_ITEM('',(#8324),#4683);
#4642=STYLED_ITEM('',(#8324),#4684);
#4643=STYLED_ITEM('',(#8324),#4685);
#4644=STYLED_ITEM('',(#8324),#4686);
#4645=STYLED_ITEM('',(#8324),#4687);
#4646=STYLED_ITEM('',(#8324),#4688);
#4647=STYLED_ITEM('',(#8324),#4689);
#4648=STYLED_ITEM('',(#8324),#4690);
#4649=STYLED_ITEM('',(#8324),#4691);
#4650=STYLED_ITEM('',(#8324),#4692);
#4651=STYLED_ITEM('',(#8324),#4693);
#4652=STYLED_ITEM('',(#8323),#82);
#4653=STYLED_ITEM('',(#8323),#83);
#4654=STYLED_ITEM('',(#8322),#84);
#4655=STYLED_ITEM('',(#8322),#85);
#4656=STYLED_ITEM('',(#8322),#86);
#4657=STYLED_ITEM('',(#8321),#87);
#4658=STYLED_ITEM('',(#8321),#88);
#4659=STYLED_ITEM('',(#8321),#89);
#4660=STYLED_ITEM('',(#8325),#12);
#4661=ADVANCED_FACE('',(#344),#4423,.T.);
#4662=ADVANCED_FACE('',(#345),#4424,.T.);
#4663=ADVANCED_FACE('',(#346),#4425,.T.);
#4664=ADVANCED_FACE('',(#347),#4426,.T.);
#4665=ADVANCED_FACE('',(#348),#287,.F.);
#4666=ADVANCED_FACE('',(#349),#288,.F.);
#4667=ADVANCED_FACE('',(#350),#289,.F.);
#4668=ADVANCED_FACE('',(#351),#290,.F.);
#4669=ADVANCED_FACE('',(#352),#291,.F.);
#4670=ADVANCED_FACE('',(#353),#292,.F.);
#4671=ADVANCED_FACE('',(#354),#293,.F.);
#4672=ADVANCED_FACE('',(#355),#294,.F.);
#4673=ADVANCED_FACE('',(#356),#295,.F.);
#4674=ADVANCED_FACE('',(#357),#296,.F.);
#4675=ADVANCED_FACE('',(#358),#297,.F.);
#4676=ADVANCED_FACE('',(#359),#298,.F.);
#4677=ADVANCED_FACE('',(#360),#299,.F.);
#4678=ADVANCED_FACE('',(#361),#300,.F.);
#4679=ADVANCED_FACE('',(#362),#301,.F.);
#4680=ADVANCED_FACE('',(#363),#302,.F.);
#4681=ADVANCED_FACE('',(#364),#303,.F.);
#4682=ADVANCED_FACE('',(#365),#304,.F.);
#4683=ADVANCED_FACE('',(#366),#305,.F.);
#4684=ADVANCED_FACE('',(#367),#306,.F.);
#4685=ADVANCED_FACE('',(#368),#307,.F.);
#4686=ADVANCED_FACE('',(#369),#308,.F.);
#4687=ADVANCED_FACE('',(#370),#309,.F.);
#4688=ADVANCED_FACE('',(#371),#310,.F.);
#4689=ADVANCED_FACE('',(#372),#311,.F.);
#4690=ADVANCED_FACE('',(#373),#312,.F.);
#4691=ADVANCED_FACE('',(#374),#313,.F.);
#4692=ADVANCED_FACE('',(#375),#314,.F.);
#4693=ADVANCED_FACE('',(#376),#315,.F.);
#4694=ADVANCED_FACE('',(#377,#90,#91,#92,#93,#94,#95,#96,#97,#98,#99,#100,
#101,#102,#103,#104,#105,#106,#107,#108,#109,#110,#111,#112,#113,#114,#115,
#116,#117,#118),#4427,.T.);
#4695=ADVANCED_FACE('',(#378,#119,#120,#121,#122,#123,#124,#125,#126,#127,
#128,#129,#130,#131,#132,#133,#134,#135,#136,#137,#138,#139,#140,#141,#142,
#143,#144,#145,#146,#147),#4428,.F.);
#4696=ADVANCED_FACE('',(#379),#4429,.T.);
#4697=ADVANCED_FACE('',(#380),#4430,.T.);
#4698=ADVANCED_FACE('',(#381),#4431,.T.);
#4699=ADVANCED_FACE('',(#382),#4432,.T.);
#4700=ADVANCED_FACE('',(#383),#4433,.T.);
#4701=ADVANCED_FACE('',(#384),#4434,.T.);
#4702=ADVANCED_FACE('',(#385),#4435,.T.);
#4703=ADVANCED_FACE('',(#386),#4436,.T.);
#4704=ADVANCED_FACE('',(#387),#4437,.T.);
#4705=ADVANCED_FACE('',(#388,#148),#4438,.T.);
#4706=ADVANCED_FACE('',(#389),#4439,.F.);
#4707=ADVANCED_FACE('',(#390),#4440,.T.);
#4708=ADVANCED_FACE('',(#391),#4441,.T.);
#4709=ADVANCED_FACE('',(#392),#4442,.T.);
#4710=ADVANCED_FACE('',(#393),#4443,.T.);
#4711=ADVANCED_FACE('',(#394),#4444,.T.);
#4712=ADVANCED_FACE('',(#395),#4445,.T.);
#4713=ADVANCED_FACE('',(#396),#4446,.T.);
#4714=ADVANCED_FACE('',(#397),#4447,.T.);
#4715=ADVANCED_FACE('',(#398),#4448,.T.);
#4716=ADVANCED_FACE('',(#399,#149),#4449,.T.);
#4717=ADVANCED_FACE('',(#400),#4450,.F.);
#4718=ADVANCED_FACE('',(#401),#4451,.T.);
#4719=ADVANCED_FACE('',(#402),#4452,.T.);
#4720=ADVANCED_FACE('',(#403),#4453,.T.);
#4721=ADVANCED_FACE('',(#404),#4454,.T.);
#4722=ADVANCED_FACE('',(#405),#4455,.T.);
#4723=ADVANCED_FACE('',(#406),#4456,.F.);
#4724=ADVANCED_FACE('',(#407),#4457,.T.);
#4725=ADVANCED_FACE('',(#408),#4458,.T.);
#4726=ADVANCED_FACE('',(#409),#4459,.T.);
#4727=ADVANCED_FACE('',(#410),#4460,.T.);
#4728=ADVANCED_FACE('',(#411),#4461,.T.);
#4729=ADVANCED_FACE('',(#412),#4462,.F.);
#4730=ADVANCED_FACE('',(#413),#316,.T.);
#4731=ADVANCED_FACE('',(#414),#317,.T.);
#4732=ADVANCED_FACE('',(#415),#318,.T.);
#4733=ADVANCED_FACE('',(#416),#319,.T.);
#4734=ADVANCED_FACE('',(#417),#320,.T.);
#4735=ADVANCED_FACE('',(#418),#321,.T.);
#4736=ADVANCED_FACE('',(#419),#322,.T.);
#4737=ADVANCED_FACE('',(#420),#323,.T.);
#4738=ADVANCED_FACE('',(#421),#324,.T.);
#4739=ADVANCED_FACE('',(#422),#325,.T.);
#4740=ADVANCED_FACE('',(#423),#326,.T.);
#4741=ADVANCED_FACE('',(#424),#327,.T.);
#4742=ADVANCED_FACE('',(#425),#4463,.T.);
#4743=ADVANCED_FACE('',(#426),#4464,.T.);
#4744=ADVANCED_FACE('',(#427),#4465,.T.);
#4745=ADVANCED_FACE('',(#428),#4466,.T.);
#4746=ADVANCED_FACE('',(#429),#4467,.T.);
#4747=ADVANCED_FACE('',(#430),#4468,.T.);
#4748=ADVANCED_FACE('',(#431),#4469,.T.);
#4749=ADVANCED_FACE('',(#432),#56,.T.);
#4750=ADVANCED_FACE('',(#433),#328,.T.);
#4751=ADVANCED_FACE('',(#434),#4470,.T.);
#4752=ADVANCED_FACE('',(#435),#57,.T.);
#4753=ADVANCED_FACE('',(#436),#329,.T.);
#4754=ADVANCED_FACE('',(#437),#4471,.T.);
#4755=ADVANCED_FACE('',(#438),#4472,.T.);
#4756=ADVANCED_FACE('',(#439),#4473,.T.);
#4757=ADVANCED_FACE('',(#440),#4474,.T.);
#4758=ADVANCED_FACE('',(#441),#4475,.T.);
#4759=ADVANCED_FACE('',(#442),#4476,.T.);
#4760=ADVANCED_FACE('',(#443),#4477,.T.);
#4761=ADVANCED_FACE('',(#444),#52,.T.);
#4762=ADVANCED_FACE('',(#445),#4478,.T.);
#4763=ADVANCED_FACE('',(#446,#150),#4479,.T.);
#4764=ADVANCED_FACE('',(#447),#53,.T.);
#4765=ADVANCED_FACE('',(#448,#151),#4480,.T.);
#4766=ADVANCED_FACE('',(#449),#58,.F.);
#4767=ADVANCED_FACE('',(#450),#4481,.T.);
#4768=ADVANCED_FACE('',(#451),#4482,.T.);
#4769=ADVANCED_FACE('',(#452),#34,.F.);
#4770=ADVANCED_FACE('',(#453),#4483,.T.);
#4771=ADVANCED_FACE('',(#454),#35,.F.);
#4772=ADVANCED_FACE('',(#455),#330,.F.);
#4773=ADVANCED_FACE('',(#456),#4484,.F.);
#4774=ADVANCED_FACE('',(#457),#331,.F.);
#4775=ADVANCED_FACE('',(#458),#4485,.F.);
#4776=ADVANCED_FACE('',(#459),#4486,.T.);
#4777=ADVANCED_FACE('',(#460),#4487,.T.);
#4778=ADVANCED_FACE('',(#461),#4488,.T.);
#4779=ADVANCED_FACE('',(#462),#4489,.T.);
#4780=ADVANCED_FACE('',(#463),#4490,.T.);
#4781=ADVANCED_FACE('',(#464),#4491,.T.);
#4782=ADVANCED_FACE('',(#465,#152),#4492,.T.);
#4783=ADVANCED_FACE('',(#466),#4493,.T.);
#4784=ADVANCED_FACE('',(#467,#153,#154,#155,#156),#4494,.T.);
#4785=ADVANCED_FACE('',(#468),#4495,.T.);
#4786=ADVANCED_FACE('',(#469),#4496,.T.);
#4787=ADVANCED_FACE('',(#470),#4497,.T.);
#4788=ADVANCED_FACE('',(#471),#4498,.T.);
#4789=ADVANCED_FACE('',(#472),#4499,.T.);
#4790=ADVANCED_FACE('',(#473),#4500,.T.);
#4791=ADVANCED_FACE('',(#474),#4501,.T.);
#4792=ADVANCED_FACE('',(#475),#4502,.T.);
#4793=ADVANCED_FACE('',(#476),#4503,.T.);
#4794=ADVANCED_FACE('',(#477),#4504,.T.);
#4795=ADVANCED_FACE('',(#478),#4505,.T.);
#4796=ADVANCED_FACE('',(#479,#157),#4506,.F.);
#4797=ADVANCED_FACE('',(#480,#158),#4507,.F.);
#4798=ADVANCED_FACE('',(#481,#159),#4508,.F.);
#4799=ADVANCED_FACE('',(#482),#4509,.T.);
#4800=ADVANCED_FACE('',(#483),#4510,.F.);
#4801=ADVANCED_FACE('',(#484,#160),#4511,.F.);
#4802=ADVANCED_FACE('',(#485),#332,.F.);
#4803=ADVANCED_FACE('',(#486),#4512,.T.);
#4804=ADVANCED_FACE('',(#487),#4513,.F.);
#4805=ADVANCED_FACE('',(#488),#4514,.T.);
#4806=ADVANCED_FACE('',(#489,#161),#4515,.F.);
#4807=ADVANCED_FACE('',(#490),#333,.F.);
#4808=ADVANCED_FACE('',(#491),#4516,.T.);
#4809=ADVANCED_FACE('',(#492,#162),#4517,.T.);
#4810=ADVANCED_FACE('',(#493),#4518,.T.);
#4811=ADVANCED_FACE('',(#494),#334,.F.);
#4812=ADVANCED_FACE('',(#495),#4519,.T.);
#4813=ADVANCED_FACE('',(#496,#163),#4520,.F.);
#4814=ADVANCED_FACE('',(#497),#4521,.T.);
#4815=ADVANCED_FACE('',(#498),#4522,.F.);
#4816=ADVANCED_FACE('',(#499),#335,.F.);
#4817=ADVANCED_FACE('',(#500),#4523,.T.);
#4818=ADVANCED_FACE('',(#501),#4524,.T.);
#4819=ADVANCED_FACE('',(#502,#164),#4525,.F.);
#4820=ADVANCED_FACE('',(#503),#4526,.T.);
#4821=ADVANCED_FACE('',(#504),#4527,.T.);
#4822=ADVANCED_FACE('',(#505),#4528,.T.);
#4823=ADVANCED_FACE('',(#506),#4529,.F.);
#4824=ADVANCED_FACE('',(#507),#4530,.F.);
#4825=ADVANCED_FACE('',(#508),#4531,.F.);
#4826=ADVANCED_FACE('',(#509),#4532,.F.);
#4827=ADVANCED_FACE('',(#510),#4533,.F.);
#4828=ADVANCED_FACE('',(#511),#4534,.F.);
#4829=ADVANCED_FACE('',(#512,#165),#4535,.F.);
#4830=ADVANCED_FACE('',(#513),#4536,.T.);
#4831=ADVANCED_FACE('',(#514),#4537,.T.);
#4832=ADVANCED_FACE('',(#515),#4538,.T.);
#4833=ADVANCED_FACE('',(#516),#4539,.T.);
#4834=ADVANCED_FACE('',(#517),#4540,.T.);
#4835=ADVANCED_FACE('',(#518),#4541,.T.);
#4836=ADVANCED_FACE('',(#519),#4542,.T.);
#4837=ADVANCED_FACE('',(#520,#166),#4543,.F.);
#4838=ADVANCED_FACE('',(#521),#4544,.T.);
#4839=ADVANCED_FACE('',(#522),#4545,.T.);
#4840=ADVANCED_FACE('',(#523),#4546,.T.);
#4841=ADVANCED_FACE('',(#524),#4547,.T.);
#4842=ADVANCED_FACE('',(#525),#4548,.T.);
#4843=ADVANCED_FACE('',(#526),#4549,.T.);
#4844=ADVANCED_FACE('',(#527),#4550,.T.);
#4845=ADVANCED_FACE('',(#528),#4551,.T.);
#4846=ADVANCED_FACE('',(#529),#4552,.T.);
#4847=ADVANCED_FACE('',(#530),#4553,.T.);
#4848=ADVANCED_FACE('',(#531),#4554,.T.);
#4849=ADVANCED_FACE('',(#532,#167),#4555,.T.);
#4850=ADVANCED_FACE('',(#533),#4556,.T.);
#4851=ADVANCED_FACE('',(#534),#4557,.T.);
#4852=ADVANCED_FACE('',(#535),#4558,.F.);
#4853=ADVANCED_FACE('',(#536),#54,.T.);
#4854=ADVANCED_FACE('',(#537),#4559,.T.);
#4855=ADVANCED_FACE('',(#538),#4560,.F.);
#4856=ADVANCED_FACE('',(#539),#55,.T.);
#4857=ADVANCED_FACE('',(#540),#4561,.T.);
#4858=ADVANCED_FACE('',(#541),#59,.F.);
#4859=ADVANCED_FACE('',(#542,#168),#4562,.F.);
#4860=ADVANCED_FACE('',(#543),#4563,.T.);
#4861=ADVANCED_FACE('',(#544),#4564,.T.);
#4862=ADVANCED_FACE('',(#545),#4565,.T.);
#4863=ADVANCED_FACE('',(#546,#169,#170,#171,#172,#173),#4566,.T.);
#4864=ADVANCED_FACE('',(#547),#4567,.T.);
#4865=ADVANCED_FACE('',(#548),#4568,.T.);
#4866=ADVANCED_FACE('',(#549),#4569,.T.);
#4867=ADVANCED_FACE('',(#550),#4570,.T.);
#4868=ADVANCED_FACE('',(#551),#4571,.T.);
#4869=ADVANCED_FACE('',(#552),#4572,.T.);
#4870=ADVANCED_FACE('',(#553),#4573,.T.);
#4871=ADVANCED_FACE('',(#554),#4574,.T.);
#4872=ADVANCED_FACE('',(#555),#4575,.T.);
#4873=ADVANCED_FACE('',(#556),#4576,.T.);
#4874=ADVANCED_FACE('',(#557,#174),#4577,.F.);
#4875=ADVANCED_FACE('',(#558),#336,.F.);
#4876=ADVANCED_FACE('',(#559),#4578,.T.);
#4877=ADVANCED_FACE('',(#560,#175),#4579,.T.);
#4878=ADVANCED_FACE('',(#561),#4580,.T.);
#4879=ADVANCED_FACE('',(#562),#4581,.T.);
#4880=ADVANCED_FACE('',(#563),#4582,.T.);
#4881=ADVANCED_FACE('',(#564,#176),#4583,.F.);
#4882=ADVANCED_FACE('',(#565),#337,.F.);
#4883=ADVANCED_FACE('',(#566),#4584,.T.);
#4884=ADVANCED_FACE('',(#567,#177),#4585,.T.);
#4885=ADVANCED_FACE('',(#568),#4586,.T.);
#4886=ADVANCED_FACE('',(#569,#178),#4587,.T.);
#4887=ADVANCED_FACE('',(#570,#179),#4588,.F.);
#4888=ADVANCED_FACE('',(#571),#338,.F.);
#4889=ADVANCED_FACE('',(#572),#4589,.T.);
#4890=ADVANCED_FACE('',(#573),#4590,.T.);
#4891=ADVANCED_FACE('',(#574,#180),#4591,.F.);
#4892=ADVANCED_FACE('',(#575,#181),#4592,.F.);
#4893=ADVANCED_FACE('',(#576),#339,.F.);
#4894=ADVANCED_FACE('',(#577),#4593,.T.);
#4895=ADVANCED_FACE('',(#578),#4594,.T.);
#4896=ADVANCED_FACE('',(#579,#182),#4595,.T.);
#4897=ADVANCED_FACE('',(#580),#4596,.T.);
#4898=ADVANCED_FACE('',(#581),#340,.F.);
#4899=ADVANCED_FACE('',(#582),#341,.F.);
#4900=ADVANCED_FACE('',(#583),#342,.F.);
#4901=ADVANCED_FACE('',(#584),#343,.F.);
#4902=ADVANCED_FACE('',(#585),#4597,.T.);
#4903=ADVANCED_FACE('',(#586),#4598,.T.);
#4904=ADVANCED_FACE('',(#587),#4599,.T.);
#4905=ADVANCED_FACE('',(#588),#4600,.T.);
#4906=ADVANCED_FACE('',(#589),#4601,.T.);
#4907=ADVANCED_FACE('',(#590),#4602,.T.);
#4908=ADVANCED_FACE('',(#591),#4603,.T.);
#4909=ADVANCED_FACE('',(#592),#4604,.T.);
#4910=ADVANCED_FACE('',(#593),#4605,.T.);
#4911=ADVANCED_FACE('',(#594,#183),#4606,.T.);
#4912=ADVANCED_FACE('',(#595,#184),#4607,.T.);
#4913=ADVANCED_FACE('',(#596),#4608,.T.);
#4914=ADVANCED_FACE('',(#597),#4609,.T.);
#4915=ADVANCED_FACE('',(#598),#4610,.T.);
#4916=ADVANCED_FACE('',(#599),#4611,.T.);
#4917=ADVANCED_FACE('',(#600),#4612,.T.);
#4918=ADVANCED_FACE('',(#601),#4613,.T.);
#4919=ADVANCED_FACE('',(#602),#4614,.T.);
#4920=ADVANCED_FACE('',(#603),#4615,.T.);
#4921=ADVANCED_FACE('',(#604),#4616,.F.);
#4922=ADVANCED_FACE('',(#605),#4617,.T.);
#4923=ADVANCED_FACE('',(#606),#4618,.T.);
#4924=CLOSED_SHELL('',(#4661,#4662,#4663,#4664,#4665,#4666,#4667,#4668,
#4669,#4670,#4671,#4672,#4673,#4674,#4675,#4676,#4677,#4678,#4679,#4680,
#4681,#4682,#4683,#4684,#4685,#4686,#4687,#4688,#4689,#4690,#4691,#4692,
#4693,#4694,#4695));
#4925=CLOSED_SHELL('',(#4696,#4697,#4698,#4699,#4700,#4701,#4702,#4703,
#4704,#4705,#4706));
#4926=CLOSED_SHELL('',(#4707,#4708,#4709,#4710,#4711,#4712,#4713,#4714,
#4715,#4716,#4717));
#4927=CLOSED_SHELL('',(#4718,#4719,#4720,#4721,#4722,#4723));
#4928=CLOSED_SHELL('',(#4724,#4725,#4726,#4727,#4728,#4729));
#4929=CLOSED_SHELL('',(#4730,#4731,#4732,#4733,#4734,#4735,#4736,#4737,
#4738,#4739,#4740,#4741,#4742,#4743,#4744,#4745,#4746,#4747,#4748,#4749,
#4750,#4751,#4752,#4753,#4754,#4755,#4756,#4757,#4758,#4759,#4760,#4761,
#4762,#4763,#4764,#4765,#4766,#4767,#4768,#4769,#4770,#4771,#4772,#4773,
#4774,#4775,#4776,#4777,#4778,#4779,#4780,#4781,#4782,#4783,#4784,#4785,
#4786,#4787,#4788,#4789,#4790,#4791,#4792,#4793,#4794,#4795,#4796,#4797,
#4798,#4799,#4800,#4801,#4802,#4803,#4804,#4805,#4806,#4807,#4808,#4809,
#4810,#4811,#4812,#4813,#4814,#4815,#4816,#4817,#4818,#4819,#4820,#4821,
#4822,#4823,#4824,#4825,#4826,#4827,#4828,#4829,#4830,#4831,#4832,#4833,
#4834,#4835,#4836,#4837));
#4930=CLOSED_SHELL('',(#4838,#4839,#4840,#4841,#4842,#4843,#4844,#4845,
#4846,#4847,#4848,#4849,#4850,#4851,#4852));
#4931=CLOSED_SHELL('',(#4853,#4854,#4855,#4856,#4857,#4858,#4859,#4860,
#4861,#4862,#4863,#4864,#4865,#4866,#4867,#4868,#4869,#4870,#4871,#4872,
#4873,#4874,#4875,#4876,#4877,#4878,#4879,#4880,#4881,#4882,#4883,#4884,
#4885,#4886,#4887,#4888,#4889,#4890,#4891,#4892,#4893,#4894,#4895,#4896,
#4897,#4898,#4899,#4900,#4901,#4902,#4903,#4904,#4905,#4906,#4907,#4908,
#4909,#4910,#4911,#4912,#4913,#4914,#4915,#4916,#4917,#4918,#4919,#4920,
#4921,#4922,#4923));
#4932=DERIVED_UNIT_ELEMENT(#4942,1.);
#4933=DERIVED_UNIT_ELEMENT(#8267,-3.);
#4934=DERIVED_UNIT_ELEMENT(#4942,1.);
#4935=DERIVED_UNIT_ELEMENT(#8267,-3.);
#4936=DERIVED_UNIT_ELEMENT(#4942,1.);
#4937=DERIVED_UNIT_ELEMENT(#8267,-3.);
#4938=DERIVED_UNIT_ELEMENT(#4942,1.);
#4939=DERIVED_UNIT_ELEMENT(#8267,-3.);
#4940=DERIVED_UNIT_ELEMENT(#4942,1.);
#4941=DERIVED_UNIT_ELEMENT(#8267,-3.);
#4942=(
MASS_UNIT()
NAMED_UNIT(*)
SI_UNIT(.KILO.,.GRAM.)
);
#4943=DERIVED_UNIT((#4932,#4933));
#4944=DERIVED_UNIT((#4934,#4935));
#4945=DERIVED_UNIT((#4936,#4937));
#4946=DERIVED_UNIT((#4938,#4939));
#4947=DERIVED_UNIT((#4940,#4941));
#4948=MEASURE_REPRESENTATION_ITEM('density measure',
POSITIVE_RATIO_MEASURE(7850.),#4943);
#4949=MEASURE_REPRESENTATION_ITEM('density measure',
POSITIVE_RATIO_MEASURE(7850.),#4944);
#4950=MEASURE_REPRESENTATION_ITEM('density measure',
POSITIVE_RATIO_MEASURE(7850.),#4945);
#4951=MEASURE_REPRESENTATION_ITEM('density measure',
POSITIVE_RATIO_MEASURE(7850.),#4946);
#4952=MEASURE_REPRESENTATION_ITEM('density measure',
POSITIVE_RATIO_MEASURE(7850.),#4947);
#4953=PROPERTY_DEFINITION_REPRESENTATION(#4978,#4963);
#4954=PROPERTY_DEFINITION_REPRESENTATION(#4979,#4964);
#4955=PROPERTY_DEFINITION_REPRESENTATION(#4980,#4965);
#4956=PROPERTY_DEFINITION_REPRESENTATION(#4981,#4966);
#4957=PROPERTY_DEFINITION_REPRESENTATION(#4982,#4967);
#4958=PROPERTY_DEFINITION_REPRESENTATION(#4983,#4968);
#4959=PROPERTY_DEFINITION_REPRESENTATION(#4984,#4969);
#4960=PROPERTY_DEFINITION_REPRESENTATION(#4985,#4970);
#4961=PROPERTY_DEFINITION_REPRESENTATION(#4986,#4971);
#4962=PROPERTY_DEFINITION_REPRESENTATION(#4987,#4972);
#4963=REPRESENTATION('material name',(#4973),#8260);
#4964=REPRESENTATION('density',(#4948),#8260);
#4965=REPRESENTATION('material name',(#4974),#8261);
#4966=REPRESENTATION('density',(#4949),#8261);
#4967=REPRESENTATION('material name',(#4975),#8262);
#4968=REPRESENTATION('density',(#4950),#8262);
#4969=REPRESENTATION('material name',(#4976),#8263);
#4970=REPRESENTATION('density',(#4951),#8263);
#4971=REPRESENTATION('material name',(#4977),#8264);
#4972=REPRESENTATION('density',(#4952),#8264);
#4973=DESCRIPTIVE_REPRESENTATION_ITEM('Steel','Steel');
#4974=DESCRIPTIVE_REPRESENTATION_ITEM('Steel','Steel');
#4975=DESCRIPTIVE_REPRESENTATION_ITEM('Steel','Steel');
#4976=DESCRIPTIVE_REPRESENTATION_ITEM('Steel','Steel');
#4977=DESCRIPTIVE_REPRESENTATION_ITEM('Steel','Steel');
#4978=PROPERTY_DEFINITION('material property','material name',#8295);
#4979=PROPERTY_DEFINITION('material property','density of part',#8295);
#4980=PROPERTY_DEFINITION('material property','material name',#8296);
#4981=PROPERTY_DEFINITION('material property','density of part',#8296);
#4982=PROPERTY_DEFINITION('material property','material name',#8297);
#4983=PROPERTY_DEFINITION('material property','density of part',#8297);
#4984=PROPERTY_DEFINITION('material property','material name',#8298);
#4985=PROPERTY_DEFINITION('material property','density of part',#8298);
#4986=PROPERTY_DEFINITION('material property','material name',#8299);
#4987=PROPERTY_DEFINITION('material property','density of part',#8299);
#4988=AXIS2_PLACEMENT_3D('',#6671,#5373,#5374);
#4989=AXIS2_PLACEMENT_3D('',#6672,#5375,#5376);
#4990=AXIS2_PLACEMENT_3D('',#6673,#5377,#5378);
#4991=AXIS2_PLACEMENT_3D('',#6682,#5383,#5384);
#4992=AXIS2_PLACEMENT_3D('',#6688,#5388,#5389);
#4993=AXIS2_PLACEMENT_3D('',#6694,#5393,#5394);
#4994=AXIS2_PLACEMENT_3D('',#6697,#5397,#5398);
#4995=AXIS2_PLACEMENT_3D('',#6699,#5399,#5400);
#4996=AXIS2_PLACEMENT_3D('',#6702,#5402,#5403);
#4997=AXIS2_PLACEMENT_3D('',#6703,#5404,#5405);
#4998=AXIS2_PLACEMENT_3D('',#6705,#5406,#5407);
#4999=AXIS2_PLACEMENT_3D('',#6708,#5409,#5410);
#5000=AXIS2_PLACEMENT_3D('',#6709,#5411,#5412);
#5001=AXIS2_PLACEMENT_3D('',#6711,#5413,#5414);
#5002=AXIS2_PLACEMENT_3D('',#6714,#5416,#5417);
#5003=AXIS2_PLACEMENT_3D('',#6715,#5418,#5419);
#5004=AXIS2_PLACEMENT_3D('',#6717,#5420,#5421);
#5005=AXIS2_PLACEMENT_3D('',#6720,#5423,#5424);
#5006=AXIS2_PLACEMENT_3D('',#6721,#5425,#5426);
#5007=AXIS2_PLACEMENT_3D('',#6723,#5427,#5428);
#5008=AXIS2_PLACEMENT_3D('',#6726,#5430,#5431);
#5009=AXIS2_PLACEMENT_3D('',#6727,#5432,#5433);
#5010=AXIS2_PLACEMENT_3D('',#6729,#5434,#5435);
#5011=AXIS2_PLACEMENT_3D('',#6732,#5437,#5438);
#5012=AXIS2_PLACEMENT_3D('',#6733,#5439,#5440);
#5013=AXIS2_PLACEMENT_3D('',#6735,#5441,#5442);
#5014=AXIS2_PLACEMENT_3D('',#6738,#5444,#5445);
#5015=AXIS2_PLACEMENT_3D('',#6739,#5446,#5447);
#5016=AXIS2_PLACEMENT_3D('',#6741,#5448,#5449);
#5017=AXIS2_PLACEMENT_3D('',#6744,#5451,#5452);
#5018=AXIS2_PLACEMENT_3D('',#6745,#5453,#5454);
#5019=AXIS2_PLACEMENT_3D('',#6747,#5455,#5456);
#5020=AXIS2_PLACEMENT_3D('',#6750,#5458,#5459);
#5021=AXIS2_PLACEMENT_3D('',#6751,#5460,#5461);
#5022=AXIS2_PLACEMENT_3D('',#6753,#5462,#5463);
#5023=AXIS2_PLACEMENT_3D('',#6756,#5465,#5466);
#5024=AXIS2_PLACEMENT_3D('',#6757,#5467,#5468);
#5025=AXIS2_PLACEMENT_3D('',#6759,#5469,#5470);
#5026=AXIS2_PLACEMENT_3D('',#6762,#5472,#5473);
#5027=AXIS2_PLACEMENT_3D('',#6763,#5474,#5475);
#5028=AXIS2_PLACEMENT_3D('',#6765,#5476,#5477);
#5029=AXIS2_PLACEMENT_3D('',#6768,#5479,#5480);
#5030=AXIS2_PLACEMENT_3D('',#6769,#5481,#5482);
#5031=AXIS2_PLACEMENT_3D('',#6771,#5483,#5484);
#5032=AXIS2_PLACEMENT_3D('',#6774,#5486,#5487);
#5033=AXIS2_PLACEMENT_3D('',#6775,#5488,#5489);
#5034=AXIS2_PLACEMENT_3D('',#6777,#5490,#5491);
#5035=AXIS2_PLACEMENT_3D('',#6780,#5493,#5494);
#5036=AXIS2_PLACEMENT_3D('',#6781,#5495,#5496);
#5037=AXIS2_PLACEMENT_3D('',#6783,#5497,#5498);
#5038=AXIS2_PLACEMENT_3D('',#6786,#5500,#5501);
#5039=AXIS2_PLACEMENT_3D('',#6787,#5502,#5503);
#5040=AXIS2_PLACEMENT_3D('',#6789,#5504,#5505);
#5041=AXIS2_PLACEMENT_3D('',#6792,#5507,#5508);
#5042=AXIS2_PLACEMENT_3D('',#6793,#5509,#5510);
#5043=AXIS2_PLACEMENT_3D('',#6795,#5511,#5512);
#5044=AXIS2_PLACEMENT_3D('',#6798,#5514,#5515);
#5045=AXIS2_PLACEMENT_3D('',#6799,#5516,#5517);
#5046=AXIS2_PLACEMENT_3D('',#6801,#5518,#5519);
#5047=AXIS2_PLACEMENT_3D('',#6804,#5521,#5522);
#5048=AXIS2_PLACEMENT_3D('',#6805,#5523,#5524);
#5049=AXIS2_PLACEMENT_3D('',#6807,#5525,#5526);
#5050=AXIS2_PLACEMENT_3D('',#6810,#5528,#5529);
#5051=AXIS2_PLACEMENT_3D('',#6811,#5530,#5531);
#5052=AXIS2_PLACEMENT_3D('',#6813,#5532,#5533);
#5053=AXIS2_PLACEMENT_3D('',#6816,#5535,#5536);
#5054=AXIS2_PLACEMENT_3D('',#6817,#5537,#5538);
#5055=AXIS2_PLACEMENT_3D('',#6819,#5539,#5540);
#5056=AXIS2_PLACEMENT_3D('',#6822,#5542,#5543);
#5057=AXIS2_PLACEMENT_3D('',#6823,#5544,#5545);
#5058=AXIS2_PLACEMENT_3D('',#6825,#5546,#5547);
#5059=AXIS2_PLACEMENT_3D('',#6828,#5549,#5550);
#5060=AXIS2_PLACEMENT_3D('',#6829,#5551,#5552);
#5061=AXIS2_PLACEMENT_3D('',#6831,#5553,#5554);
#5062=AXIS2_PLACEMENT_3D('',#6834,#5556,#5557);
#5063=AXIS2_PLACEMENT_3D('',#6835,#5558,#5559);
#5064=AXIS2_PLACEMENT_3D('',#6837,#5560,#5561);
#5065=AXIS2_PLACEMENT_3D('',#6840,#5563,#5564);
#5066=AXIS2_PLACEMENT_3D('',#6841,#5565,#5566);
#5067=AXIS2_PLACEMENT_3D('',#6843,#5567,#5568);
#5068=AXIS2_PLACEMENT_3D('',#6846,#5570,#5571);
#5069=AXIS2_PLACEMENT_3D('',#6847,#5572,#5573);
#5070=AXIS2_PLACEMENT_3D('',#6849,#5574,#5575);
#5071=AXIS2_PLACEMENT_3D('',#6852,#5577,#5578);
#5072=AXIS2_PLACEMENT_3D('',#6853,#5579,#5580);
#5073=AXIS2_PLACEMENT_3D('',#6855,#5581,#5582);
#5074=AXIS2_PLACEMENT_3D('',#6858,#5584,#5585);
#5075=AXIS2_PLACEMENT_3D('',#6859,#5586,#5587);
#5076=AXIS2_PLACEMENT_3D('',#6861,#5588,#5589);
#5077=AXIS2_PLACEMENT_3D('',#6864,#5591,#5592);
#5078=AXIS2_PLACEMENT_3D('',#6865,#5593,#5594);
#5079=AXIS2_PLACEMENT_3D('',#6867,#5595,#5596);
#5080=AXIS2_PLACEMENT_3D('',#6870,#5598,#5599);
#5081=AXIS2_PLACEMENT_3D('',#6871,#5600,#5601);
#5082=AXIS2_PLACEMENT_3D('',#6872,#5602,#5603);
#5083=AXIS2_PLACEMENT_3D('',#6873,#5604,#5605);
#5084=AXIS2_PLACEMENT_3D('',#6874,#5606,#5607);
#5085=AXIS2_PLACEMENT_3D('',#6883,#5612,#5613);
#5086=AXIS2_PLACEMENT_3D('',#6889,#5617,#5618);
#5087=AXIS2_PLACEMENT_3D('',#6895,#5622,#5623);
#5088=AXIS2_PLACEMENT_3D('',#6898,#5626,#5627);
#5089=AXIS2_PLACEMENT_3D('',#6899,#5628,#5629);
#5090=AXIS2_PLACEMENT_3D('',#6908,#5634,#5635);
#5091=AXIS2_PLACEMENT_3D('',#6914,#5639,#5640);
#5092=AXIS2_PLACEMENT_3D('',#6920,#5644,#5645);
#5093=AXIS2_PLACEMENT_3D('',#6923,#5648,#5649);
#5094=AXIS2_PLACEMENT_3D('',#6924,#5650,#5651);
#5095=AXIS2_PLACEMENT_3D('',#6925,#5652,#5653);
#5096=AXIS2_PLACEMENT_3D('',#6926,#5654,#5655);
#5097=AXIS2_PLACEMENT_3D('',#6935,#5660,#5661);
#5098=AXIS2_PLACEMENT_3D('',#6941,#5665,#5666);
#5099=AXIS2_PLACEMENT_3D('',#6947,#5670,#5671);
#5100=AXIS2_PLACEMENT_3D('',#6950,#5674,#5675);
#5101=AXIS2_PLACEMENT_3D('',#6951,#5676,#5677);
#5102=AXIS2_PLACEMENT_3D('',#6960,#5682,#5683);
#5103=AXIS2_PLACEMENT_3D('',#6966,#5687,#5688);
#5104=AXIS2_PLACEMENT_3D('',#6972,#5692,#5693);
#5105=AXIS2_PLACEMENT_3D('',#6975,#5696,#5697);
#5106=AXIS2_PLACEMENT_3D('',#6976,#5698,#5699);
#5107=AXIS2_PLACEMENT_3D('',#6977,#5700,#5701);
#5108=AXIS2_PLACEMENT_3D('',#6978,#5702,#5703);
#5109=AXIS2_PLACEMENT_3D('',#6987,#5708,#5709);
#5110=AXIS2_PLACEMENT_3D('',#6993,#5713,#5714);
#5111=AXIS2_PLACEMENT_3D('',#6999,#5718,#5719);
#5112=AXIS2_PLACEMENT_3D('',#7002,#5722,#5723);
#5113=AXIS2_PLACEMENT_3D('',#7003,#5724,#5725);
#5114=AXIS2_PLACEMENT_3D('',#7004,#5726,#5727);
#5115=AXIS2_PLACEMENT_3D('',#7013,#5732,#5733);
#5116=AXIS2_PLACEMENT_3D('',#7019,#5737,#5738);
#5117=AXIS2_PLACEMENT_3D('',#7025,#5742,#5743);
#5118=AXIS2_PLACEMENT_3D('',#7028,#5746,#5747);
#5119=AXIS2_PLACEMENT_3D('',#7029,#5748,#5749);
#5120=AXIS2_PLACEMENT_3D('',#7030,#5750,#5751);
#5121=AXIS2_PLACEMENT_3D('',#7031,#5752,#5753);
#5122=AXIS2_PLACEMENT_3D('',#7036,#5755,#5756);
#5123=AXIS2_PLACEMENT_3D('',#7039,#5758,#5759);
#5124=AXIS2_PLACEMENT_3D('',#7040,#5760,#5761);
#5125=AXIS2_PLACEMENT_3D('',#7044,#5763,#5764);
#5126=AXIS2_PLACEMENT_3D('',#7046,#5766,#5767);
#5127=AXIS2_PLACEMENT_3D('',#7050,#5769,#5770);
#5128=AXIS2_PLACEMENT_3D('',#7052,#5772,#5773);
#5129=AXIS2_PLACEMENT_3D('',#7056,#5775,#5776);
#5130=AXIS2_PLACEMENT_3D('',#7058,#5778,#5779);
#5131=AXIS2_PLACEMENT_3D('',#7062,#5781,#5782);
#5132=AXIS2_PLACEMENT_3D('',#7064,#5784,#5785);
#5133=AXIS2_PLACEMENT_3D('',#7068,#5787,#5788);
#5134=AXIS2_PLACEMENT_3D('',#7070,#5790,#5791);
#5135=AXIS2_PLACEMENT_3D('',#7074,#5793,#5794);
#5136=AXIS2_PLACEMENT_3D('',#7076,#5796,#5797);
#5137=AXIS2_PLACEMENT_3D('',#7081,#5800,#5801);
#5138=AXIS2_PLACEMENT_3D('',#7082,#5802,#5803);
#5139=AXIS2_PLACEMENT_3D('',#7087,#5806,#5807);
#5140=AXIS2_PLACEMENT_3D('',#7088,#5808,#5809);
#5141=AXIS2_PLACEMENT_3D('',#7093,#5812,#5813);
#5142=AXIS2_PLACEMENT_3D('',#7094,#5814,#5815);
#5143=AXIS2_PLACEMENT_3D('',#7099,#5818,#5819);
#5144=AXIS2_PLACEMENT_3D('',#7100,#5820,#5821);
#5145=AXIS2_PLACEMENT_3D('',#7103,#5824,#5825);
#5146=AXIS2_PLACEMENT_3D('',#7109,#5829,#5830);
#5147=AXIS2_PLACEMENT_3D('',#7113,#5833,#5834);
#5148=AXIS2_PLACEMENT_3D('',#7117,#5837,#5838);
#5149=AXIS2_PLACEMENT_3D('',#7121,#5841,#5842);
#5150=AXIS2_PLACEMENT_3D('',#7125,#5845,#5846);
#5151=AXIS2_PLACEMENT_3D('',#7129,#5849,#5850);
#5152=AXIS2_PLACEMENT_3D('',#7130,#5851,#5852);
#5153=AXIS2_PLACEMENT_3D('',#7132,#5853,#5854);
#5154=AXIS2_PLACEMENT_3D('',#7134,#5855,#5856);
#5155=AXIS2_PLACEMENT_3D('',#7136,#5857,#5858);
#5156=AXIS2_PLACEMENT_3D('',#7137,#5859,#5860);
#5157=AXIS2_PLACEMENT_3D('',#7138,#5861,#5862);
#5158=AXIS2_PLACEMENT_3D('',#7141,#5864,#5865);
#5159=AXIS2_PLACEMENT_3D('',#7142,#5866,#5867);
#5160=AXIS2_PLACEMENT_3D('',#7143,#5868,#5869);
#5161=AXIS2_PLACEMENT_3D('',#7145,#5870,#5871);
#5162=AXIS2_PLACEMENT_3D('',#7147,#5872,#5873);
#5163=AXIS2_PLACEMENT_3D('',#7149,#5874,#5875);
#5164=AXIS2_PLACEMENT_3D('',#7150,#5876,#5877);
#5165=AXIS2_PLACEMENT_3D('',#7151,#5878,#5879);
#5166=AXIS2_PLACEMENT_3D('',#7154,#5881,#5882);
#5167=AXIS2_PLACEMENT_3D('',#7155,#5883,#5884);
#5168=AXIS2_PLACEMENT_3D('',#7156,#5885,#5886);
#5169=AXIS2_PLACEMENT_3D('',#7160,#5889,#5890);
#5170=AXIS2_PLACEMENT_3D('',#7164,#5893,#5894);
#5171=AXIS2_PLACEMENT_3D('',#7168,#5897,#5898);
#5172=AXIS2_PLACEMENT_3D('',#7172,#5901,#5902);
#5173=AXIS2_PLACEMENT_3D('',#7176,#5905,#5906);
#5174=AXIS2_PLACEMENT_3D('',#7242,#5908,#5909);
#5175=AXIS2_PLACEMENT_3D('',#7252,#5915,#5916);
#5176=AXIS2_PLACEMENT_3D('',#7254,#5917,#5918);
#5177=AXIS2_PLACEMENT_3D('',#7335,#5928,#5929);
#5178=AXIS2_PLACEMENT_3D('',#7346,#5935,#5936);
#5179=AXIS2_PLACEMENT_3D('',#7349,#5938,#5939);
#5180=AXIS2_PLACEMENT_3D('',#7350,#5940,#5941);
#5181=AXIS2_PLACEMENT_3D('',#7351,#5942,#5943);
#5182=AXIS2_PLACEMENT_3D('',#7352,#5944,#5945);
#5183=AXIS2_PLACEMENT_3D('',#7353,#5946,#5947);
#5184=AXIS2_PLACEMENT_3D('',#7359,#5951,#5952);
#5185=AXIS2_PLACEMENT_3D('',#7362,#5954,#5955);
#5186=AXIS2_PLACEMENT_3D('',#7363,#5956,#5957);
#5187=AXIS2_PLACEMENT_3D('',#7367,#5960,#5961);
#5188=AXIS2_PLACEMENT_3D('',#7368,#5962,#5963);
#5189=AXIS2_PLACEMENT_3D('',#7369,#5964,#5965);
#5190=AXIS2_PLACEMENT_3D('',#7373,#5967,#5968);
#5191=AXIS2_PLACEMENT_3D('',#7375,#5970,#5971);
#5192=AXIS2_PLACEMENT_3D('',#7379,#5974,#5975);
#5193=AXIS2_PLACEMENT_3D('',#7382,#5977,#5978);
#5194=AXIS2_PLACEMENT_3D('',#7383,#5979,#5980);
#5195=AXIS2_PLACEMENT_3D('',#7385,#5982,#5983);
#5196=AXIS2_PLACEMENT_3D('',#7394,#5988,#5989);
#5197=AXIS2_PLACEMENT_3D('',#7400,#5993,#5994);
#5198=AXIS2_PLACEMENT_3D('',#7406,#5998,#5999);
#5199=AXIS2_PLACEMENT_3D('',#7409,#6002,#6003);
#5200=AXIS2_PLACEMENT_3D('',#7415,#6007,#6008);
#5201=AXIS2_PLACEMENT_3D('',#7419,#6011,#6012);
#5202=AXIS2_PLACEMENT_3D('',#7428,#6017,#6018);
#5203=AXIS2_PLACEMENT_3D('',#7436,#6023,#6024);
#5204=AXIS2_PLACEMENT_3D('',#7457,#6036,#6037);
#5205=AXIS2_PLACEMENT_3D('',#7459,#6039,#6040);
#5206=AXIS2_PLACEMENT_3D('',#7465,#6044,#6045);
#5207=AXIS2_PLACEMENT_3D('',#7467,#6047,#6048);
#5208=AXIS2_PLACEMENT_3D('',#7469,#6050,#6051);
#5209=AXIS2_PLACEMENT_3D('',#7475,#6055,#6056);
#5210=AXIS2_PLACEMENT_3D('',#7480,#6060,#6061);
#5211=AXIS2_PLACEMENT_3D('',#7484,#6064,#6065);
#5212=AXIS2_PLACEMENT_3D('',#7488,#6068,#6069);
#5213=AXIS2_PLACEMENT_3D('',#7492,#6072,#6073);
#5214=AXIS2_PLACEMENT_3D('',#7493,#6074,#6075);
#5215=AXIS2_PLACEMENT_3D('',#7496,#6078,#6079);
#5216=AXIS2_PLACEMENT_3D('',#7506,#6084,#6085);
#5217=AXIS2_PLACEMENT_3D('',#7507,#6086,#6087);
#5218=AXIS2_PLACEMENT_3D('',#7517,#6092,#6093);
#5219=AXIS2_PLACEMENT_3D('',#7518,#6094,#6095);
#5220=AXIS2_PLACEMENT_3D('',#7528,#6100,#6101);
#5221=AXIS2_PLACEMENT_3D('',#7529,#6102,#6103);
#5222=AXIS2_PLACEMENT_3D('',#7535,#6107,#6108);
#5223=AXIS2_PLACEMENT_3D('',#7539,#6111,#6112);
#5224=AXIS2_PLACEMENT_3D('',#7544,#6115,#6116);
#5225=AXIS2_PLACEMENT_3D('',#7545,#6117,#6118);
#5226=AXIS2_PLACEMENT_3D('',#7547,#6120,#6121);
#5227=AXIS2_PLACEMENT_3D('',#7563,#6131,#6132);
#5228=AXIS2_PLACEMENT_3D('',#7572,#6137,#6138);
#5229=AXIS2_PLACEMENT_3D('',#7578,#6142,#6143);
#5230=AXIS2_PLACEMENT_3D('',#7583,#6146,#6147);
#5231=AXIS2_PLACEMENT_3D('',#7584,#6148,#6149);
#5232=AXIS2_PLACEMENT_3D('',#7586,#6150,#6151);
#5233=AXIS2_PLACEMENT_3D('',#7588,#6153,#6154);
#5234=AXIS2_PLACEMENT_3D('',#7595,#6159,#6160);
#5235=AXIS2_PLACEMENT_3D('',#7609,#6169,#6170);
#5236=AXIS2_PLACEMENT_3D('',#7613,#6173,#6174);
#5237=AXIS2_PLACEMENT_3D('',#7616,#6176,#6177);
#5238=AXIS2_PLACEMENT_3D('',#7617,#6178,#6179);
#5239=AXIS2_PLACEMENT_3D('',#7621,#6182,#6183);
#5240=AXIS2_PLACEMENT_3D('',#7622,#6184,#6185);
#5241=AXIS2_PLACEMENT_3D('',#7626,#6188,#6189);
#5242=AXIS2_PLACEMENT_3D('',#7627,#6190,#6191);
#5243=AXIS2_PLACEMENT_3D('',#7630,#6193,#6194);
#5244=AXIS2_PLACEMENT_3D('',#7631,#6195,#6196);
#5245=AXIS2_PLACEMENT_3D('',#7635,#6199,#6200);
#5246=AXIS2_PLACEMENT_3D('',#7637,#6202,#6203);
#5247=AXIS2_PLACEMENT_3D('',#7647,#6209,#6210);
#5248=AXIS2_PLACEMENT_3D('',#7650,#6213,#6214);
#5249=AXIS2_PLACEMENT_3D('',#7651,#6215,#6216);
#5250=AXIS2_PLACEMENT_3D('',#7652,#6217,#6218);
#5251=AXIS2_PLACEMENT_3D('',#7654,#6220,#6221);
#5252=AXIS2_PLACEMENT_3D('',#7655,#6222,#6223);
#5253=AXIS2_PLACEMENT_3D('',#7661,#6227,#6228);
#5254=AXIS2_PLACEMENT_3D('',#7665,#6231,#6232);
#5255=AXIS2_PLACEMENT_3D('',#7669,#6235,#6236);
#5256=AXIS2_PLACEMENT_3D('',#7671,#6238,#6239);
#5257=AXIS2_PLACEMENT_3D('',#7680,#6244,#6245);
#5258=AXIS2_PLACEMENT_3D('',#7683,#6248,#6249);
#5259=AXIS2_PLACEMENT_3D('',#7685,#6251,#6252);
#5260=AXIS2_PLACEMENT_3D('',#7687,#6254,#6255);
#5261=AXIS2_PLACEMENT_3D('',#7688,#6256,#6257);
#5262=AXIS2_PLACEMENT_3D('',#7689,#6258,#6259);
#5263=AXIS2_PLACEMENT_3D('',#7693,#6262,#6263);
#5264=AXIS2_PLACEMENT_3D('',#7695,#6265,#6266);
#5265=AXIS2_PLACEMENT_3D('',#7696,#6267,#6268);
#5266=AXIS2_PLACEMENT_3D('',#7705,#6273,#6274);
#5267=AXIS2_PLACEMENT_3D('',#7711,#6278,#6279);
#5268=AXIS2_PLACEMENT_3D('',#7717,#6283,#6284);
#5269=AXIS2_PLACEMENT_3D('',#7720,#6287,#6288);
#5270=AXIS2_PLACEMENT_3D('',#7726,#6292,#6293);
#5271=AXIS2_PLACEMENT_3D('',#7730,#6296,#6297);
#5272=AXIS2_PLACEMENT_3D('',#7731,#6298,#6299);
#5273=AXIS2_PLACEMENT_3D('',#7740,#6304,#6305);
#5274=AXIS2_PLACEMENT_3D('',#7746,#6309,#6310);
#5275=AXIS2_PLACEMENT_3D('',#7752,#6314,#6315);
#5276=AXIS2_PLACEMENT_3D('',#7755,#6318,#6319);
#5277=AXIS2_PLACEMENT_3D('',#7759,#6322,#6323);
#5278=AXIS2_PLACEMENT_3D('',#7761,#6325,#6326);
#5279=AXIS2_PLACEMENT_3D('',#7762,#6327,#6328);
#5280=AXIS2_PLACEMENT_3D('',#7827,#6329,#6330);
#5281=AXIS2_PLACEMENT_3D('',#7837,#6336,#6337);
#5282=AXIS2_PLACEMENT_3D('',#7839,#6338,#6339);
#5283=AXIS2_PLACEMENT_3D('',#7904,#6341,#6342);
#5284=AXIS2_PLACEMENT_3D('',#7910,#6346,#6347);
#5285=AXIS2_PLACEMENT_3D('',#7911,#6348,#6349);
#5286=AXIS2_PLACEMENT_3D('',#7912,#6350,#6351);
#5287=AXIS2_PLACEMENT_3D('',#7928,#6360,#6361);
#5288=AXIS2_PLACEMENT_3D('',#7937,#6366,#6367);
#5289=AXIS2_PLACEMENT_3D('',#7943,#6371,#6372);
#5290=AXIS2_PLACEMENT_3D('',#7949,#6376,#6377);
#5291=AXIS2_PLACEMENT_3D('',#7961,#6383,#6384);
#5292=AXIS2_PLACEMENT_3D('',#7963,#6385,#6386);
#5293=AXIS2_PLACEMENT_3D('',#7965,#6387,#6388);
#5294=AXIS2_PLACEMENT_3D('',#7967,#6389,#6390);
#5295=AXIS2_PLACEMENT_3D('',#7969,#6392,#6393);
#5296=AXIS2_PLACEMENT_3D('',#7977,#6398,#6399);
#5297=AXIS2_PLACEMENT_3D('',#7983,#6403,#6404);
#5298=AXIS2_PLACEMENT_3D('',#7986,#6407,#6408);
#5299=AXIS2_PLACEMENT_3D('',#7988,#6410,#6411);
#5300=AXIS2_PLACEMENT_3D('',#7992,#6414,#6415);
#5301=AXIS2_PLACEMENT_3D('',#7995,#6418,#6419);
#5302=AXIS2_PLACEMENT_3D('',#7997,#6421,#6422);
#5303=AXIS2_PLACEMENT_3D('',#7998,#6423,#6424);
#5304=AXIS2_PLACEMENT_3D('',#7999,#6425,#6426);
#5305=AXIS2_PLACEMENT_3D('',#8008,#6431,#6432);
#5306=AXIS2_PLACEMENT_3D('',#8010,#6433,#6434);
#5307=AXIS2_PLACEMENT_3D('',#8012,#6435,#6436);
#5308=AXIS2_PLACEMENT_3D('',#8013,#6437,#6438);
#5309=AXIS2_PLACEMENT_3D('',#8015,#6439,#6440);
#5310=AXIS2_PLACEMENT_3D('',#8017,#6442,#6443);
#5311=AXIS2_PLACEMENT_3D('',#8023,#6447,#6448);
#5312=AXIS2_PLACEMENT_3D('',#8027,#6451,#6452);
#5313=AXIS2_PLACEMENT_3D('',#8036,#6458,#6459);
#5314=AXIS2_PLACEMENT_3D('',#8044,#6464,#6465);
#5315=AXIS2_PLACEMENT_3D('',#8050,#6469,#6470);
#5316=AXIS2_PLACEMENT_3D('',#8052,#6471,#6472);
#5317=AXIS2_PLACEMENT_3D('',#8054,#6473,#6474);
#5318=AXIS2_PLACEMENT_3D('',#8055,#6475,#6476);
#5319=AXIS2_PLACEMENT_3D('',#8057,#6477,#6478);
#5320=AXIS2_PLACEMENT_3D('',#8059,#6480,#6481);
#5321=AXIS2_PLACEMENT_3D('',#8065,#6485,#6486);
#5322=AXIS2_PLACEMENT_3D('',#8067,#6488,#6489);
#5323=AXIS2_PLACEMENT_3D('',#8075,#6494,#6495);
#5324=AXIS2_PLACEMENT_3D('',#8082,#6499,#6500);
#5325=AXIS2_PLACEMENT_3D('',#8083,#6501,#6502);
#5326=AXIS2_PLACEMENT_3D('',#8085,#6503,#6504);
#5327=AXIS2_PLACEMENT_3D('',#8087,#6505,#6506);
#5328=AXIS2_PLACEMENT_3D('',#8088,#6507,#6508);
#5329=AXIS2_PLACEMENT_3D('',#8090,#6510,#6511);
#5330=AXIS2_PLACEMENT_3D('',#8094,#6514,#6515);
#5331=AXIS2_PLACEMENT_3D('',#8098,#6518,#6519);
#5332=AXIS2_PLACEMENT_3D('',#8112,#6527,#6528);
#5333=AXIS2_PLACEMENT_3D('',#8114,#6529,#6530);
#5334=AXIS2_PLACEMENT_3D('',#8116,#6531,#6532);
#5335=AXIS2_PLACEMENT_3D('',#8117,#6533,#6534);
#5336=AXIS2_PLACEMENT_3D('',#8119,#6535,#6536);
#5337=AXIS2_PLACEMENT_3D('',#8121,#6538,#6539);
#5338=AXIS2_PLACEMENT_3D('',#8127,#6543,#6544);
#5339=AXIS2_PLACEMENT_3D('',#8129,#6546,#6547);
#5340=AXIS2_PLACEMENT_3D('',#8131,#6549,#6550);
#5341=AXIS2_PLACEMENT_3D('',#8132,#6551,#6552);
#5342=AXIS2_PLACEMENT_3D('',#8134,#6554,#6555);
#5343=AXIS2_PLACEMENT_3D('',#8136,#6557,#6558);
#5344=AXIS2_PLACEMENT_3D('',#8138,#6560,#6561);
#5345=AXIS2_PLACEMENT_3D('',#8140,#6563,#6564);
#5346=AXIS2_PLACEMENT_3D('',#8146,#6568,#6569);
#5347=AXIS2_PLACEMENT_3D('',#8150,#6572,#6573);
#5348=AXIS2_PLACEMENT_3D('',#8154,#6576,#6577);
#5349=AXIS2_PLACEMENT_3D('',#8156,#6579,#6580);
#5350=AXIS2_PLACEMENT_3D('',#8162,#6584,#6585);
#5351=AXIS2_PLACEMENT_3D('',#8166,#6588,#6589);
#5352=AXIS2_PLACEMENT_3D('',#8175,#6594,#6595);
#5353=AXIS2_PLACEMENT_3D('',#8184,#6600,#6601);
#5354=AXIS2_PLACEMENT_3D('',#8190,#6605,#6606);
#5355=AXIS2_PLACEMENT_3D('',#8199,#6611,#6612);
#5356=AXIS2_PLACEMENT_3D('',#8216,#6622,#6623);
#5357=AXIS2_PLACEMENT_3D('',#8219,#6626,#6627);
#5358=AXIS2_PLACEMENT_3D('',#8221,#6629,#6630);
#5359=AXIS2_PLACEMENT_3D('',#8223,#6632,#6633);
#5360=AXIS2_PLACEMENT_3D('',#8224,#6634,#6635);
#5361=AXIS2_PLACEMENT_3D('',#8228,#6638,#6639);
#5362=AXIS2_PLACEMENT_3D('',#8232,#6642,#6643);
#5363=AXIS2_PLACEMENT_3D('',#8236,#6646,#6647);
#5364=AXIS2_PLACEMENT_3D('',#8238,#6649,#6650);
#5365=AXIS2_PLACEMENT_3D('',#8243,#6654,#6655);
#5366=AXIS2_PLACEMENT_3D('',#8245,#6657,#6658);
#5367=AXIS2_PLACEMENT_3D('',#8246,#6659,#6660);
#5368=AXIS2_PLACEMENT_3D('',#8247,#6661,#6662);
#5369=AXIS2_PLACEMENT_3D('',#8248,#6663,#6664);
#5370=AXIS2_PLACEMENT_3D('',#8249,#6665,#6666);
#5371=AXIS2_PLACEMENT_3D('',#8250,#6667,#6668);
#5372=AXIS2_PLACEMENT_3D('',#8251,#6669,#6670);
#5373=DIRECTION('axis',(0.,0.,1.));
#5374=DIRECTION('refdir',(1.,0.,0.));
#5375=DIRECTION('axis',(0.,0.,1.));
#5376=DIRECTION('refdir',(1.,0.,0.));
#5377=DIRECTION('center_axis',(1.,0.,0.));
#5378=DIRECTION('ref_axis',(0.,-1.,0.));
#5379=DIRECTION('',(0.,0.,1.));
#5380=DIRECTION('',(0.,-1.,0.));
#5381=DIRECTION('',(0.,0.,1.));
#5382=DIRECTION('',(0.,-1.,0.));
#5383=DIRECTION('center_axis',(0.,-1.,0.));
#5384=DIRECTION('ref_axis',(-1.,0.,0.));
#5385=DIRECTION('',(-1.,0.,0.));
#5386=DIRECTION('',(0.,0.,1.));
#5387=DIRECTION('',(-1.,0.,0.));
#5388=DIRECTION('center_axis',(-1.,0.,0.));
#5389=DIRECTION('ref_axis',(0.,1.,0.));
#5390=DIRECTION('',(0.,1.,0.));
#5391=DIRECTION('',(0.,0.,1.));
#5392=DIRECTION('',(0.,1.,0.));
#5393=DIRECTION('center_axis',(0.,1.,0.));
#5394=DIRECTION('ref_axis',(1.,0.,0.));
#5395=DIRECTION('',(1.,0.,0.));
#5396=DIRECTION('',(1.,0.,0.));
#5397=DIRECTION('center_axis',(0.,0.,-1.));
#5398=DIRECTION('ref_axis',(1.,1.554311332086E-16,0.));
#5399=DIRECTION('center_axis',(0.,0.,1.));
#5400=DIRECTION('ref_axis',(1.,1.554311332086E-16,0.));
#5401=DIRECTION('',(0.,0.,-1.));
#5402=DIRECTION('center_axis',(0.,0.,1.));
#5403=DIRECTION('ref_axis',(-1.,-1.998399639547E-16,0.));
#5404=DIRECTION('center_axis',(0.,0.,-1.));
#5405=DIRECTION('ref_axis',(1.,1.110223024625E-16,0.));
#5406=DIRECTION('center_axis',(0.,0.,1.));
#5407=DIRECTION('ref_axis',(1.,1.110223024625E-16,0.));
#5408=DIRECTION('',(0.,0.,-1.));
#5409=DIRECTION('center_axis',(0.,0.,1.));
#5410=DIRECTION('ref_axis',(-1.,-1.110223024625E-16,0.));
#5411=DIRECTION('center_axis',(0.,0.,-1.));
#5412=DIRECTION('ref_axis',(1.,1.110223024625E-16,0.));
#5413=DIRECTION('center_axis',(0.,0.,1.));
#5414=DIRECTION('ref_axis',(1.,1.110223024625E-16,0.));
#5415=DIRECTION('',(0.,0.,-1.));
#5416=DIRECTION('center_axis',(0.,0.,1.));
#5417=DIRECTION('ref_axis',(-1.,-1.110223024625E-16,0.));
#5418=DIRECTION('center_axis',(0.,0.,-1.));
#5419=DIRECTION('ref_axis',(1.,1.110223024625E-16,0.));
#5420=DIRECTION('center_axis',(0.,0.,1.));
#5421=DIRECTION('ref_axis',(1.,1.110223024625E-16,0.));
#5422=DIRECTION('',(0.,0.,-1.));
#5423=DIRECTION('center_axis',(0.,0.,1.));
#5424=DIRECTION('ref_axis',(-1.,-1.110223024625E-16,0.));
#5425=DIRECTION('center_axis',(0.,0.,-1.));
#5426=DIRECTION('ref_axis',(1.,1.110223024625E-16,0.));
#5427=DIRECTION('center_axis',(0.,0.,1.));
#5428=DIRECTION('ref_axis',(1.,1.110223024625E-16,0.));
#5429=DIRECTION('',(0.,0.,-1.));
#5430=DIRECTION('center_axis',(0.,0.,1.));
#5431=DIRECTION('ref_axis',(-1.,-1.110223024625E-16,0.));
#5432=DIRECTION('center_axis',(0.,0.,-1.));
#5433=DIRECTION('ref_axis',(1.,1.110223024625E-16,0.));
#5434=DIRECTION('center_axis',(0.,0.,1.));
#5435=DIRECTION('ref_axis',(1.,1.110223024625E-16,0.));
#5436=DIRECTION('',(0.,0.,-1.));
#5437=DIRECTION('center_axis',(0.,0.,1.));
#5438=DIRECTION('ref_axis',(-1.,-1.110223024625E-16,0.));
#5439=DIRECTION('center_axis',(0.,0.,-1.));
#5440=DIRECTION('ref_axis',(1.,1.110223024625E-16,0.));
#5441=DIRECTION('center_axis',(0.,0.,1.));
#5442=DIRECTION('ref_axis',(1.,1.110223024625E-16,0.));
#5443=DIRECTION('',(0.,0.,-1.));
#5444=DIRECTION('center_axis',(0.,0.,1.));
#5445=DIRECTION('ref_axis',(-1.,-1.110223024625E-16,0.));
#5446=DIRECTION('center_axis',(0.,0.,-1.));
#5447=DIRECTION('ref_axis',(1.,1.110223024625E-16,0.));
#5448=DIRECTION('center_axis',(0.,0.,1.));
#5449=DIRECTION('ref_axis',(1.,1.110223024625E-16,0.));
#5450=DIRECTION('',(0.,0.,-1.));
#5451=DIRECTION('center_axis',(0.,0.,1.));
#5452=DIRECTION('ref_axis',(-1.,-1.110223024625E-16,0.));
#5453=DIRECTION('center_axis',(0.,0.,-1.));
#5454=DIRECTION('ref_axis',(1.,1.110223024625E-16,0.));
#5455=DIRECTION('center_axis',(0.,0.,1.));
#5456=DIRECTION('ref_axis',(1.,1.110223024625E-16,0.));
#5457=DIRECTION('',(0.,0.,-1.));
#5458=DIRECTION('center_axis',(0.,0.,1.));
#5459=DIRECTION('ref_axis',(-1.,-1.110223024625E-16,0.));
#5460=DIRECTION('center_axis',(0.,0.,-1.));
#5461=DIRECTION('ref_axis',(1.,1.110223024625E-16,0.));
#5462=DIRECTION('center_axis',(0.,0.,1.));
#5463=DIRECTION('ref_axis',(1.,1.110223024625E-16,0.));
#5464=DIRECTION('',(0.,0.,-1.));
#5465=DIRECTION('center_axis',(0.,0.,1.));
#5466=DIRECTION('ref_axis',(-1.,-1.110223024625E-16,0.));
#5467=DIRECTION('center_axis',(0.,0.,-1.));
#5468=DIRECTION('ref_axis',(1.,1.110223024625E-16,0.));
#5469=DIRECTION('center_axis',(0.,0.,1.));
#5470=DIRECTION('ref_axis',(1.,1.110223024625E-16,0.));
#5471=DIRECTION('',(0.,0.,-1.));
#5472=DIRECTION('center_axis',(0.,0.,1.));
#5473=DIRECTION('ref_axis',(-1.,-1.110223024625E-16,0.));
#5474=DIRECTION('center_axis',(0.,0.,-1.));
#5475=DIRECTION('ref_axis',(1.,1.110223024625E-16,0.));
#5476=DIRECTION('center_axis',(0.,0.,1.));
#5477=DIRECTION('ref_axis',(1.,1.110223024625E-16,0.));
#5478=DIRECTION('',(0.,0.,-1.));
#5479=DIRECTION('center_axis',(0.,0.,1.));
#5480=DIRECTION('ref_axis',(-1.,-1.110223024625E-16,0.));
#5481=DIRECTION('center_axis',(0.,0.,-1.));
#5482=DIRECTION('ref_axis',(1.,1.110223024625E-16,0.));
#5483=DIRECTION('center_axis',(0.,0.,1.));
#5484=DIRECTION('ref_axis',(1.,1.110223024625E-16,0.));
#5485=DIRECTION('',(0.,0.,-1.));
#5486=DIRECTION('center_axis',(0.,0.,1.));
#5487=DIRECTION('ref_axis',(-1.,-1.110223024625E-16,0.));
#5488=DIRECTION('center_axis',(0.,0.,-1.));
#5489=DIRECTION('ref_axis',(1.,1.110223024625E-16,0.));
#5490=DIRECTION('center_axis',(0.,0.,1.));
#5491=DIRECTION('ref_axis',(1.,1.110223024625E-16,0.));
#5492=DIRECTION('',(0.,0.,-1.));
#5493=DIRECTION('center_axis',(0.,0.,1.));
#5494=DIRECTION('ref_axis',(-1.,-1.110223024625E-16,0.));
#5495=DIRECTION('center_axis',(0.,0.,-1.));
#5496=DIRECTION('ref_axis',(1.,1.110223024625E-16,0.));
#5497=DIRECTION('center_axis',(0.,0.,1.));
#5498=DIRECTION('ref_axis',(1.,1.110223024625E-16,0.));
#5499=DIRECTION('',(0.,0.,-1.));
#5500=DIRECTION('center_axis',(0.,0.,1.));
#5501=DIRECTION('ref_axis',(-1.,-1.110223024625E-16,0.));
#5502=DIRECTION('center_axis',(0.,0.,-1.));
#5503=DIRECTION('ref_axis',(1.,1.110223024625E-16,0.));
#5504=DIRECTION('center_axis',(0.,0.,1.));
#5505=DIRECTION('ref_axis',(1.,1.110223024625E-16,0.));
#5506=DIRECTION('',(0.,0.,-1.));
#5507=DIRECTION('center_axis',(0.,0.,1.));
#5508=DIRECTION('ref_axis',(-1.,-1.110223024625E-16,0.));
#5509=DIRECTION('center_axis',(0.,0.,-1.));
#5510=DIRECTION('ref_axis',(1.,1.110223024625E-16,0.));
#5511=DIRECTION('center_axis',(0.,0.,1.));
#5512=DIRECTION('ref_axis',(1.,1.110223024625E-16,0.));
#5513=DIRECTION('',(0.,0.,-1.));
#5514=DIRECTION('center_axis',(0.,0.,1.));
#5515=DIRECTION('ref_axis',(-1.,-1.110223024625E-16,0.));
#5516=DIRECTION('center_axis',(0.,0.,-1.));
#5517=DIRECTION('ref_axis',(1.,1.110223024625E-16,0.));
#5518=DIRECTION('center_axis',(0.,0.,1.));
#5519=DIRECTION('ref_axis',(1.,1.110223024625E-16,0.));
#5520=DIRECTION('',(0.,0.,-1.));
#5521=DIRECTION('center_axis',(0.,0.,1.));
#5522=DIRECTION('ref_axis',(-1.,-1.110223024625E-16,0.));
#5523=DIRECTION('center_axis',(0.,0.,-1.));
#5524=DIRECTION('ref_axis',(1.,1.110223024625E-16,0.));
#5525=DIRECTION('center_axis',(0.,0.,1.));
#5526=DIRECTION('ref_axis',(1.,1.110223024625E-16,0.));
#5527=DIRECTION('',(0.,0.,-1.));
#5528=DIRECTION('center_axis',(0.,0.,1.));
#5529=DIRECTION('ref_axis',(-1.,-1.110223024625E-16,0.));
#5530=DIRECTION('center_axis',(0.,0.,-1.));
#5531=DIRECTION('ref_axis',(1.,1.110223024625E-16,0.));
#5532=DIRECTION('center_axis',(0.,0.,1.));
#5533=DIRECTION('ref_axis',(1.,1.110223024625E-16,0.));
#5534=DIRECTION('',(0.,0.,-1.));
#5535=DIRECTION('center_axis',(0.,0.,1.));
#5536=DIRECTION('ref_axis',(-1.,-1.110223024625E-16,0.));
#5537=DIRECTION('center_axis',(0.,0.,-1.));
#5538=DIRECTION('ref_axis',(1.,1.110223024625E-16,0.));
#5539=DIRECTION('center_axis',(0.,0.,1.));
#5540=DIRECTION('ref_axis',(1.,1.110223024625E-16,0.));
#5541=DIRECTION('',(0.,0.,-1.));
#5542=DIRECTION('center_axis',(0.,0.,1.));
#5543=DIRECTION('ref_axis',(-1.,-1.110223024625E-16,0.));
#5544=DIRECTION('center_axis',(0.,0.,-1.));
#5545=DIRECTION('ref_axis',(1.,1.554311332086E-16,0.));
#5546=DIRECTION('center_axis',(0.,0.,1.));
#5547=DIRECTION('ref_axis',(1.,1.554311332086E-16,0.));
#5548=DIRECTION('',(0.,0.,-1.));
#5549=DIRECTION('center_axis',(0.,0.,1.));
#5550=DIRECTION('ref_axis',(-1.,-1.998399639547E-16,0.));
#5551=DIRECTION('center_axis',(0.,0.,-1.));
#5552=DIRECTION('ref_axis',(1.,1.110223024625E-16,0.));
#5553=DIRECTION('center_axis',(0.,0.,1.));
#5554=DIRECTION('ref_axis',(1.,1.110223024625E-16,0.));
#5555=DIRECTION('',(0.,0.,-1.));
#5556=DIRECTION('center_axis',(0.,0.,1.));
#5557=DIRECTION('ref_axis',(-1.,-1.110223024625E-16,0.));
#5558=DIRECTION('center_axis',(0.,0.,-1.));
#5559=DIRECTION('ref_axis',(1.,1.110223024625E-16,0.));
#5560=DIRECTION('center_axis',(0.,0.,1.));
#5561=DIRECTION('ref_axis',(1.,1.110223024625E-16,0.));
#5562=DIRECTION('',(0.,0.,-1.));
#5563=DIRECTION('center_axis',(0.,0.,1.));
#5564=DIRECTION('ref_axis',(-1.,-1.110223024625E-16,0.));
#5565=DIRECTION('center_axis',(0.,0.,-1.));
#5566=DIRECTION('ref_axis',(1.,1.110223024625E-16,0.));
#5567=DIRECTION('center_axis',(0.,0.,1.));
#5568=DIRECTION('ref_axis',(1.,1.110223024625E-16,0.));
#5569=DIRECTION('',(0.,0.,-1.));
#5570=DIRECTION('center_axis',(0.,0.,1.));
#5571=DIRECTION('ref_axis',(-1.,-1.110223024625E-16,0.));
#5572=DIRECTION('center_axis',(0.,0.,-1.));
#5573=DIRECTION('ref_axis',(1.,1.110223024625E-16,0.));
#5574=DIRECTION('center_axis',(0.,0.,1.));
#5575=DIRECTION('ref_axis',(1.,1.110223024625E-16,0.));
#5576=DIRECTION('',(0.,0.,-1.));
#5577=DIRECTION('center_axis',(0.,0.,1.));
#5578=DIRECTION('ref_axis',(-1.,-1.110223024625E-16,0.));
#5579=DIRECTION('center_axis',(0.,0.,-1.));
#5580=DIRECTION('ref_axis',(1.,1.110223024625E-16,0.));
#5581=DIRECTION('center_axis',(0.,0.,1.));
#5582=DIRECTION('ref_axis',(1.,1.110223024625E-16,0.));
#5583=DIRECTION('',(0.,0.,-1.));
#5584=DIRECTION('center_axis',(0.,0.,1.));
#5585=DIRECTION('ref_axis',(-1.,-1.110223024625E-16,0.));
#5586=DIRECTION('center_axis',(0.,0.,-1.));
#5587=DIRECTION('ref_axis',(1.,1.110223024625E-16,0.));
#5588=DIRECTION('center_axis',(0.,0.,1.));
#5589=DIRECTION('ref_axis',(1.,1.110223024625E-16,0.));
#5590=DIRECTION('',(0.,0.,-1.));
#5591=DIRECTION('center_axis',(0.,0.,1.));
#5592=DIRECTION('ref_axis',(-1.,-1.110223024625E-16,0.));
#5593=DIRECTION('center_axis',(0.,0.,-1.));
#5594=DIRECTION('ref_axis',(1.,1.110223024625E-16,0.));
#5595=DIRECTION('center_axis',(0.,0.,1.));
#5596=DIRECTION('ref_axis',(1.,1.110223024625E-16,0.));
#5597=DIRECTION('',(0.,0.,-1.));
#5598=DIRECTION('center_axis',(0.,0.,1.));
#5599=DIRECTION('ref_axis',(-1.,-1.110223024625E-16,0.));
#5600=DIRECTION('center_axis',(0.,0.,-1.));
#5601=DIRECTION('ref_axis',(-1.,0.,0.));
#5602=DIRECTION('center_axis',(0.,0.,-1.));
#5603=DIRECTION('ref_axis',(-1.,0.,0.));
#5604=DIRECTION('axis',(0.,0.,1.));
#5605=DIRECTION('refdir',(1.,0.,0.));
#5606=DIRECTION('center_axis',(0.,1.,0.));
#5607=DIRECTION('ref_axis',(-1.,0.,0.));
#5608=DIRECTION('',(1.,0.,0.));
#5609=DIRECTION('',(0.,0.,1.));
#5610=DIRECTION('',(-1.,0.,0.));
#5611=DIRECTION('',(0.,0.,1.));
#5612=DIRECTION('center_axis',(-1.,0.,0.));
#5613=DIRECTION('ref_axis',(0.,-1.,0.));
#5614=DIRECTION('',(0.,1.,0.));
#5615=DIRECTION('',(0.,0.,1.));
#5616=DIRECTION('',(0.,-1.,0.));
#5617=DIRECTION('center_axis',(1.,0.,0.));
#5618=DIRECTION('ref_axis',(0.,1.,0.));
#5619=DIRECTION('',(0.,-1.,0.));
#5620=DIRECTION('',(0.,1.,0.));
#5621=DIRECTION('',(0.,0.,1.));
#5622=DIRECTION('center_axis',(0.,-1.,0.));
#5623=DIRECTION('ref_axis',(1.,0.,0.));
#5624=DIRECTION('',(-1.,0.,0.));
#5625=DIRECTION('',(1.,0.,0.));
#5626=DIRECTION('center_axis',(0.,0.,1.));
#5627=DIRECTION('ref_axis',(1.,0.,0.));
#5628=DIRECTION('center_axis',(0.,1.,0.));
#5629=DIRECTION('ref_axis',(-1.,0.,0.));
#5630=DIRECTION('',(-1.,0.,0.));
#5631=DIRECTION('',(0.,0.,1.));
#5632=DIRECTION('',(-1.,0.,0.));
#5633=DIRECTION('',(0.,0.,1.));
#5634=DIRECTION('center_axis',(1.,0.,0.));
#5635=DIRECTION('ref_axis',(0.,1.,0.));
#5636=DIRECTION('',(0.,1.,0.));
#5637=DIRECTION('',(0.,1.,0.));
#5638=DIRECTION('',(0.,0.,1.));
#5639=DIRECTION('center_axis',(0.,-1.,0.));
#5640=DIRECTION('ref_axis',(1.,0.,0.));
#5641=DIRECTION('',(1.,0.,0.));
#5642=DIRECTION('',(1.,0.,0.));
#5643=DIRECTION('',(0.,0.,1.));
#5644=DIRECTION('center_axis',(-1.,0.,0.));
#5645=DIRECTION('ref_axis',(0.,-1.,0.));
#5646=DIRECTION('',(0.,-1.,0.));
#5647=DIRECTION('',(0.,-1.,0.));
#5648=DIRECTION('center_axis',(0.,0.,1.));
#5649=DIRECTION('ref_axis',(1.,0.,0.));
#5650=DIRECTION('center_axis',(0.,0.,1.));
#5651=DIRECTION('ref_axis',(1.,0.,0.));
#5652=DIRECTION('axis',(0.,0.,1.));
#5653=DIRECTION('refdir',(1.,0.,0.));
#5654=DIRECTION('center_axis',(1.,0.,0.));
#5655=DIRECTION('ref_axis',(0.,1.,0.));
#5656=DIRECTION('',(0.,-1.,0.));
#5657=DIRECTION('',(0.,0.,1.));
#5658=DIRECTION('',(0.,1.,0.));
#5659=DIRECTION('',(0.,0.,1.));
#5660=DIRECTION('center_axis',(0.,1.,0.));
#5661=DIRECTION('ref_axis',(-1.,0.,0.));
#5662=DIRECTION('',(1.,0.,0.));
#5663=DIRECTION('',(0.,0.,1.));
#5664=DIRECTION('',(-1.,0.,0.));
#5665=DIRECTION('center_axis',(0.,-1.,0.));
#5666=DIRECTION('ref_axis',(1.,0.,0.));
#5667=DIRECTION('',(-1.,0.,0.));
#5668=DIRECTION('',(1.,0.,0.));
#5669=DIRECTION('',(0.,0.,1.));
#5670=DIRECTION('center_axis',(-1.,0.,0.));
#5671=DIRECTION('ref_axis',(0.,-1.,0.));
#5672=DIRECTION('',(0.,1.,0.));
#5673=DIRECTION('',(0.,-1.,0.));
#5674=DIRECTION('center_axis',(0.,0.,1.));
#5675=DIRECTION('ref_axis',(1.,0.,0.));
#5676=DIRECTION('center_axis',(0.,1.,0.));
#5677=DIRECTION('ref_axis',(-1.,0.,0.));
#5678=DIRECTION('',(-1.,0.,0.));
#5679=DIRECTION('',(0.,0.,1.));
#5680=DIRECTION('',(-1.,0.,0.));
#5681=DIRECTION('',(0.,0.,1.));
#5682=DIRECTION('center_axis',(1.,0.,0.));
#5683=DIRECTION('ref_axis',(0.,1.,0.));
#5684=DIRECTION('',(0.,1.,0.));
#5685=DIRECTION('',(0.,1.,0.));
#5686=DIRECTION('',(0.,0.,1.));
#5687=DIRECTION('center_axis',(0.,-1.,0.));
#5688=DIRECTION('ref_axis',(1.,0.,0.));
#5689=DIRECTION('',(1.,0.,0.));
#5690=DIRECTION('',(1.,0.,0.));
#5691=DIRECTION('',(0.,0.,1.));
#5692=DIRECTION('center_axis',(-1.,0.,0.));
#5693=DIRECTION('ref_axis',(0.,-1.,0.));
#5694=DIRECTION('',(0.,-1.,0.));
#5695=DIRECTION('',(0.,-1.,0.));
#5696=DIRECTION('center_axis',(0.,0.,1.));
#5697=DIRECTION('ref_axis',(1.,0.,0.));
#5698=DIRECTION('center_axis',(0.,0.,1.));
#5699=DIRECTION('ref_axis',(1.,0.,0.));
#5700=DIRECTION('axis',(0.,0.,1.));
#5701=DIRECTION('refdir',(1.,0.,0.));
#5702=DIRECTION('center_axis',(0.,1.,0.));
#5703=DIRECTION('ref_axis',(-1.,0.,0.));
#5704=DIRECTION('',(-1.,0.,0.));
#5705=DIRECTION('',(0.,0.,1.));
#5706=DIRECTION('',(-1.,0.,0.));
#5707=DIRECTION('',(0.,0.,1.));
#5708=DIRECTION('center_axis',(1.,0.,0.));
#5709=DIRECTION('ref_axis',(0.,1.,0.));
#5710=DIRECTION('',(0.,1.,0.));
#5711=DIRECTION('',(0.,1.,0.));
#5712=DIRECTION('',(0.,0.,1.));
#5713=DIRECTION('center_axis',(2.99589102460237E-33,-1.,0.));
#5714=DIRECTION('ref_axis',(1.,2.99589102460237E-33,0.));
#5715=DIRECTION('',(1.,2.99589102460237E-33,0.));
#5716=DIRECTION('',(1.,2.99589102460237E-33,0.));
#5717=DIRECTION('',(0.,0.,1.));
#5718=DIRECTION('center_axis',(-1.,0.,0.));
#5719=DIRECTION('ref_axis',(0.,-1.,0.));
#5720=DIRECTION('',(0.,-1.,0.));
#5721=DIRECTION('',(0.,-1.,0.));
#5722=DIRECTION('center_axis',(0.,0.,1.));
#5723=DIRECTION('ref_axis',(1.,0.,0.));
#5724=DIRECTION('center_axis',(0.,0.,1.));
#5725=DIRECTION('ref_axis',(1.,0.,0.));
#5726=DIRECTION('center_axis',(0.,1.,0.));
#5727=DIRECTION('ref_axis',(-1.,0.,0.));
#5728=DIRECTION('',(-1.,0.,0.));
#5729=DIRECTION('',(0.,0.,1.));
#5730=DIRECTION('',(-1.,0.,0.));
#5731=DIRECTION('',(0.,0.,1.));
#5732=DIRECTION('center_axis',(1.,0.,0.));
#5733=DIRECTION('ref_axis',(0.,1.,0.));
#5734=DIRECTION('',(0.,1.,0.));
#5735=DIRECTION('',(0.,1.,0.));
#5736=DIRECTION('',(0.,0.,1.));
#5737=DIRECTION('center_axis',(0.,-1.,0.));
#5738=DIRECTION('ref_axis',(1.,0.,0.));
#5739=DIRECTION('',(1.,0.,0.));
#5740=DIRECTION('',(1.,0.,0.));
#5741=DIRECTION('',(0.,0.,1.));
#5742=DIRECTION('center_axis',(-1.,0.,0.));
#5743=DIRECTION('ref_axis',(0.,-1.,0.));
#5744=DIRECTION('',(0.,-1.,0.));
#5745=DIRECTION('',(0.,-1.,0.));
#5746=DIRECTION('center_axis',(0.,0.,1.));
#5747=DIRECTION('ref_axis',(1.,0.,0.));
#5748=DIRECTION('center_axis',(0.,0.,1.));
#5749=DIRECTION('ref_axis',(1.,0.,0.));
#5750=DIRECTION('axis',(0.,0.,1.));
#5751=DIRECTION('refdir',(1.,0.,0.));
#5752=DIRECTION('center_axis',(-4.5102810375397E-16,-1.,0.));
#5753=DIRECTION('ref_axis',(-0.707106781186548,7.85046229341887E-16,0.707106781186548));
#5754=DIRECTION('',(4.5102810375397E-16,1.,0.));
#5755=DIRECTION('center_axis',(0.707106781186547,-0.707106781186548,0.));
#5756=DIRECTION('ref_axis',(0.707106781186548,0.707106781186547,0.));
#5757=DIRECTION('',(-4.5102810375397E-16,-1.,0.));
#5758=DIRECTION('center_axis',(0.707106781186547,-0.707106781186548,-3.92523114670944E-16));
#5759=DIRECTION('ref_axis',(-0.707106781186548,-0.707106781186547,-3.92523114670943E-16));
#5760=DIRECTION('center_axis',(1.,0.,0.));
#5761=DIRECTION('ref_axis',(0.,-0.707106781186547,0.707106781186548));
#5762=DIRECTION('',(-1.,0.,0.));
#5763=DIRECTION('center_axis',(0.707106781186548,-0.707106781186547,-1.2266347333467E-17));
#5764=DIRECTION('ref_axis',(-0.707106781186547,-0.707106781186548,-1.2266347333467E-17));
#5765=DIRECTION('',(1.,0.,0.));
#5766=DIRECTION('center_axis',(3.23815048849004E-16,-1.,0.));
#5767=DIRECTION('ref_axis',(-0.707106781186547,0.,0.707106781186548));
#5768=DIRECTION('',(-3.23815048849004E-16,1.,0.));
#5769=DIRECTION('center_axis',(-0.707106781186547,-0.707106781186548,1.10397126001203E-16));
#5770=DIRECTION('ref_axis',(-0.707106781186548,0.707106781186547,1.10397126001203E-16));
#5771=DIRECTION('',(3.23815048849004E-16,-1.,0.));
#5772=DIRECTION('center_axis',(-1.,6.93889390390723E-17,0.));
#5773=DIRECTION('ref_axis',(0.,0.707106781186548,0.707106781186548));
#5774=DIRECTION('',(1.,-6.93889390390723E-17,0.));
#5775=DIRECTION('center_axis',(-0.707106781186548,-0.707106781186547,0.));
#5776=DIRECTION('ref_axis',(0.707106781186547,-0.707106781186548,0.));
#5777=DIRECTION('',(-1.,6.93889390390723E-17,0.));
#5778=DIRECTION('center_axis',(-4.5102810375397E-16,-1.,0.));
#5779=DIRECTION('ref_axis',(-0.707106781186547,0.,0.707106781186548));
#5780=DIRECTION('',(4.5102810375397E-16,1.,0.));
#5781=DIRECTION('center_axis',(-0.707106781186548,-0.707106781186547,0.));
#5782=DIRECTION('ref_axis',(-0.707106781186547,0.707106781186548,0.));
#5783=DIRECTION('',(-4.5102810375397E-16,-1.,0.));
#5784=DIRECTION('center_axis',(-1.,0.,0.));
#5785=DIRECTION('ref_axis',(0.,0.707106781186548,0.707106781186548));
#5786=DIRECTION('',(1.,0.,0.));
#5787=DIRECTION('center_axis',(-0.707106781186548,0.707106781186548,0.));
#5788=DIRECTION('ref_axis',(0.707106781186548,0.707106781186548,0.));
#5789=DIRECTION('',(-1.,0.,0.));
#5790=DIRECTION('center_axis',(-1.38777878078145E-16,1.,0.));
#5791=DIRECTION('ref_axis',(0.707106781186547,0.,0.707106781186548));
#5792=DIRECTION('',(1.38777878078145E-16,-1.,0.));
#5793=DIRECTION('center_axis',(-0.707106781186548,0.707106781186548,0.));
#5794=DIRECTION('ref_axis',(-0.707106781186548,-0.707106781186548,0.));
#5795=DIRECTION('',(-1.38777878078145E-16,1.,0.));
#5796=DIRECTION('center_axis',(-1.,6.93889390390723E-17,0.));
#5797=DIRECTION('ref_axis',(0.,0.707106781186547,0.707106781186548));
#5798=DIRECTION('',(-1.,6.93889390390723E-17,0.));
#5799=DIRECTION('',(1.,-6.93889390390723E-17,0.));
#5800=DIRECTION('center_axis',(-0.707106781186547,0.707106781186548,0.));
#5801=DIRECTION('ref_axis',(0.707106781186548,0.707106781186547,0.));
#5802=DIRECTION('center_axis',(0.,1.,0.));
#5803=DIRECTION('ref_axis',(0.707106781186548,0.,0.707106781186548));
#5804=DIRECTION('',(0.,1.,0.));
#5805=DIRECTION('',(0.,-1.,0.));
#5806=DIRECTION('center_axis',(0.707106781186547,0.707106781186548,0.));
#5807=DIRECTION('ref_axis',(0.707106781186548,-0.707106781186547,0.));
#5808=DIRECTION('center_axis',(1.,0.,0.));
#5809=DIRECTION('ref_axis',(0.,-0.707106781186547,0.707106781186548));
#5810=DIRECTION('',(1.,0.,0.));
#5811=DIRECTION('',(-1.,0.,0.));
#5812=DIRECTION('center_axis',(0.707106781186547,0.707106781186548,0.));
#5813=DIRECTION('ref_axis',(-0.707106781186548,0.707106781186547,0.));
#5814=DIRECTION('center_axis',(-1.38777878078145E-16,1.,0.));
#5815=DIRECTION('ref_axis',(0.707106781186548,3.92523114670943E-16,0.707106781186548));
#5816=DIRECTION('',(-1.38777878078145E-16,1.,0.));
#5817=DIRECTION('',(1.38777878078145E-16,-1.,0.));
#5818=DIRECTION('center_axis',(0.707106781186547,0.707106781186548,0.));
#5819=DIRECTION('ref_axis',(0.707106781186548,-0.707106781186547,0.));
#5820=DIRECTION('center_axis',(1.,-9.25185853854297E-17,0.));
#5821=DIRECTION('ref_axis',(0.,-0.707106781186547,0.707106781186548));
#5822=DIRECTION('',(1.,-9.25185853854297E-17,0.));
#5823=DIRECTION('',(-1.,9.25185853854297E-17,0.));
#5824=DIRECTION('center_axis',(6.93889390390723E-17,1.,0.));
#5825=DIRECTION('ref_axis',(-1.,6.93889390390723E-17,0.));
#5826=DIRECTION('',(0.,0.,1.));
#5827=DIRECTION('',(1.,-6.93889390390723E-17,0.));
#5828=DIRECTION('',(0.,0.,1.));
#5829=DIRECTION('center_axis',(1.,0.,0.));
#5830=DIRECTION('ref_axis',(0.,1.,0.));
#5831=DIRECTION('',(0.,0.,1.));
#5832=DIRECTION('',(0.,-1.,0.));
#5833=DIRECTION('center_axis',(0.,-1.,0.));
#5834=DIRECTION('ref_axis',(1.,0.,0.));
#5835=DIRECTION('',(0.,0.,1.));
#5836=DIRECTION('',(-1.,0.,0.));
#5837=DIRECTION('center_axis',(1.,1.38777878078145E-16,0.));
#5838=DIRECTION('ref_axis',(-1.38777878078145E-16,1.,0.));
#5839=DIRECTION('',(0.,0.,1.));
#5840=DIRECTION('',(1.38777878078145E-16,-1.,0.));
#5841=DIRECTION('center_axis',(-9.25185853854297E-17,-1.,0.));
#5842=DIRECTION('ref_axis',(1.,-9.25185853854297E-17,0.));
#5843=DIRECTION('',(0.,0.,1.));
#5844=DIRECTION('',(-1.,9.25185853854297E-17,0.));
#5845=DIRECTION('center_axis',(-1.,4.5102810375397E-16,0.));
#5846=DIRECTION('ref_axis',(-4.5102810375397E-16,-1.,0.));
#5847=DIRECTION('',(0.,0.,1.));
#5848=DIRECTION('',(4.5102810375397E-16,1.,0.));
#5849=DIRECTION('center_axis',(0.,0.,1.));
#5850=DIRECTION('ref_axis',(1.,0.,0.));
#5851=DIRECTION('center_axis',(0.,0.,1.));
#5852=DIRECTION('ref_axis',(1.,0.,0.));
#5853=DIRECTION('center_axis',(0.,0.,-1.));
#5854=DIRECTION('ref_axis',(-1.,0.,0.));
#5855=DIRECTION('center_axis',(0.,-1.,0.));
#5856=DIRECTION('ref_axis',(-1.,0.,0.));
#5857=DIRECTION('center_axis',(0.,0.,1.));
#5858=DIRECTION('ref_axis',(-1.,0.,0.));
#5859=DIRECTION('center_axis',(0.,0.,1.));
#5860=DIRECTION('ref_axis',(-1.,0.,0.));
#5861=DIRECTION('center_axis',(0.,0.,1.));
#5862=DIRECTION('ref_axis',(-1.,0.,0.));
#5863=DIRECTION('',(0.,0.,-1.));
#5864=DIRECTION('center_axis',(0.,0.,-1.));
#5865=DIRECTION('ref_axis',(-1.,0.,0.));
#5866=DIRECTION('center_axis',(0.,0.,1.));
#5867=DIRECTION('ref_axis',(-1.,0.,0.));
#5868=DIRECTION('center_axis',(0.,0.,1.));
#5869=DIRECTION('ref_axis',(1.,0.,0.));
#5870=DIRECTION('center_axis',(0.,0.,-1.));
#5871=DIRECTION('ref_axis',(-1.,0.,0.));
#5872=DIRECTION('center_axis',(1.38777878078144E-16,-1.,0.));
#5873=DIRECTION('ref_axis',(-1.,-1.38777878078144E-16,0.));
#5874=DIRECTION('center_axis',(0.,0.,1.));
#5875=DIRECTION('ref_axis',(-1.,0.,0.));
#5876=DIRECTION('center_axis',(0.,0.,1.));
#5877=DIRECTION('ref_axis',(-1.,0.,0.));
#5878=DIRECTION('center_axis',(0.,0.,1.));
#5879=DIRECTION('ref_axis',(-1.,0.,0.));
#5880=DIRECTION('',(0.,0.,-1.));
#5881=DIRECTION('center_axis',(0.,0.,-1.));
#5882=DIRECTION('ref_axis',(-1.,0.,0.));
#5883=DIRECTION('center_axis',(0.,0.,1.));
#5884=DIRECTION('ref_axis',(-1.,0.,0.));
#5885=DIRECTION('center_axis',(0.,-1.,0.));
#5886=DIRECTION('ref_axis',(1.,0.,0.));
#5887=DIRECTION('',(0.,0.,1.));
#5888=DIRECTION('',(-1.,0.,0.));
#5889=DIRECTION('center_axis',(-1.,-3.23815048849004E-16,0.));
#5890=DIRECTION('ref_axis',(3.23815048849004E-16,-1.,0.));
#5891=DIRECTION('',(0.,0.,1.));
#5892=DIRECTION('',(-3.23815048849004E-16,1.,0.));
#5893=DIRECTION('center_axis',(6.93889390390723E-17,1.,0.));
#5894=DIRECTION('ref_axis',(-1.,6.93889390390723E-17,0.));
#5895=DIRECTION('',(0.,0.,1.));
#5896=DIRECTION('',(1.,-6.93889390390723E-17,0.));
#5897=DIRECTION('center_axis',(-1.,4.5102810375397E-16,0.));
#5898=DIRECTION('ref_axis',(-4.5102810375397E-16,-1.,0.));
#5899=DIRECTION('',(0.,0.,1.));
#5900=DIRECTION('',(4.5102810375397E-16,1.,0.));
#5901=DIRECTION('center_axis',(0.,1.,0.));
#5902=DIRECTION('ref_axis',(-1.,0.,0.));
#5903=DIRECTION('',(0.,0.,1.));
#5904=DIRECTION('',(1.,0.,0.));
#5905=DIRECTION('center_axis',(1.,1.38777878078145E-16,0.));
#5906=DIRECTION('ref_axis',(-1.38777878078145E-16,1.,0.));
#5907=DIRECTION('',(1.38777878078145E-16,-1.,0.));
#5908=DIRECTION('center_axis',(0.,1.,0.));
#5909=DIRECTION('ref_axis',(-1.,0.,0.));
#5910=DIRECTION('',(1.,0.,0.));
#5911=DIRECTION('',(0.,0.,1.));
#5912=DIRECTION('',(-1.,0.,0.));
#5913=DIRECTION('',(0.,0.,1.));
#5914=DIRECTION('',(1.,0.,0.));
#5915=DIRECTION('center_axis',(0.,0.,-1.));
#5916=DIRECTION('ref_axis',(-1.,0.,0.));
#5917=DIRECTION('center_axis',(0.,0.,1.));
#5918=DIRECTION('ref_axis',(1.,0.,0.));
#5919=DIRECTION('',(9.52674482141076E-17,-1.,0.));
#5920=DIRECTION('',(0.998052578482889,0.0623782861551806,0.));
#5921=DIRECTION('',(-1.,3.13728672042827E-17,0.));
#5922=DIRECTION('',(0.998052578482889,-0.0623782861551806,0.));
#5923=DIRECTION('',(0.,1.,0.));
#5924=DIRECTION('',(1.,-7.55565781840827E-17,0.));
#5925=DIRECTION('',(0.,1.,0.));
#5926=DIRECTION('',(-1.,0.,0.));
#5927=DIRECTION('',(0.,-1.,0.));
#5928=DIRECTION('center_axis',(1.,9.52674482141076E-17,0.));
#5929=DIRECTION('ref_axis',(-9.52674482141076E-17,1.,0.));
#5930=DIRECTION('',(9.52674482141076E-17,-1.,0.));
#5931=DIRECTION('',(-9.52674482141076E-17,1.,0.));
#5932=DIRECTION('',(-5.29161932149277E-17,0.555448835954983,0.831550714410284));
#5933=DIRECTION('',(0.,0.,1.));
#5934=DIRECTION('',(9.52674482141076E-17,-1.,-2.01858731750029E-16));
#5935=DIRECTION('center_axis',(1.,9.52674482141076E-17,0.));
#5936=DIRECTION('ref_axis',(2.41755690296199E-31,-2.53765262771464E-15,
-1.));
#5937=DIRECTION('',(-9.52674482141076E-17,1.,0.));
#5938=DIRECTION('center_axis',(1.,9.52674482141076E-17,0.));
#5939=DIRECTION('ref_axis',(-2.41755690296199E-31,2.53765262771464E-15,
1.));
#5940=DIRECTION('center_axis',(0.,0.,1.));
#5941=DIRECTION('ref_axis',(1.,0.,0.));
#5942=DIRECTION('center_axis',(0.,0.,-1.));
#5943=DIRECTION('ref_axis',(1.,0.,0.));
#5944=DIRECTION('center_axis',(0.,0.,-1.));
#5945=DIRECTION('ref_axis',(-1.,0.,0.));
#5946=DIRECTION('center_axis',(0.707106781186549,2.10099936720695E-16,-0.707106781186546));
#5947=DIRECTION('ref_axis',(-0.707106781186546,0.,-0.707106781186549));
#5948=DIRECTION('',(0.707106781186546,0.,0.707106781186549));
#5949=DIRECTION('',(-0.707106781186546,0.,-0.707106781186549));
#5950=DIRECTION('',(-9.52674482141076E-17,1.,2.01858731750029E-16));
#5951=DIRECTION('center_axis',(1.,0.,0.));
#5952=DIRECTION('ref_axis',(1.57141198692529E-31,-2.53765262771464E-15,
-1.));
#5953=DIRECTION('',(0.707106781186545,-2.09345661157837E-15,-0.70710678118655));
#5954=DIRECTION('center_axis',(-1.,-9.52674482141076E-17,0.));
#5955=DIRECTION('ref_axis',(0.,-2.53765262771464E-15,-1.));
#5956=DIRECTION('center_axis',(0.707106781186549,6.73642586585339E-17,0.707106781186546));
#5957=DIRECTION('ref_axis',(0.707106781186546,0.,-0.707106781186549));
#5958=DIRECTION('',(0.707106781186546,0.,-0.707106781186549));
#5959=DIRECTION('',(9.52674482141076E-17,-1.,0.));
#5960=DIRECTION('center_axis',(1.,0.,0.));
#5961=DIRECTION('ref_axis',(-1.57141198692529E-31,2.53765262771464E-15,
1.));
#5962=DIRECTION('center_axis',(-1.,-9.52674482141076E-17,0.));
#5963=DIRECTION('ref_axis',(0.,2.53765262771464E-15,1.));
#5964=DIRECTION('center_axis',(-1.,0.,0.));
#5965=DIRECTION('ref_axis',(0.,-2.53765262771464E-15,-1.));
#5966=DIRECTION('',(-1.,0.,0.));
#5967=DIRECTION('center_axis',(1.,0.,0.));
#5968=DIRECTION('ref_axis',(0.,-2.53765262771464E-15,-1.));
#5969=DIRECTION('',(-1.,0.,0.));
#5970=DIRECTION('center_axis',(0.,-2.01858731750029E-16,1.));
#5971=DIRECTION('ref_axis',(0.,1.,2.01858731750029E-16));
#5972=DIRECTION('',(-1.,0.,0.));
#5973=DIRECTION('',(0.,-1.,-2.01858731750029E-16));
#5974=DIRECTION('center_axis',(-1.,0.,0.));
#5975=DIRECTION('ref_axis',(0.,2.53765262771464E-15,1.));
#5976=DIRECTION('',(-1.,0.,0.));
#5977=DIRECTION('center_axis',(1.,0.,0.));
#5978=DIRECTION('ref_axis',(0.,2.53765262771464E-15,1.));
#5979=DIRECTION('center_axis',(0.,0.,-1.));
#5980=DIRECTION('ref_axis',(0.,-1.,0.));
#5981=DIRECTION('',(0.,1.,0.));
#5982=DIRECTION('center_axis',(-0.707106781186549,0.,0.707106781186546));
#5983=DIRECTION('ref_axis',(0.707106781186546,0.,0.707106781186549));
#5984=DIRECTION('',(0.,1.,0.));
#5985=DIRECTION('',(-0.577350269189625,-0.577350269189625,-0.577350269189628));
#5986=DIRECTION('',(0.,-1.,0.));
#5987=DIRECTION('',(-0.577350269189621,0.577350269189628,-0.577350269189628));
#5988=DIRECTION('center_axis',(0.,-0.707106781186549,0.707106781186546));
#5989=DIRECTION('ref_axis',(1.,0.,0.));
#5990=DIRECTION('',(-1.,0.,0.));
#5991=DIRECTION('',(0.577350269189626,-0.577350269189624,-0.577350269189627));
#5992=DIRECTION('',(1.,0.,0.));
#5993=DIRECTION('center_axis',(0.707106781186548,0.,0.707106781186547));
#5994=DIRECTION('ref_axis',(0.707106781186547,0.,-0.707106781186548));
#5995=DIRECTION('',(0.,-1.,0.));
#5996=DIRECTION('',(0.577350269189624,0.577350269189627,-0.577350269189627));
#5997=DIRECTION('',(0.,1.,0.));
#5998=DIRECTION('center_axis',(0.,0.707106781186548,0.707106781186548));
#5999=DIRECTION('ref_axis',(1.,0.,0.));
#6000=DIRECTION('',(-1.,0.,0.));
#6001=DIRECTION('',(1.,0.,0.));
#6002=DIRECTION('center_axis',(0.,1.,0.));
#6003=DIRECTION('ref_axis',(-1.,0.,0.));
#6004=DIRECTION('',(0.,0.,1.));
#6005=DIRECTION('',(-1.,0.,0.));
#6006=DIRECTION('',(0.,0.,1.));
#6007=DIRECTION('center_axis',(-1.,0.,0.));
#6008=DIRECTION('ref_axis',(0.,-1.,0.));
#6009=DIRECTION('',(0.,0.,1.));
#6010=DIRECTION('',(0.,-1.,0.));
#6011=DIRECTION('center_axis',(0.,0.,1.));
#6012=DIRECTION('ref_axis',(1.,0.,0.));
#6013=DIRECTION('',(-2.35257425212587E-6,0.999999999997233,0.));
#6014=DIRECTION('',(-1.,0.,0.));
#6015=DIRECTION('',(-2.35315696602984E-6,-0.999999999997231,0.));
#6016=DIRECTION('',(1.,0.,0.));
#6017=DIRECTION('center_axis',(0.0519018713557082,-0.830429941691331,0.554700196225229));
#6018=DIRECTION('ref_axis',(0.99565110285249,0.,-0.0931605141066806));
#6019=DIRECTION('',(0.99565110285249,-3.12364298315888E-17,-0.0931605141066807));
#6020=DIRECTION('',(0.998052578482889,0.0623782861551806,0.));
#6021=DIRECTION('',(-0.998052578482889,-0.0623782861551806,0.));
#6022=DIRECTION('',(-1.60647591112004E-15,-0.555448835954983,-0.831550714410284));
#6023=DIRECTION('center_axis',(0.,0.,1.));
#6024=DIRECTION('ref_axis',(1.,0.,0.));
#6025=DIRECTION('',(-2.35315696602984E-6,-0.999999999997231,0.));
#6026=DIRECTION('',(2.22044604925031E-15,-1.,0.));
#6027=DIRECTION('',(-1.,0.,0.));
#6028=DIRECTION('',(0.,1.,0.));
#6029=DIRECTION('',(-2.35257425212587E-6,0.999999999997233,0.));
#6030=DIRECTION('',(0.,-1.,0.));
#6031=DIRECTION('',(-0.998052578482889,0.0623782861551806,0.));
#6032=DIRECTION('',(-3.31409858097062E-16,-1.,0.));
#6033=DIRECTION('',(-1.,1.50845519650157E-17,0.));
#6034=DIRECTION('',(-9.94229574291185E-16,1.,0.));
#6035=DIRECTION('',(1.,-1.20676415720126E-16,0.));
#6036=DIRECTION('center_axis',(0.0623782861551806,-0.998052578482889,0.));
#6037=DIRECTION('ref_axis',(0.,0.,-1.));
#6038=DIRECTION('',(0.,0.,-1.));
#6039=DIRECTION('center_axis',(-0.0519018713557082,-0.830429941691331,0.554700196225229));
#6040=DIRECTION('ref_axis',(0.99565110285249,0.,0.0931605141066806));
#6041=DIRECTION('',(0.,-0.555448835954983,-0.831550714410284));
#6042=DIRECTION('',(0.998052578482889,-0.0623782861551806,0.));
#6043=DIRECTION('',(0.99565110285249,-3.12364298315888E-17,0.0931605141066805));
#6044=DIRECTION('center_axis',(-3.13728672042827E-17,-1.,0.));
#6045=DIRECTION('ref_axis',(1.,-3.13728672042827E-17,0.));
#6046=DIRECTION('',(0.,0.,1.));
#6047=DIRECTION('center_axis',(-0.0623782861551806,-0.998052578482889,0.));
#6048=DIRECTION('ref_axis',(0.,0.,-1.));
#6049=DIRECTION('',(0.,0.,-1.));
#6050=DIRECTION('center_axis',(-0.707106781184591,-1.66352120692307E-6,
0.707106781186548));
#6051=DIRECTION('ref_axis',(0.707106781187526,0.,0.707106781185569));
#6052=DIRECTION('',(2.35257425212587E-6,-0.999999999997233,0.));
#6053=DIRECTION('',(0.502517670484948,0.703527055816472,0.502519325583194));
#6054=DIRECTION('',(-0.539164945651406,0.646996108252236,-0.539163423543528));
#6055=DIRECTION('center_axis',(0.,0.640184399664479,0.768221279597377));
#6056=DIRECTION('ref_axis',(1.,0.,0.));
#6057=DIRECTION('',(0.539164945918824,0.646996108120718,-0.539163423433931));
#6058=DIRECTION('',(1.80774525553898E-6,0.768221279596121,-0.640184399663433));
#6059=DIRECTION('',(1.80729760231803E-6,-0.768221279596122,0.640184399663433));
#6060=DIRECTION('center_axis',(0.707106781184591,-1.66393324787607E-6,0.707106781186547));
#6061=DIRECTION('ref_axis',(0.707106781187526,0.,-0.707106781185569));
#6062=DIRECTION('',(0.502517670178516,-0.703527055961405,-0.502519325686718));
#6063=DIRECTION('',(2.35315696602984E-6,0.999999999997231,0.));
#6064=DIRECTION('center_axis',(-0.999999999997233,-2.35257425212587E-6,
0.));
#6065=DIRECTION('ref_axis',(2.35257425212587E-6,-0.999999999997233,0.));
#6066=DIRECTION('',(0.,0.,1.));
#6067=DIRECTION('',(1.91436841245576E-6,-0.813733471205244,-0.581238193718031));
#6068=DIRECTION('center_axis',(0.999999999997231,-2.35315696602984E-6,0.));
#6069=DIRECTION('ref_axis',(2.35315696602984E-6,0.999999999997231,0.));
#6070=DIRECTION('',(1.91484258626356E-6,0.813733471205243,0.581238193718031));
#6071=DIRECTION('',(0.,0.,1.));
#6072=DIRECTION('center_axis',(-1.,0.,0.));
#6073=DIRECTION('ref_axis',(0.,-1.,0.));
#6074=DIRECTION('center_axis',(0.,-0.581238193719097,0.813733471206735));
#6075=DIRECTION('ref_axis',(1.,0.,0.));
#6076=DIRECTION('',(0.,-0.813733471206735,-0.581238193719097));
#6077=DIRECTION('',(-1.80685127128374E-15,0.813733471206735,0.581238193719097));
#6078=DIRECTION('center_axis',(0.,0.,1.));
#6079=DIRECTION('ref_axis',(-1.,0.,0.));
#6080=DIRECTION('',(-1.,7.55565781840827E-17,0.));
#6081=DIRECTION('',(0.,1.,0.));
#6082=DIRECTION('',(1.,0.,0.));
#6083=DIRECTION('',(0.,-1.,0.));
#6084=DIRECTION('center_axis',(0.,0.,1.));
#6085=DIRECTION('ref_axis',(1.,0.,0.));
#6086=DIRECTION('center_axis',(0.,0.,1.));
#6087=DIRECTION('ref_axis',(-1.,0.,0.));
#6088=DIRECTION('',(0.,-1.,0.));
#6089=DIRECTION('',(-1.,7.55565781840827E-17,0.));
#6090=DIRECTION('',(0.,1.,0.));
#6091=DIRECTION('',(1.,0.,0.));
#6092=DIRECTION('center_axis',(0.,0.,1.));
#6093=DIRECTION('ref_axis',(1.,0.,0.));
#6094=DIRECTION('center_axis',(0.,0.,1.));
#6095=DIRECTION('ref_axis',(-1.,0.,0.));
#6096=DIRECTION('',(1.,0.,0.));
#6097=DIRECTION('',(0.,-1.,0.));
#6098=DIRECTION('',(-1.,0.,0.));
#6099=DIRECTION('',(0.,1.,0.));
#6100=DIRECTION('center_axis',(0.,0.,1.));
#6101=DIRECTION('ref_axis',(1.,0.,0.));
#6102=DIRECTION('center_axis',(1.,0.,0.));
#6103=DIRECTION('ref_axis',(0.,-1.,0.));
#6104=DIRECTION('',(0.,0.,-1.));
#6105=DIRECTION('',(0.,-1.,0.));
#6106=DIRECTION('',(0.,0.,-1.));
#6107=DIRECTION('center_axis',(0.,1.,0.));
#6108=DIRECTION('ref_axis',(1.,0.,0.));
#6109=DIRECTION('',(0.,0.,1.));
#6110=DIRECTION('',(1.,0.,0.));
#6111=DIRECTION('center_axis',(0.,0.,-1.));
#6112=DIRECTION('ref_axis',(1.,0.,0.));
#6113=DIRECTION('',(0.,1.,0.));
#6114=DIRECTION('',(1.,0.,0.));
#6115=DIRECTION('center_axis',(0.,0.,1.));
#6116=DIRECTION('ref_axis',(1.,0.,0.));
#6117=DIRECTION('center_axis',(0.,0.,-1.));
#6118=DIRECTION('ref_axis',(1.,0.,0.));
#6119=DIRECTION('',(0.,0.,1.));
#6120=DIRECTION('center_axis',(1.,0.,0.));
#6121=DIRECTION('ref_axis',(0.,1.,0.));
#6122=DIRECTION('',(0.,0.,1.));
#6123=DIRECTION('',(0.,1.,0.));
#6124=DIRECTION('',(0.,0.,1.));
#6125=DIRECTION('',(0.,1.,0.));
#6126=DIRECTION('',(0.,0.,1.));
#6127=DIRECTION('',(0.,1.,0.));
#6128=DIRECTION('',(0.,0.,-1.));
#6129=DIRECTION('',(0.,0.,-1.));
#6130=DIRECTION('',(0.,0.,-1.));
#6131=DIRECTION('center_axis',(0.,1.,0.));
#6132=DIRECTION('ref_axis',(1.,0.,0.));
#6133=DIRECTION('',(1.,0.,0.));
#6134=DIRECTION('',(0.,0.,1.));
#6135=DIRECTION('',(-1.,0.,0.));
#6136=DIRECTION('',(0.,0.,-1.));
#6137=DIRECTION('center_axis',(-1.,0.,0.));
#6138=DIRECTION('ref_axis',(0.,1.,0.));
#6139=DIRECTION('',(0.,0.,1.));
#6140=DIRECTION('',(0.,1.,0.));
#6141=DIRECTION('',(0.,1.,0.));
#6142=DIRECTION('center_axis',(0.,0.,-1.));
#6143=DIRECTION('ref_axis',(1.,0.,0.));
#6144=DIRECTION('',(1.,0.,0.));
#6145=DIRECTION('',(0.,-1.,0.));
#6146=DIRECTION('center_axis',(0.,0.,1.));
#6147=DIRECTION('ref_axis',(1.,0.,0.));
#6148=DIRECTION('center_axis',(0.,0.,-1.));
#6149=DIRECTION('ref_axis',(1.,0.,0.));
#6150=DIRECTION('center_axis',(0.,0.,1.));
#6151=DIRECTION('ref_axis',(1.,0.,0.));
#6152=DIRECTION('',(0.,0.,1.));
#6153=DIRECTION('center_axis',(0.,-1.,0.));
#6154=DIRECTION('ref_axis',(1.,0.,0.));
#6155=DIRECTION('',(0.,0.,-1.));
#6156=DIRECTION('',(1.,0.,0.));
#6157=DIRECTION('',(0.,0.,1.));
#6158=DIRECTION('',(-1.,0.,0.));
#6159=DIRECTION('center_axis',(-1.,0.,0.));
#6160=DIRECTION('ref_axis',(0.,-1.,0.));
#6161=DIRECTION('',(0.,-1.,0.));
#6162=DIRECTION('',(0.,0.,-1.));
#6163=DIRECTION('',(0.,0.,1.));
#6164=DIRECTION('',(0.,-1.,0.));
#6165=DIRECTION('',(0.,0.,-1.));
#6166=DIRECTION('',(0.,-1.,0.));
#6167=DIRECTION('',(0.,0.,1.));
#6168=DIRECTION('',(0.,-1.,0.));
#6169=DIRECTION('center_axis',(0.,1.,0.));
#6170=DIRECTION('ref_axis',(1.,0.,0.));
#6171=DIRECTION('',(-1.,0.,0.));
#6172=DIRECTION('',(0.,0.,-1.));
#6173=DIRECTION('center_axis',(0.,0.,-1.));
#6174=DIRECTION('ref_axis',(1.,0.,0.));
#6175=DIRECTION('',(0.,0.,1.));
#6176=DIRECTION('center_axis',(0.,0.,-1.));
#6177=DIRECTION('ref_axis',(1.,0.,0.));
#6178=DIRECTION('center_axis',(1.,0.,0.));
#6179=DIRECTION('ref_axis',(0.,-1.,0.));
#6180=DIRECTION('',(0.,1.,0.));
#6181=DIRECTION('',(0.,0.,1.));
#6182=DIRECTION('center_axis',(0.,0.,1.));
#6183=DIRECTION('ref_axis',(-1.,0.,0.));
#6184=DIRECTION('center_axis',(7.55565781840827E-17,1.,0.));
#6185=DIRECTION('ref_axis',(-1.,7.55565781840827E-17,0.));
#6186=DIRECTION('',(-1.,0.,0.));
#6187=DIRECTION('',(0.,0.,-1.));
#6188=DIRECTION('center_axis',(0.,0.,1.));
#6189=DIRECTION('ref_axis',(-1.,0.,0.));
#6190=DIRECTION('center_axis',(0.,0.,-1.));
#6191=DIRECTION('ref_axis',(1.,0.,0.));
#6192=DIRECTION('',(0.,0.,1.));
#6193=DIRECTION('center_axis',(0.,0.,-1.));
#6194=DIRECTION('ref_axis',(1.,0.,0.));
#6195=DIRECTION('center_axis',(0.,1.,0.));
#6196=DIRECTION('ref_axis',(1.,0.,0.));
#6197=DIRECTION('',(-1.,0.,0.));
#6198=DIRECTION('',(0.,0.,-1.));
#6199=DIRECTION('center_axis',(-1.,0.,0.));
#6200=DIRECTION('ref_axis',(0.,1.,0.));
#6201=DIRECTION('',(0.,-1.,0.));
#6202=DIRECTION('center_axis',(0.,0.,1.));
#6203=DIRECTION('ref_axis',(-1.,0.,0.));
#6204=DIRECTION('',(1.,0.,0.));
#6205=DIRECTION('',(0.,-1.,0.));
#6206=DIRECTION('',(1.,0.,0.));
#6207=DIRECTION('',(0.,1.,0.));
#6208=DIRECTION('',(-1.,0.,0.));
#6209=DIRECTION('center_axis',(0.,1.,0.));
#6210=DIRECTION('ref_axis',(-1.,0.,0.));
#6211=DIRECTION('',(-1.,0.,0.));
#6212=DIRECTION('',(-1.,0.,0.));
#6213=DIRECTION('center_axis',(-1.,0.,0.));
#6214=DIRECTION('ref_axis',(0.,-1.,0.));
#6215=DIRECTION('center_axis',(1.,2.22044604925031E-15,0.));
#6216=DIRECTION('ref_axis',(-2.22044604925031E-15,1.,0.));
#6217=DIRECTION('center_axis',(0.,0.,1.));
#6218=DIRECTION('ref_axis',(-1.,0.,0.));
#6219=DIRECTION('',(-1.,0.,0.));
#6220=DIRECTION('center_axis',(0.,0.,1.));
#6221=DIRECTION('ref_axis',(-1.,0.,0.));
#6222=DIRECTION('center_axis',(-1.,0.,0.));
#6223=DIRECTION('ref_axis',(0.,-1.,0.));
#6224=DIRECTION('',(0.,0.,1.));
#6225=DIRECTION('',(0.,-1.,0.));
#6226=DIRECTION('',(0.,0.,1.));
#6227=DIRECTION('center_axis',(0.,1.,0.));
#6228=DIRECTION('ref_axis',(-1.,0.,0.));
#6229=DIRECTION('',(0.,0.,1.));
#6230=DIRECTION('',(-1.,0.,0.));
#6231=DIRECTION('center_axis',(1.,0.,0.));
#6232=DIRECTION('ref_axis',(0.,1.,0.));
#6233=DIRECTION('',(0.,0.,1.));
#6234=DIRECTION('',(0.,1.,0.));
#6235=DIRECTION('center_axis',(0.,-1.,0.));
#6236=DIRECTION('ref_axis',(1.,0.,0.));
#6237=DIRECTION('',(1.,0.,0.));
#6238=DIRECTION('center_axis',(0.,0.,1.));
#6239=DIRECTION('ref_axis',(1.,0.,0.));
#6240=DIRECTION('',(-3.31409858097062E-16,-1.,0.));
#6241=DIRECTION('',(1.,-1.20676415720126E-16,0.));
#6242=DIRECTION('',(-9.94229574291185E-16,1.,0.));
#6243=DIRECTION('',(-1.,1.50845519650157E-17,0.));
#6244=DIRECTION('center_axis',(-1.20676415720126E-16,-1.,0.));
#6245=DIRECTION('ref_axis',(1.,-1.20676415720126E-16,0.));
#6246=DIRECTION('',(0.,0.,1.));
#6247=DIRECTION('',(0.,0.,1.));
#6248=DIRECTION('center_axis',(-1.,3.31409858097062E-16,0.));
#6249=DIRECTION('ref_axis',(-3.31409858097062E-16,-1.,0.));
#6250=DIRECTION('',(0.,0.,1.));
#6251=DIRECTION('center_axis',(1.,9.94229574291185E-16,0.));
#6252=DIRECTION('ref_axis',(-9.94229574291185E-16,1.,0.));
#6253=DIRECTION('',(0.,0.,1.));
#6254=DIRECTION('center_axis',(1.50845519650157E-17,1.,0.));
#6255=DIRECTION('ref_axis',(-1.,1.50845519650157E-17,0.));
#6256=DIRECTION('center_axis',(0.,1.,0.));
#6257=DIRECTION('ref_axis',(-1.,0.,0.));
#6258=DIRECTION('center_axis',(1.,0.,0.));
#6259=DIRECTION('ref_axis',(0.,1.,0.));
#6260=DIRECTION('',(0.,1.,0.));
#6261=DIRECTION('',(0.,0.,1.));
#6262=DIRECTION('center_axis',(0.,-1.,0.));
#6263=DIRECTION('ref_axis',(1.,0.,0.));
#6264=DIRECTION('',(1.,0.,0.));
#6265=DIRECTION('center_axis',(0.,0.,1.));
#6266=DIRECTION('ref_axis',(-1.,0.,0.));
#6267=DIRECTION('center_axis',(0.,0.447213595499958,0.894427190999916));
#6268=DIRECTION('ref_axis',(1.,0.,0.));
#6269=DIRECTION('',(1.,0.,0.));
#6270=DIRECTION('',(0.666666666666667,0.666666666666667,-0.333333333333334));
#6271=DIRECTION('',(-1.,0.,0.));
#6272=DIRECTION('',(-0.666666666666667,0.666666666666667,-0.333333333333334));
#6273=DIRECTION('center_axis',(0.447213595499958,0.,0.894427190999916));
#6274=DIRECTION('ref_axis',(0.894427190999916,0.,-0.447213595499958));
#6275=DIRECTION('',(0.,-1.,0.));
#6276=DIRECTION('',(0.666666666666667,-0.666666666666667,-0.333333333333334));
#6277=DIRECTION('',(0.,1.,0.));
#6278=DIRECTION('center_axis',(0.,-0.447213595499958,0.894427190999916));
#6279=DIRECTION('ref_axis',(1.,0.,0.));
#6280=DIRECTION('',(-1.,0.,0.));
#6281=DIRECTION('',(-0.666666666666667,-0.666666666666667,-0.333333333333334));
#6282=DIRECTION('',(1.,0.,0.));
#6283=DIRECTION('center_axis',(-0.447213595499958,0.,0.894427190999916));
#6284=DIRECTION('ref_axis',(0.894427190999916,0.,0.447213595499958));
#6285=DIRECTION('',(0.,-1.,0.));
#6286=DIRECTION('',(0.,1.,0.));
#6287=DIRECTION('center_axis',(-1.,0.,0.));
#6288=DIRECTION('ref_axis',(0.,-1.,0.));
#6289=DIRECTION('',(0.,0.,1.));
#6290=DIRECTION('',(0.,-1.,0.));
#6291=DIRECTION('',(0.,0.,1.));
#6292=DIRECTION('center_axis',(0.,1.,0.));
#6293=DIRECTION('ref_axis',(-1.,0.,0.));
#6294=DIRECTION('',(0.,0.,1.));
#6295=DIRECTION('',(-1.,0.,0.));
#6296=DIRECTION('center_axis',(0.,0.,1.));
#6297=DIRECTION('ref_axis',(1.,0.,0.));
#6298=DIRECTION('center_axis',(0.,1.,0.));
#6299=DIRECTION('ref_axis',(-1.,0.,0.));
#6300=DIRECTION('',(-1.,0.,0.));
#6301=DIRECTION('',(0.,0.,1.));
#6302=DIRECTION('',(-1.,0.,0.));
#6303=DIRECTION('',(0.,0.,1.));
#6304=DIRECTION('center_axis',(1.,0.,0.));
#6305=DIRECTION('ref_axis',(0.,1.,0.));
#6306=DIRECTION('',(0.,1.,0.));
#6307=DIRECTION('',(0.,1.,0.));
#6308=DIRECTION('',(0.,0.,1.));
#6309=DIRECTION('center_axis',(0.,-1.,0.));
#6310=DIRECTION('ref_axis',(1.,0.,0.));
#6311=DIRECTION('',(1.,0.,0.));
#6312=DIRECTION('',(1.,0.,0.));
#6313=DIRECTION('',(0.,0.,1.));
#6314=DIRECTION('center_axis',(-1.,0.,0.));
#6315=DIRECTION('ref_axis',(0.,-1.,0.));
#6316=DIRECTION('',(0.,-1.,0.));
#6317=DIRECTION('',(0.,-1.,0.));
#6318=DIRECTION('center_axis',(0.,0.,1.));
#6319=DIRECTION('ref_axis',(1.,0.,0.));
#6320=DIRECTION('',(0.,1.,0.));
#6321=DIRECTION('',(1.,0.,0.));
#6322=DIRECTION('center_axis',(1.,0.,0.));
#6323=DIRECTION('ref_axis',(0.,1.,0.));
#6324=DIRECTION('',(0.,0.,1.));
#6325=DIRECTION('center_axis',(0.,-1.,0.));
#6326=DIRECTION('ref_axis',(1.,0.,0.));
#6327=DIRECTION('center_axis',(0.,0.,1.));
#6328=DIRECTION('ref_axis',(-1.,0.,0.));
#6329=DIRECTION('center_axis',(0.,1.,0.));
#6330=DIRECTION('ref_axis',(1.,0.,0.));
#6331=DIRECTION('',(1.,0.,0.));
#6332=DIRECTION('',(0.,0.,-1.));
#6333=DIRECTION('',(1.,0.,0.));
#6334=DIRECTION('',(0.,0.,-1.));
#6335=DIRECTION('',(1.,0.,0.));
#6336=DIRECTION('center_axis',(0.,0.,-1.));
#6337=DIRECTION('ref_axis',(-1.,0.,0.));
#6338=DIRECTION('center_axis',(0.,0.,1.));
#6339=DIRECTION('ref_axis',(1.,0.,0.));
#6340=DIRECTION('',(9.52674482141076E-17,-1.,0.));
#6341=DIRECTION('center_axis',(1.,9.52674482141076E-17,0.));
#6342=DIRECTION('ref_axis',(9.52674482141076E-17,-1.,0.));
#6343=DIRECTION('',(9.52674482141076E-17,-1.,0.));
#6344=DIRECTION('',(0.,0.,1.));
#6345=DIRECTION('',(9.52674482141076E-17,-1.,0.));
#6346=DIRECTION('center_axis',(0.,0.,1.));
#6347=DIRECTION('ref_axis',(1.,0.,0.));
#6348=DIRECTION('center_axis',(0.,0.,-1.));
#6349=DIRECTION('ref_axis',(1.,0.,0.));
#6350=DIRECTION('center_axis',(0.,0.,-1.));
#6351=DIRECTION('ref_axis',(-1.,0.,0.));
#6352=DIRECTION('',(0.,1.,0.));
#6353=DIRECTION('',(-0.998052578482889,0.0623782861551805,0.));
#6354=DIRECTION('',(-1.,3.13728672042827E-17,0.));
#6355=DIRECTION('',(-0.998052578482889,-0.0623782861551807,0.));
#6356=DIRECTION('',(1.,-7.55565781840827E-17,0.));
#6357=DIRECTION('',(0.,-1.,0.));
#6358=DIRECTION('',(-1.,0.,0.));
#6359=DIRECTION('',(0.,1.,0.));
#6360=DIRECTION('center_axis',(0.,-0.989949493661167,-0.14142135623731));
#6361=DIRECTION('ref_axis',(0.,0.14142135623731,-0.989949493661167));
#6362=DIRECTION('',(1.,0.,0.));
#6363=DIRECTION('',(0.,0.14142135623731,-0.989949493661167));
#6364=DIRECTION('',(-1.,0.,0.));
#6365=DIRECTION('',(-0.140028008402799,0.140028008402801,-0.980196058819607));
#6366=DIRECTION('center_axis',(0.989949493661167,0.,-0.141421356237309));
#6367=DIRECTION('ref_axis',(-0.141421356237309,0.,-0.989949493661167));
#6368=DIRECTION('',(0.,-1.,0.));
#6369=DIRECTION('',(-0.1400280084028,-0.140028008402801,-0.980196058819607));
#6370=DIRECTION('',(0.,1.,0.));
#6371=DIRECTION('center_axis',(0.,0.989949493661167,-0.141421356237309));
#6372=DIRECTION('ref_axis',(0.,0.141421356237309,0.989949493661167));
#6373=DIRECTION('',(1.,0.,0.));
#6374=DIRECTION('',(0.,0.141421356237309,0.989949493661167));
#6375=DIRECTION('',(-1.,0.,0.));
#6376=DIRECTION('center_axis',(0.,0.,-1.));
#6377=DIRECTION('ref_axis',(-1.,0.,0.));
#6378=DIRECTION('',(0.998052578482889,-0.0623782861551805,0.));
#6379=DIRECTION('',(0.,-1.,0.));
#6380=DIRECTION('',(-1.,0.,0.));
#6381=DIRECTION('',(-9.52674482141076E-17,1.,0.));
#6382=DIRECTION('',(0.998052578482889,0.0623782861551807,0.));
#6383=DIRECTION('center_axis',(0.,0.,1.));
#6384=DIRECTION('ref_axis',(1.,0.,0.));
#6385=DIRECTION('center_axis',(0.,0.,1.));
#6386=DIRECTION('ref_axis',(1.,0.,0.));
#6387=DIRECTION('center_axis',(0.,0.,1.));
#6388=DIRECTION('ref_axis',(1.,0.,0.));
#6389=DIRECTION('center_axis',(0.,0.,1.));
#6390=DIRECTION('ref_axis',(1.,0.,0.));
#6391=DIRECTION('',(0.,1.,0.));
#6392=DIRECTION('center_axis',(-0.0579167847124558,-0.926668555399293,-0.371390676354104));
#6393=DIRECTION('ref_axis',(0.,0.372015135678559,-0.928226663496618));
#6394=DIRECTION('',(-1.9201510723211E-15,0.372015135678559,-0.928226663496618));
#6395=DIRECTION('',(-0.988057847290149,3.09982076331833E-17,0.154083387840341));
#6396=DIRECTION('',(-0.998052578482889,0.0623782861551805,0.));
#6397=DIRECTION('',(-0.227193434607526,-0.350019193203762,0.908773738430102));
#6398=DIRECTION('center_axis',(0.0579167847124559,-0.926668555399293,-0.371390676354104));
#6399=DIRECTION('ref_axis',(0.,0.372015135678559,-0.928226663496618));
#6400=DIRECTION('',(0.227193434607526,-0.350019193203762,0.908773738430102));
#6401=DIRECTION('',(-0.998052578482889,-0.0623782861551807,0.));
#6402=DIRECTION('',(-0.988057847290149,3.09982076331833E-17,-0.154083387840341));
#6403=DIRECTION('center_axis',(0.970142500145332,9.24230003929003E-17,-0.242535625036333));
#6404=DIRECTION('ref_axis',(-0.242535625036333,0.,-0.970142500145332));
#6405=DIRECTION('',(-0.242507764990863,-0.015156735311929,-0.970031059963453));
#6406=DIRECTION('',(0.235702260395516,0.235702260395517,0.942809041582063));
#6407=DIRECTION('center_axis',(0.,0.970142500145332,-0.242535625036334));
#6408=DIRECTION('ref_axis',(0.,0.242535625036334,0.970142500145332));
#6409=DIRECTION('',(-0.235702260395516,0.235702260395517,0.942809041582063));
#6410=DIRECTION('center_axis',(-0.970142500145332,0.,-0.242535625036333));
#6411=DIRECTION('ref_axis',(-0.242535625036333,0.,0.970142500145332));
#6412=DIRECTION('',(0.,1.,0.));
#6413=DIRECTION('',(-0.242507764990863,0.015156735311929,0.970031059963453));
#6414=DIRECTION('center_axis',(-0.0623782861551805,-0.998052578482889,0.));
#6415=DIRECTION('ref_axis',(0.,0.,-1.));
#6416=DIRECTION('',(0.,0.,1.));
#6417=DIRECTION('',(0.,0.,-1.));
#6418=DIRECTION('center_axis',(-3.13728672042827E-17,-1.,0.));
#6419=DIRECTION('ref_axis',(-1.,3.13728672042827E-17,0.));
#6420=DIRECTION('',(0.,0.,-1.));
#6421=DIRECTION('center_axis',(0.0623782861551807,-0.998052578482889,0.));
#6422=DIRECTION('ref_axis',(0.,0.,-1.));
#6423=DIRECTION('center_axis',(-1.,0.,0.));
#6424=DIRECTION('ref_axis',(0.,1.,0.));
#6425=DIRECTION('center_axis',(0.,-1.,0.));
#6426=DIRECTION('ref_axis',(1.,0.,0.));
#6427=DIRECTION('',(0.,0.,-1.));
#6428=DIRECTION('',(1.,0.,0.));
#6429=DIRECTION('',(0.,0.,1.));
#6430=DIRECTION('',(-1.,0.,0.));
#6431=DIRECTION('center_axis',(0.,0.,1.));
#6432=DIRECTION('ref_axis',(-1.,0.,0.));
#6433=DIRECTION('center_axis',(0.,0.,-1.));
#6434=DIRECTION('ref_axis',(1.,0.,0.));
#6435=DIRECTION('center_axis',(0.,0.,-1.));
#6436=DIRECTION('ref_axis',(-1.,0.,0.));
#6437=DIRECTION('center_axis',(0.,0.,1.));
#6438=DIRECTION('ref_axis',(-1.,0.,0.));
#6439=DIRECTION('center_axis',(0.,0.,-1.));
#6440=DIRECTION('ref_axis',(-1.,0.,0.));
#6441=DIRECTION('',(0.,0.,-1.));
#6442=DIRECTION('center_axis',(-1.,0.,0.));
#6443=DIRECTION('ref_axis',(0.,-1.,0.));
#6444=DIRECTION('',(0.,0.,1.));
#6445=DIRECTION('',(0.,1.,0.));
#6446=DIRECTION('',(0.,-1.,0.));
#6447=DIRECTION('center_axis',(0.,0.,1.));
#6448=DIRECTION('ref_axis',(-1.,0.,0.));
#6449=DIRECTION('',(1.,0.,0.));
#6450=DIRECTION('',(0.,-1.,0.));
#6451=DIRECTION('center_axis',(0.,-1.,0.));
#6452=DIRECTION('ref_axis',(-1.,0.,0.));
#6453=DIRECTION('',(0.,0.,-1.));
#6454=DIRECTION('',(0.,0.,-1.));
#6455=DIRECTION('',(1.,0.,0.));
#6456=DIRECTION('',(0.,0.,-1.));
#6457=DIRECTION('',(-1.,0.,0.));
#6458=DIRECTION('center_axis',(-1.,0.,0.));
#6459=DIRECTION('ref_axis',(0.,1.,0.));
#6460=DIRECTION('',(0.,1.,0.));
#6461=DIRECTION('',(0.,0.,1.));
#6462=DIRECTION('',(0.,-1.,0.));
#6463=DIRECTION('',(0.,0.,-1.));
#6464=DIRECTION('center_axis',(0.,1.,0.));
#6465=DIRECTION('ref_axis',(-1.,0.,0.));
#6466=DIRECTION('',(1.,0.,0.));
#6467=DIRECTION('',(0.,0.,1.));
#6468=DIRECTION('',(-1.,0.,0.));
#6469=DIRECTION('center_axis',(0.,0.,1.));
#6470=DIRECTION('ref_axis',(-1.,0.,0.));
#6471=DIRECTION('center_axis',(0.,0.,-1.));
#6472=DIRECTION('ref_axis',(1.,0.,0.));
#6473=DIRECTION('center_axis',(0.,0.,-1.));
#6474=DIRECTION('ref_axis',(-1.,0.,0.));
#6475=DIRECTION('center_axis',(0.,0.,1.));
#6476=DIRECTION('ref_axis',(-1.,0.,0.));
#6477=DIRECTION('center_axis',(0.,0.,-1.));
#6478=DIRECTION('ref_axis',(-1.,0.,0.));
#6479=DIRECTION('',(0.,0.,-1.));
#6480=DIRECTION('center_axis',(-1.,0.,0.));
#6481=DIRECTION('ref_axis',(0.,-1.,0.));
#6482=DIRECTION('',(0.,1.,0.));
#6483=DIRECTION('',(0.,0.,-1.));
#6484=DIRECTION('',(0.,-1.,0.));
#6485=DIRECTION('center_axis',(0.,0.,1.));
#6486=DIRECTION('ref_axis',(-1.,0.,0.));
#6487=DIRECTION('',(-1.,7.55565781840827E-17,0.));
#6488=DIRECTION('center_axis',(7.55565781840827E-17,1.,0.));
#6489=DIRECTION('ref_axis',(1.,-7.55565781840827E-17,0.));
#6490=DIRECTION('',(1.,-7.55565781840827E-17,0.));
#6491=DIRECTION('',(0.,0.,1.));
#6492=DIRECTION('',(-1.,7.55565781840827E-17,0.));
#6493=DIRECTION('',(0.,0.,-1.));
#6494=DIRECTION('center_axis',(0.,0.,1.));
#6495=DIRECTION('ref_axis',(-1.,0.,0.));
#6496=DIRECTION('',(0.,1.,0.));
#6497=DIRECTION('',(1.,0.,0.));
#6498=DIRECTION('',(0.,1.,0.));
#6499=DIRECTION('center_axis',(0.,0.,-1.));
#6500=DIRECTION('ref_axis',(-1.,0.,0.));
#6501=DIRECTION('center_axis',(0.,0.,1.));
#6502=DIRECTION('ref_axis',(-1.,0.,0.));
#6503=DIRECTION('center_axis',(0.,0.,-1.));
#6504=DIRECTION('ref_axis',(1.,0.,0.));
#6505=DIRECTION('center_axis',(0.,0.,-1.));
#6506=DIRECTION('ref_axis',(-1.,0.,0.));
#6507=DIRECTION('center_axis',(0.,0.,1.));
#6508=DIRECTION('ref_axis',(-1.,0.,0.));
#6509=DIRECTION('',(0.,0.,-1.));
#6510=DIRECTION('center_axis',(1.,0.,0.));
#6511=DIRECTION('ref_axis',(0.,1.,0.));
#6512=DIRECTION('',(0.,0.,1.));
#6513=DIRECTION('',(0.,-1.,0.));
#6514=DIRECTION('center_axis',(0.,-1.,0.));
#6515=DIRECTION('ref_axis',(1.,0.,0.));
#6516=DIRECTION('',(-1.,0.,0.));
#6517=DIRECTION('',(0.,0.,1.));
#6518=DIRECTION('center_axis',(0.,0.,-1.));
#6519=DIRECTION('ref_axis',(1.,0.,0.));
#6520=DIRECTION('',(0.,-1.,0.));
#6521=DIRECTION('',(1.,0.,0.));
#6522=DIRECTION('',(0.,-1.,0.));
#6523=DIRECTION('',(1.,0.,0.));
#6524=DIRECTION('',(0.,-1.,0.));
#6525=DIRECTION('',(-1.,0.,0.));
#6526=DIRECTION('',(0.,1.,0.));
#6527=DIRECTION('center_axis',(0.,0.,1.));
#6528=DIRECTION('ref_axis',(-1.,0.,0.));
#6529=DIRECTION('center_axis',(0.,0.,-1.));
#6530=DIRECTION('ref_axis',(1.,0.,0.));
#6531=DIRECTION('center_axis',(0.,0.,-1.));
#6532=DIRECTION('ref_axis',(-1.,0.,0.));
#6533=DIRECTION('center_axis',(0.,0.,1.));
#6534=DIRECTION('ref_axis',(-1.,0.,0.));
#6535=DIRECTION('center_axis',(0.,0.,-1.));
#6536=DIRECTION('ref_axis',(-1.,0.,0.));
#6537=DIRECTION('',(0.,0.,-1.));
#6538=DIRECTION('center_axis',(0.,1.,0.));
#6539=DIRECTION('ref_axis',(-1.,0.,0.));
#6540=DIRECTION('',(0.,0.,-1.));
#6541=DIRECTION('',(-1.,0.,0.));
#6542=DIRECTION('',(0.,0.,1.));
#6543=DIRECTION('center_axis',(1.,0.,0.));
#6544=DIRECTION('ref_axis',(0.,1.,0.));
#6545=DIRECTION('',(0.,1.,0.));
#6546=DIRECTION('center_axis',(0.,0.,1.));
#6547=DIRECTION('ref_axis',(-1.,0.,0.));
#6548=DIRECTION('',(0.,1.,0.));
#6549=DIRECTION('center_axis',(1.,0.,0.));
#6550=DIRECTION('ref_axis',(0.,-1.,0.));
#6551=DIRECTION('center_axis',(0.,0.,1.));
#6552=DIRECTION('ref_axis',(1.,0.,0.));
#6553=DIRECTION('',(0.,0.,1.));
#6554=DIRECTION('center_axis',(0.,0.,1.));
#6555=DIRECTION('ref_axis',(1.,0.,0.));
#6556=DIRECTION('',(0.,0.,1.));
#6557=DIRECTION('center_axis',(0.,0.,1.));
#6558=DIRECTION('ref_axis',(1.,0.,0.));
#6559=DIRECTION('',(0.,0.,1.));
#6560=DIRECTION('center_axis',(0.,0.,1.));
#6561=DIRECTION('ref_axis',(1.,0.,0.));
#6562=DIRECTION('',(0.,0.,1.));
#6563=DIRECTION('center_axis',(0.,-1.,0.));
#6564=DIRECTION('ref_axis',(-1.,0.,0.));
#6565=DIRECTION('',(0.,0.,-1.));
#6566=DIRECTION('',(-1.,0.,0.));
#6567=DIRECTION('',(0.,0.,-1.));
#6568=DIRECTION('center_axis',(-1.,0.,0.));
#6569=DIRECTION('ref_axis',(0.,1.,0.));
#6570=DIRECTION('',(0.,0.,-1.));
#6571=DIRECTION('',(0.,1.,0.));
#6572=DIRECTION('center_axis',(0.,1.,0.));
#6573=DIRECTION('ref_axis',(1.,0.,0.));
#6574=DIRECTION('',(0.,0.,-1.));
#6575=DIRECTION('',(1.,0.,0.));
#6576=DIRECTION('center_axis',(1.,0.,0.));
#6577=DIRECTION('ref_axis',(0.,-1.,0.));
#6578=DIRECTION('',(0.,-1.,0.));
#6579=DIRECTION('center_axis',(0.,1.,0.));
#6580=DIRECTION('ref_axis',(1.,0.,0.));
#6581=DIRECTION('',(0.,0.,-1.));
#6582=DIRECTION('',(1.,0.,0.));
#6583=DIRECTION('',(0.,0.,-1.));
#6584=DIRECTION('center_axis',(-1.,0.,0.));
#6585=DIRECTION('ref_axis',(0.,1.,0.));
#6586=DIRECTION('',(0.,0.,-1.));
#6587=DIRECTION('',(0.,1.,0.));
#6588=DIRECTION('center_axis',(0.,1.,0.));
#6589=DIRECTION('ref_axis',(1.,0.,0.));
#6590=DIRECTION('',(1.,0.,0.));
#6591=DIRECTION('',(0.,0.,-1.));
#6592=DIRECTION('',(-1.,0.,0.));
#6593=DIRECTION('',(0.,0.,-1.));
#6594=DIRECTION('center_axis',(0.,1.,0.));
#6595=DIRECTION('ref_axis',(1.,0.,0.));
#6596=DIRECTION('',(-1.,0.,0.));
#6597=DIRECTION('',(0.,0.,-1.));
#6598=DIRECTION('',(-1.,0.,0.));
#6599=DIRECTION('',(0.,0.,-1.));
#6600=DIRECTION('center_axis',(-1.,0.,0.));
#6601=DIRECTION('ref_axis',(0.,1.,0.));
#6602=DIRECTION('',(0.,-1.,0.));
#6603=DIRECTION('',(0.,0.,1.));
#6604=DIRECTION('',(0.,-1.,0.));
#6605=DIRECTION('center_axis',(0.,0.,-1.));
#6606=DIRECTION('ref_axis',(-1.,0.,0.));
#6607=DIRECTION('',(0.,-1.,0.));
#6608=DIRECTION('',(1.,0.,0.));
#6609=DIRECTION('',(0.,1.,0.));
#6610=DIRECTION('',(-1.,0.,0.));
#6611=DIRECTION('center_axis',(0.,0.,1.));
#6612=DIRECTION('ref_axis',(1.,0.,0.));
#6613=DIRECTION('',(-1.,0.,0.));
#6614=DIRECTION('',(0.,-1.,0.));
#6615=DIRECTION('',(1.,0.,0.));
#6616=DIRECTION('',(0.,1.,0.));
#6617=DIRECTION('',(0.,1.,0.));
#6618=DIRECTION('',(0.,1.,0.));
#6619=DIRECTION('',(1.,0.,0.));
#6620=DIRECTION('',(0.,-1.,0.));
#6621=DIRECTION('',(-1.,0.,0.));
#6622=DIRECTION('center_axis',(0.,-1.,0.));
#6623=DIRECTION('ref_axis',(-1.,0.,0.));
#6624=DIRECTION('',(0.,0.,1.));
#6625=DIRECTION('',(0.,0.,-1.));
#6626=DIRECTION('center_axis',(-1.,0.,0.));
#6627=DIRECTION('ref_axis',(0.,1.,0.));
#6628=DIRECTION('',(0.,0.,-1.));
#6629=DIRECTION('center_axis',(0.,1.,0.));
#6630=DIRECTION('ref_axis',(1.,0.,0.));
#6631=DIRECTION('',(0.,0.,-1.));
#6632=DIRECTION('center_axis',(1.,0.,0.));
#6633=DIRECTION('ref_axis',(0.,-1.,0.));
#6634=DIRECTION('center_axis',(0.,1.,0.));
#6635=DIRECTION('ref_axis',(1.,0.,0.));
#6636=DIRECTION('',(1.,0.,0.));
#6637=DIRECTION('',(0.,0.,-1.));
#6638=DIRECTION('center_axis',(-1.,0.,0.));
#6639=DIRECTION('ref_axis',(0.,1.,0.));
#6640=DIRECTION('',(0.,1.,0.));
#6641=DIRECTION('',(0.,0.,-1.));
#6642=DIRECTION('center_axis',(0.,-1.,0.));
#6643=DIRECTION('ref_axis',(-1.,0.,0.));
#6644=DIRECTION('',(-1.,0.,0.));
#6645=DIRECTION('',(0.,0.,-1.));
#6646=DIRECTION('center_axis',(1.,0.,0.));
#6647=DIRECTION('ref_axis',(0.,-1.,0.));
#6648=DIRECTION('',(0.,1.,0.));
#6649=DIRECTION('center_axis',(0.,0.,-1.));
#6650=DIRECTION('ref_axis',(1.,0.,0.));
#6651=DIRECTION('',(0.,-1.,0.));
#6652=DIRECTION('',(1.,0.,0.));
#6653=DIRECTION('',(0.,-1.,0.));
#6654=DIRECTION('center_axis',(0.,-1.,0.));
#6655=DIRECTION('ref_axis',(-1.,0.,0.));
#6656=DIRECTION('',(0.,0.,-1.));
#6657=DIRECTION('center_axis',(1.,0.,0.));
#6658=DIRECTION('ref_axis',(0.,-1.,0.));
#6659=DIRECTION('',(0.,0.,1.));
#6660=DIRECTION('',(1.,0.,0.));
#6661=DIRECTION('',(0.,0.,1.));
#6662=DIRECTION('',(1.,0.,0.));
#6663=DIRECTION('',(0.,0.,1.));
#6664=DIRECTION('',(1.,-1.22464679914735E-16,0.));
#6665=DIRECTION('',(0.,0.,-1.));
#6666=DIRECTION('',(1.,0.,0.));
#6667=DIRECTION('',(0.,0.,1.));
#6668=DIRECTION('',(1.,0.,0.));
#6669=DIRECTION('center_axis',(0.,0.,1.));
#6670=DIRECTION('ref_axis',(1.,0.,0.));
#6671=CARTESIAN_POINT('',(0.,0.,0.));
#6672=CARTESIAN_POINT('',(0.,0.,0.));
#6673=CARTESIAN_POINT('Origin',(29.400558801118,37.57937515875,0.));
#6674=CARTESIAN_POINT('',(29.400558801118,37.57937515875,0.));
#6675=CARTESIAN_POINT('',(29.400558801118,37.57937515875,1.600050800102));
#6676=CARTESIAN_POINT('',(29.400558801118,37.57937515875,0.));
#6677=CARTESIAN_POINT('',(29.400558801118,-3.035306070612,1.600050800102));
#6678=CARTESIAN_POINT('',(29.400558801118,37.57937515875,1.600050800102));
#6679=CARTESIAN_POINT('',(29.400558801118,-3.035306070612,0.));
#6680=CARTESIAN_POINT('',(29.400558801118,-3.035306070612,0.));
#6681=CARTESIAN_POINT('',(29.400558801118,37.57937515875,0.));
#6682=CARTESIAN_POINT('Origin',(29.400558801118,-3.035306070612,0.));
#6683=CARTESIAN_POINT('',(0.01270002540005,-3.035306070612,1.600050800102));
#6684=CARTESIAN_POINT('',(29.400558801118,-3.035306070612,1.600050800102));
#6685=CARTESIAN_POINT('',(0.01270002540005,-3.035306070612,0.));
#6686=CARTESIAN_POINT('',(0.01270002540005,-3.035306070612,0.));
#6687=CARTESIAN_POINT('',(29.400558801118,-3.035306070612,0.));
#6688=CARTESIAN_POINT('Origin',(0.01270002540005,-3.035306070612,0.));
#6689=CARTESIAN_POINT('',(0.01270002540005,37.57937515875,1.600050800102));
#6690=CARTESIAN_POINT('',(0.01270002540005,-3.035306070612,1.600050800102));
#6691=CARTESIAN_POINT('',(0.01270002540005,37.57937515875,0.));
#6692=CARTESIAN_POINT('',(0.01270002540005,37.57937515875,0.));
#6693=CARTESIAN_POINT('',(0.01270002540005,-3.035306070612,0.));
#6694=CARTESIAN_POINT('Origin',(0.01270002540005,37.57937515875,0.));
#6695=CARTESIAN_POINT('',(0.01270002540005,37.57937515875,1.600050800102));
#6696=CARTESIAN_POINT('',(0.01270002540005,37.57937515875,0.));
#6697=CARTESIAN_POINT('Origin',(2.54000508001,-0.508001016002,0.));
#6698=CARTESIAN_POINT('',(1.290002540005,-0.508001016002,1.600050800102));
#6699=CARTESIAN_POINT('Origin',(2.54000508001,-0.508001016002,1.600050800102));
#6700=CARTESIAN_POINT('',(1.290002540005,-0.508001016002,0.));
#6701=CARTESIAN_POINT('',(1.290002540005,-0.508001016002,0.));
#6702=CARTESIAN_POINT('Origin',(2.54000508001,-0.508001016002,0.));
#6703=CARTESIAN_POINT('Origin',(2.54000508001,35.05207010414,0.));
#6704=CARTESIAN_POINT('',(1.290002540005,35.05207010414,1.600050800102));
#6705=CARTESIAN_POINT('Origin',(2.54000508001,35.05207010414,1.600050800102));
#6706=CARTESIAN_POINT('',(1.290002540005,35.05207010414,0.));
#6707=CARTESIAN_POINT('',(1.290002540005,35.05207010414,0.));
#6708=CARTESIAN_POINT('Origin',(2.54000508001,35.05207010414,0.));
#6709=CARTESIAN_POINT('Origin',(3.702006604013,17.520035560071,0.));
#6710=CARTESIAN_POINT('',(3.244805689611,17.520035560071,1.600050800102));
#6711=CARTESIAN_POINT('Origin',(3.702006604013,17.520035560071,1.600050800102));
#6712=CARTESIAN_POINT('',(3.244805689611,17.520035560071,0.));
#6713=CARTESIAN_POINT('',(3.244805689611,17.520035560071,0.));
#6714=CARTESIAN_POINT('Origin',(3.702006604013,17.520035560071,0.));
#6715=CARTESIAN_POINT('Origin',(3.702006604013,21.020043180086,0.));
#6716=CARTESIAN_POINT('',(3.244805689611,21.020043180086,1.600050800102));
#6717=CARTESIAN_POINT('Origin',(3.702006604013,21.020043180086,1.600050800102));
#6718=CARTESIAN_POINT('',(3.244805689611,21.020043180086,0.));
#6719=CARTESIAN_POINT('',(3.244805689611,21.020043180086,0.));
#6720=CARTESIAN_POINT('Origin',(3.702006604013,21.020043180086,0.));
#6721=CARTESIAN_POINT('Origin',(3.702006604013,28.020055880112,0.));
#6722=CARTESIAN_POINT('',(3.244805689611,28.020055880112,1.600050800102));
#6723=CARTESIAN_POINT('Origin',(3.702006604013,28.020055880112,1.600050800102));
#6724=CARTESIAN_POINT('',(3.244805689611,28.020055880112,0.));
#6725=CARTESIAN_POINT('',(3.244805689611,28.020055880112,0.));
#6726=CARTESIAN_POINT('Origin',(3.702006604013,28.020055880112,0.));
#6727=CARTESIAN_POINT('Origin',(3.702006604013,31.520063500127,0.));
#6728=CARTESIAN_POINT('',(3.244805689611,31.520063500127,1.600050800102));
#6729=CARTESIAN_POINT('Origin',(3.702006604013,31.520063500127,1.600050800102));
#6730=CARTESIAN_POINT('',(3.244805689611,31.520063500127,0.));
#6731=CARTESIAN_POINT('',(3.244805689611,31.520063500127,0.));
#6732=CARTESIAN_POINT('Origin',(3.702006604013,31.520063500127,0.));
#6733=CARTESIAN_POINT('Origin',(7.113284226568,35.561341122682,0.));
#6734=CARTESIAN_POINT('',(6.513284226568,35.561341122682,1.600050800102));
#6735=CARTESIAN_POINT('Origin',(7.113284226568,35.561341122682,1.600050800102));
#6736=CARTESIAN_POINT('',(6.513284226568,35.561341122682,0.));
#6737=CARTESIAN_POINT('',(6.513284226568,35.561341122682,0.));
#6738=CARTESIAN_POINT('Origin',(7.113284226568,35.561341122682,0.));
#6739=CARTESIAN_POINT('Origin',(9.653289306579,35.556261112522,0.));
#6740=CARTESIAN_POINT('',(9.053289306579,35.556261112522,1.600050800102));
#6741=CARTESIAN_POINT('Origin',(9.653289306579,35.556261112522,1.600050800102));
#6742=CARTESIAN_POINT('',(9.053289306579,35.556261112522,0.));
#6743=CARTESIAN_POINT('',(9.053289306579,35.556261112522,0.));
#6744=CARTESIAN_POINT('Origin',(9.653289306579,35.556261112522,0.));
#6745=CARTESIAN_POINT('Origin',(12.193294386589,35.556261112522,0.));
#6746=CARTESIAN_POINT('',(11.593294386589,35.556261112522,1.600050800102));
#6747=CARTESIAN_POINT('Origin',(12.193294386589,35.556261112522,1.600050800102));
#6748=CARTESIAN_POINT('',(11.593294386589,35.556261112522,0.));
#6749=CARTESIAN_POINT('',(11.593294386589,35.556261112522,0.));
#6750=CARTESIAN_POINT('Origin',(12.193294386589,35.556261112522,0.));
#6751=CARTESIAN_POINT('Origin',(14.733299466599,35.563881127762,0.));
#6752=CARTESIAN_POINT('',(14.133299466599,35.563881127762,1.600050800102));
#6753=CARTESIAN_POINT('Origin',(14.733299466599,35.563881127762,1.600050800102));
#6754=CARTESIAN_POINT('',(14.133299466599,35.563881127762,0.));
#6755=CARTESIAN_POINT('',(14.133299466599,35.563881127762,0.));
#6756=CARTESIAN_POINT('Origin',(14.733299466599,35.563881127762,0.));
#6757=CARTESIAN_POINT('Origin',(17.270764541529,35.558801117602,0.));
#6758=CARTESIAN_POINT('',(16.670764541529,35.558801117602,1.600050800102));
#6759=CARTESIAN_POINT('Origin',(17.270764541529,35.558801117602,1.600050800102));
#6760=CARTESIAN_POINT('',(16.670764541529,35.558801117602,0.));
#6761=CARTESIAN_POINT('',(16.670764541529,35.558801117602,0.));
#6762=CARTESIAN_POINT('Origin',(17.270764541529,35.558801117602,0.));
#6763=CARTESIAN_POINT('Origin',(19.810769621539,35.558801117602,0.));
#6764=CARTESIAN_POINT('',(19.210769621539,35.558801117602,1.600050800102));
#6765=CARTESIAN_POINT('Origin',(19.810769621539,35.558801117602,1.600050800102));
#6766=CARTESIAN_POINT('',(19.210769621539,35.558801117602,0.));
#6767=CARTESIAN_POINT('',(19.210769621539,35.558801117602,0.));
#6768=CARTESIAN_POINT('Origin',(19.810769621539,35.558801117602,0.));
#6769=CARTESIAN_POINT('Origin',(22.350774701549,35.556261112522,0.));
#6770=CARTESIAN_POINT('',(21.750774701549,35.556261112522,1.600050800102));
#6771=CARTESIAN_POINT('Origin',(22.350774701549,35.556261112522,1.600050800102));
#6772=CARTESIAN_POINT('',(21.750774701549,35.556261112522,0.));
#6773=CARTESIAN_POINT('',(21.750774701549,35.556261112522,0.));
#6774=CARTESIAN_POINT('Origin',(22.350774701549,35.556261112522,0.));
#6775=CARTESIAN_POINT('Origin',(22.352044704089,13.335026670053,0.));
#6776=CARTESIAN_POINT('',(21.827051054102,13.335026670053,1.600050800102));
#6777=CARTESIAN_POINT('Origin',(22.352044704089,13.335026670053,1.600050800102));
#6778=CARTESIAN_POINT('',(21.827051054102,13.335026670053,0.));
#6779=CARTESIAN_POINT('',(21.827051054102,13.335026670053,0.));
#6780=CARTESIAN_POINT('Origin',(22.352044704089,13.335026670053,0.));
#6781=CARTESIAN_POINT('Origin',(22.352044704089,10.795021590043,0.));
#6782=CARTESIAN_POINT('',(21.827051054102,10.795021590043,1.600050800102));
#6783=CARTESIAN_POINT('Origin',(22.352044704089,10.795021590043,1.600050800102));
#6784=CARTESIAN_POINT('',(21.827051054102,10.795021590043,0.));
#6785=CARTESIAN_POINT('',(21.827051054102,10.795021590043,0.));
#6786=CARTESIAN_POINT('Origin',(22.352044704089,10.795021590043,0.));
#6787=CARTESIAN_POINT('Origin',(22.352044704089,5.842011684023,0.));
#6788=CARTESIAN_POINT('',(21.827051054102,5.842011684023,1.600050800102));
#6789=CARTESIAN_POINT('Origin',(22.352044704089,5.842011684023,1.600050800102));
#6790=CARTESIAN_POINT('',(21.827051054102,5.842011684023,0.));
#6791=CARTESIAN_POINT('',(21.827051054102,5.842011684023,0.));
#6792=CARTESIAN_POINT('Origin',(22.352044704089,5.842011684023,0.));
#6793=CARTESIAN_POINT('Origin',(22.352044704089,3.302006604013,0.));
#6794=CARTESIAN_POINT('',(21.827051054102,3.302006604013,1.600050800102));
#6795=CARTESIAN_POINT('Origin',(22.352044704089,3.302006604013,1.600050800102));
#6796=CARTESIAN_POINT('',(21.827051054102,3.302006604013,0.));
#6797=CARTESIAN_POINT('',(21.827051054102,3.302006604013,0.));
#6798=CARTESIAN_POINT('Origin',(22.352044704089,3.302006604013,0.));
#6799=CARTESIAN_POINT('Origin',(24.8920497841,13.335026670053,0.));
#6800=CARTESIAN_POINT('',(24.367056134112,13.335026670053,1.600050800102));
#6801=CARTESIAN_POINT('Origin',(24.8920497841,13.335026670053,1.600050800102));
#6802=CARTESIAN_POINT('',(24.367056134112,13.335026670053,0.));
#6803=CARTESIAN_POINT('',(24.367056134113,13.335026670053,0.));
#6804=CARTESIAN_POINT('Origin',(24.8920497841,13.335026670053,0.));
#6805=CARTESIAN_POINT('Origin',(24.8920497841,10.795021590043,0.));
#6806=CARTESIAN_POINT('',(24.367056134112,10.795021590043,1.600050800102));
#6807=CARTESIAN_POINT('Origin',(24.8920497841,10.795021590043,1.600050800102));
#6808=CARTESIAN_POINT('',(24.367056134112,10.795021590043,0.));
#6809=CARTESIAN_POINT('',(24.367056134113,10.795021590043,0.));
#6810=CARTESIAN_POINT('Origin',(24.8920497841,10.795021590043,0.));
#6811=CARTESIAN_POINT('Origin',(24.8920497841,5.842011684023,0.));
#6812=CARTESIAN_POINT('',(24.367056134112,5.842011684023,1.600050800102));
#6813=CARTESIAN_POINT('Origin',(24.8920497841,5.842011684023,1.600050800102));
#6814=CARTESIAN_POINT('',(24.367056134112,5.842011684023,0.));
#6815=CARTESIAN_POINT('',(24.367056134113,5.842011684023,0.));
#6816=CARTESIAN_POINT('Origin',(24.8920497841,5.842011684023,0.));
#6817=CARTESIAN_POINT('Origin',(24.8920497841,3.302006604013,0.));
#6818=CARTESIAN_POINT('',(24.367056134112,3.302006604013,1.600050800102));
#6819=CARTESIAN_POINT('Origin',(24.8920497841,3.302006604013,1.600050800102));
#6820=CARTESIAN_POINT('',(24.367056134112,3.302006604013,0.));
#6821=CARTESIAN_POINT('',(24.367056134113,3.302006604013,0.));
#6822=CARTESIAN_POINT('Origin',(24.8920497841,3.302006604013,0.));
#6823=CARTESIAN_POINT('Origin',(26.924053848108,-0.508001016002,0.));
#6824=CARTESIAN_POINT('',(25.674051308103,-0.508001016002,1.600050800102));
#6825=CARTESIAN_POINT('Origin',(26.924053848108,-0.508001016002,1.600050800102));
#6826=CARTESIAN_POINT('',(25.674051308103,-0.508001016002,0.));
#6827=CARTESIAN_POINT('',(25.674051308103,-0.508001016002,0.));
#6828=CARTESIAN_POINT('Origin',(26.924053848108,-0.508001016002,0.));
#6829=CARTESIAN_POINT('Origin',(26.924053848108,35.05207010414,0.));
#6830=CARTESIAN_POINT('',(25.674051308103,35.05207010414,1.600050800102));
#6831=CARTESIAN_POINT('Origin',(26.924053848108,35.05207010414,1.600050800102));
#6832=CARTESIAN_POINT('',(25.674051308103,35.05207010414,0.));
#6833=CARTESIAN_POINT('',(25.674051308103,35.05207010414,0.));
#6834=CARTESIAN_POINT('Origin',(26.924053848108,35.05207010414,0.));
#6835=CARTESIAN_POINT('Origin',(27.20205486411,31.520063500127,0.));
#6836=CARTESIAN_POINT('',(26.744853949708,31.520063500127,1.600050800102));
#6837=CARTESIAN_POINT('Origin',(27.20205486411,31.520063500127,1.600050800102));
#6838=CARTESIAN_POINT('',(26.744853949708,31.520063500127,0.));
#6839=CARTESIAN_POINT('',(26.744853949708,31.520063500127,0.));
#6840=CARTESIAN_POINT('Origin',(27.20205486411,31.520063500127,0.));
#6841=CARTESIAN_POINT('Origin',(27.202517145034,17.520035560071,0.));
#6842=CARTESIAN_POINT('',(26.745316230632,17.520035560071,1.600050800102));
#6843=CARTESIAN_POINT('Origin',(27.202517145034,17.520035560071,1.600050800102));
#6844=CARTESIAN_POINT('',(26.745316230632,17.520035560071,0.));
#6845=CARTESIAN_POINT('',(26.745316230632,17.520035560071,0.));
#6846=CARTESIAN_POINT('Origin',(27.202517145034,17.520035560071,0.));
#6847=CARTESIAN_POINT('Origin',(27.43205486411,13.335026670053,0.));
#6848=CARTESIAN_POINT('',(26.907061214122,13.335026670053,1.600050800102));
#6849=CARTESIAN_POINT('Origin',(27.43205486411,13.335026670053,1.600050800102));
#6850=CARTESIAN_POINT('',(26.907061214122,13.335026670053,0.));
#6851=CARTESIAN_POINT('',(26.907061214123,13.335026670053,0.));
#6852=CARTESIAN_POINT('Origin',(27.43205486411,13.335026670053,0.));
#6853=CARTESIAN_POINT('Origin',(27.43205486411,10.795021590043,0.));
#6854=CARTESIAN_POINT('',(26.907061214122,10.795021590043,1.600050800102));
#6855=CARTESIAN_POINT('Origin',(27.43205486411,10.795021590043,1.600050800102));
#6856=CARTESIAN_POINT('',(26.907061214122,10.795021590043,0.));
#6857=CARTESIAN_POINT('',(26.907061214123,10.795021590043,0.));
#6858=CARTESIAN_POINT('Origin',(27.43205486411,10.795021590043,0.));
#6859=CARTESIAN_POINT('Origin',(27.43205486411,5.842011684023,0.));
#6860=CARTESIAN_POINT('',(26.907061214122,5.842011684023,1.600050800102));
#6861=CARTESIAN_POINT('Origin',(27.43205486411,5.842011684023,1.600050800102));
#6862=CARTESIAN_POINT('',(26.907061214122,5.842011684023,0.));
#6863=CARTESIAN_POINT('',(26.907061214123,5.842011684023,0.));
#6864=CARTESIAN_POINT('Origin',(27.43205486411,5.842011684023,0.));
#6865=CARTESIAN_POINT('Origin',(27.43205486411,3.302006604013,0.));
#6866=CARTESIAN_POINT('',(26.907061214122,3.302006604013,1.600050800102));
#6867=CARTESIAN_POINT('Origin',(27.43205486411,3.302006604013,1.600050800102));
#6868=CARTESIAN_POINT('',(26.907061214122,3.302006604013,0.));
#6869=CARTESIAN_POINT('',(26.907061214123,3.302006604013,0.));
#6870=CARTESIAN_POINT('Origin',(27.43205486411,3.302006604013,0.));
#6871=CARTESIAN_POINT('Origin',(14.706629413259,17.272034544069,0.));
#6872=CARTESIAN_POINT('Origin',(14.706629413259,17.272034544069,1.600050800102));
#6873=CARTESIAN_POINT('',(0.,0.,0.));
#6874=CARTESIAN_POINT('Origin',(26.,21.5,0.));
#6875=CARTESIAN_POINT('',(1.,21.5,1.6));
#6876=CARTESIAN_POINT('',(26.,21.5,1.6));
#6877=CARTESIAN_POINT('',(19.75,21.5,1.6));
#6878=CARTESIAN_POINT('',(1.,21.5,3.5));
#6879=CARTESIAN_POINT('',(1.,21.5,0.));
#6880=CARTESIAN_POINT('',(26.,21.5,3.5));
#6881=CARTESIAN_POINT('',(1.,21.5,3.5));
#6882=CARTESIAN_POINT('',(26.,21.5,0.));
#6883=CARTESIAN_POINT('Origin',(1.,21.5,0.));
#6884=CARTESIAN_POINT('',(1.,4.5,1.6));
#6885=CARTESIAN_POINT('',(1.,17.375,1.6));
#6886=CARTESIAN_POINT('',(1.,4.5,3.5));
#6887=CARTESIAN_POINT('',(1.,4.5,0.));
#6888=CARTESIAN_POINT('',(1.,4.5,3.5));
#6889=CARTESIAN_POINT('Origin',(26.,4.5,0.));
#6890=CARTESIAN_POINT('',(26.,4.5,1.6));
#6891=CARTESIAN_POINT('',(26.,8.875,1.6));
#6892=CARTESIAN_POINT('',(26.,4.5,3.5));
#6893=CARTESIAN_POINT('',(26.,21.5,3.5));
#6894=CARTESIAN_POINT('',(26.,4.5,0.));
#6895=CARTESIAN_POINT('Origin',(1.,4.5,0.));
#6896=CARTESIAN_POINT('',(7.25,4.5,1.6));
#6897=CARTESIAN_POINT('',(26.,4.5,3.5));
#6898=CARTESIAN_POINT('Origin',(13.5,13.,3.5));
#6899=CARTESIAN_POINT('Origin',(27.,26.5,0.));
#6900=CARTESIAN_POINT('',(27.,26.5,0.));
#6901=CARTESIAN_POINT('',(0.,26.5,0.));
#6902=CARTESIAN_POINT('',(27.,26.5,0.));
#6903=CARTESIAN_POINT('',(0.,26.5,1.6));
#6904=CARTESIAN_POINT('',(0.,26.5,0.));
#6905=CARTESIAN_POINT('',(27.,26.5,1.6));
#6906=CARTESIAN_POINT('',(27.,26.5,1.6));
#6907=CARTESIAN_POINT('',(27.,26.5,0.));
#6908=CARTESIAN_POINT('Origin',(27.,0.,0.));
#6909=CARTESIAN_POINT('',(27.,0.,0.));
#6910=CARTESIAN_POINT('',(27.,0.,0.));
#6911=CARTESIAN_POINT('',(27.,0.,1.6));
#6912=CARTESIAN_POINT('',(27.,0.,1.6));
#6913=CARTESIAN_POINT('',(27.,0.,0.));
#6914=CARTESIAN_POINT('Origin',(0.,0.,0.));
#6915=CARTESIAN_POINT('',(0.,0.,0.));
#6916=CARTESIAN_POINT('',(0.,0.,0.));
#6917=CARTESIAN_POINT('',(0.,0.,1.6));
#6918=CARTESIAN_POINT('',(0.,0.,1.6));
#6919=CARTESIAN_POINT('',(0.,0.,0.));
#6920=CARTESIAN_POINT('Origin',(0.,26.5,0.));
#6921=CARTESIAN_POINT('',(0.,26.5,0.));
#6922=CARTESIAN_POINT('',(0.,26.5,1.6));
#6923=CARTESIAN_POINT('Origin',(13.5,13.25,1.6));
#6924=CARTESIAN_POINT('Origin',(13.5,13.25,0.));
#6925=CARTESIAN_POINT('',(0.,0.,0.));
#6926=CARTESIAN_POINT('Origin',(5.5,0.500000000000001,0.));
#6927=CARTESIAN_POINT('',(5.5,5.5,4.));
#6928=CARTESIAN_POINT('',(5.5,0.500000000000001,4.));
#6929=CARTESIAN_POINT('',(5.5,1.75,4.));
#6930=CARTESIAN_POINT('',(5.5,5.5,5.));
#6931=CARTESIAN_POINT('',(5.5,5.5,0.));
#6932=CARTESIAN_POINT('',(5.5,0.5,5.));
#6933=CARTESIAN_POINT('',(5.5,0.500000000000001,5.));
#6934=CARTESIAN_POINT('',(5.5,0.500000000000001,0.));
#6935=CARTESIAN_POINT('Origin',(5.5,5.5,0.));
#6936=CARTESIAN_POINT('',(0.5,5.5,4.));
#6937=CARTESIAN_POINT('',(4.25,5.5,4.));
#6938=CARTESIAN_POINT('',(0.5,5.5,5.));
#6939=CARTESIAN_POINT('',(0.5,5.5,0.));
#6940=CARTESIAN_POINT('',(5.5,5.5,5.));
#6941=CARTESIAN_POINT('Origin',(0.5,0.500000000000001,0.));
#6942=CARTESIAN_POINT('',(0.5,0.5,4.));
#6943=CARTESIAN_POINT('',(1.75,0.5,4.));
#6944=CARTESIAN_POINT('',(0.5,0.5,5.));
#6945=CARTESIAN_POINT('',(0.5,0.500000000000001,5.));
#6946=CARTESIAN_POINT('',(0.5,0.5,0.));
#6947=CARTESIAN_POINT('Origin',(0.5,5.5,0.));
#6948=CARTESIAN_POINT('',(0.5,4.25,4.));
#6949=CARTESIAN_POINT('',(0.5,5.5,5.));
#6950=CARTESIAN_POINT('Origin',(3.,3.,5.));
#6951=CARTESIAN_POINT('Origin',(6.,6.,0.));
#6952=CARTESIAN_POINT('',(6.,6.,0.));
#6953=CARTESIAN_POINT('',(0.,6.,0.));
#6954=CARTESIAN_POINT('',(6.,6.,0.));
#6955=CARTESIAN_POINT('',(0.,6.,4.));
#6956=CARTESIAN_POINT('',(0.,6.,0.));
#6957=CARTESIAN_POINT('',(6.,6.,4.));
#6958=CARTESIAN_POINT('',(6.,6.,4.));
#6959=CARTESIAN_POINT('',(6.,6.,0.));
#6960=CARTESIAN_POINT('Origin',(6.,0.,0.));
#6961=CARTESIAN_POINT('',(6.,0.,0.));
#6962=CARTESIAN_POINT('',(6.,0.,0.));
#6963=CARTESIAN_POINT('',(6.,0.,4.));
#6964=CARTESIAN_POINT('',(6.,0.,4.));
#6965=CARTESIAN_POINT('',(6.,0.,0.));
#6966=CARTESIAN_POINT('Origin',(0.,0.,0.));
#6967=CARTESIAN_POINT('',(0.,0.,0.));
#6968=CARTESIAN_POINT('',(0.,0.,0.));
#6969=CARTESIAN_POINT('',(0.,0.,4.));
#6970=CARTESIAN_POINT('',(0.,0.,4.));
#6971=CARTESIAN_POINT('',(0.,0.,0.));
#6972=CARTESIAN_POINT('Origin',(0.,6.,0.));
#6973=CARTESIAN_POINT('',(0.,6.,0.));
#6974=CARTESIAN_POINT('',(0.,6.,4.));
#6975=CARTESIAN_POINT('Origin',(3.,3.,4.));
#6976=CARTESIAN_POINT('Origin',(3.,3.,0.));
#6977=CARTESIAN_POINT('',(0.,0.,0.));
#6978=CARTESIAN_POINT('Origin',(9.,4.,0.));
#6979=CARTESIAN_POINT('',(9.,4.,0.));
#6980=CARTESIAN_POINT('',(0.,4.,0.));
#6981=CARTESIAN_POINT('',(9.,4.,0.));
#6982=CARTESIAN_POINT('',(0.,4.,5.));
#6983=CARTESIAN_POINT('',(0.,4.,0.));
#6984=CARTESIAN_POINT('',(9.,4.,5.));
#6985=CARTESIAN_POINT('',(9.,4.,5.));
#6986=CARTESIAN_POINT('',(9.,4.,0.));
#6987=CARTESIAN_POINT('Origin',(9.,2.69630192214213E-32,0.));
#6988=CARTESIAN_POINT('',(9.,2.69630192214213E-32,0.));
#6989=CARTESIAN_POINT('',(9.,2.69630192214213E-32,0.));
#6990=CARTESIAN_POINT('',(9.,0.,5.));
#6991=CARTESIAN_POINT('',(9.,2.69630192214213E-32,5.));
#6992=CARTESIAN_POINT('',(9.,2.69630192214213E-32,0.));
#6993=CARTESIAN_POINT('Origin',(0.,0.,0.));
#6994=CARTESIAN_POINT('',(0.,0.,0.));
#6995=CARTESIAN_POINT('',(0.,0.,0.));
#6996=CARTESIAN_POINT('',(0.,0.,5.));
#6997=CARTESIAN_POINT('',(0.,0.,5.));
#6998=CARTESIAN_POINT('',(0.,0.,0.));
#6999=CARTESIAN_POINT('Origin',(0.,4.,0.));
#7000=CARTESIAN_POINT('',(0.,4.,0.));
#7001=CARTESIAN_POINT('',(0.,4.,5.));
#7002=CARTESIAN_POINT('Origin',(4.5,2.,5.));
#7003=CARTESIAN_POINT('Origin',(4.5,2.,0.));
#7004=CARTESIAN_POINT('Origin',(6.5,3.,0.));
#7005=CARTESIAN_POINT('',(6.5,3.,0.));
#7006=CARTESIAN_POINT('',(2.5,3.,0.));
#7007=CARTESIAN_POINT('',(6.5,3.,0.));
#7008=CARTESIAN_POINT('',(2.5,3.,6.));
#7009=CARTESIAN_POINT('',(2.5,3.,0.));
#7010=CARTESIAN_POINT('',(6.5,3.,6.));
#7011=CARTESIAN_POINT('',(6.5,3.,6.));
#7012=CARTESIAN_POINT('',(6.5,3.,0.));
#7013=CARTESIAN_POINT('Origin',(6.5,1.,0.));
#7014=CARTESIAN_POINT('',(6.5,1.,0.));
#7015=CARTESIAN_POINT('',(6.5,1.,0.));
#7016=CARTESIAN_POINT('',(6.5,1.,6.));
#7017=CARTESIAN_POINT('',(6.5,1.,6.));
#7018=CARTESIAN_POINT('',(6.5,1.,0.));
#7019=CARTESIAN_POINT('Origin',(2.5,1.,0.));
#7020=CARTESIAN_POINT('',(2.5,1.,0.));
#7021=CARTESIAN_POINT('',(2.5,1.,0.));
#7022=CARTESIAN_POINT('',(2.5,1.,6.));
#7023=CARTESIAN_POINT('',(2.5,1.,6.));
#7024=CARTESIAN_POINT('',(2.5,1.,0.));
#7025=CARTESIAN_POINT('Origin',(2.5,3.,0.));
#7026=CARTESIAN_POINT('',(2.5,3.,0.));
#7027=CARTESIAN_POINT('',(2.5,3.,6.));
#7028=CARTESIAN_POINT('Origin',(4.5,2.,6.));
#7029=CARTESIAN_POINT('Origin',(4.5,2.,0.));
#7030=CARTESIAN_POINT('',(0.,0.,0.));
#7031=CARTESIAN_POINT('Origin',(2.55962941325893,2.01656545831123,9.600050800102));
#7032=CARTESIAN_POINT('',(2.55962941325893,-0.733434541688771,10.100050800102));
#7033=CARTESIAN_POINT('',(2.55962941325893,1.76656545831123,10.100050800102));
#7034=CARTESIAN_POINT('',(2.55962941325893,2.01656545831123,10.100050800102));
#7035=CARTESIAN_POINT('',(2.05962941325893,1.26656545831123,9.600050800102));
#7036=CARTESIAN_POINT('Origin',(2.55962941325893,1.76656545831123,9.600050800102));
#7037=CARTESIAN_POINT('',(2.05962941325893,-1.23343454168877,9.600050800102));
#7038=CARTESIAN_POINT('',(2.05962941325893,2.01656545831123,9.600050800102));
#7039=CARTESIAN_POINT('Origin',(2.55962941325893,-0.733434541688771,9.600050800102));
#7040=CARTESIAN_POINT('Origin',(1.55962941325893,1.76656545831123,9.600050800102));
#7041=CARTESIAN_POINT('',(0.0596294132589337,1.76656545831123,10.100050800102));
#7042=CARTESIAN_POINT('',(1.55962941325893,1.76656545831123,10.100050800102));
#7043=CARTESIAN_POINT('',(-0.440370586741066,1.26656545831123,9.600050800102));
#7044=CARTESIAN_POINT('Origin',(0.0596294132589337,1.76656545831123,9.600050800102));
#7045=CARTESIAN_POINT('',(1.55962941325893,1.26656545831123,9.600050800102));
#7046=CARTESIAN_POINT('Origin',(0.0596294132589331,3.51656545831123,9.600050800102));
#7047=CARTESIAN_POINT('',(0.0596294132589331,3.76656545831123,10.100050800102));
#7048=CARTESIAN_POINT('',(0.0596294132589331,3.51656545831123,10.100050800102));
#7049=CARTESIAN_POINT('',(-0.440370586741067,4.26656545831123,9.600050800102));
#7050=CARTESIAN_POINT('Origin',(0.059629413258933,3.76656545831123,9.600050800102));
#7051=CARTESIAN_POINT('',(-0.440370586741067,3.51656545831123,9.600050800102));
#7052=CARTESIAN_POINT('Origin',(2.80962941325893,3.76656545831123,9.600050800102));
#7053=CARTESIAN_POINT('',(2.55962941325893,3.76656545831123,10.100050800102));
#7054=CARTESIAN_POINT('',(2.80962941325893,3.76656545831123,10.100050800102));
#7055=CARTESIAN_POINT('',(2.05962941325893,4.26656545831123,9.600050800102));
#7056=CARTESIAN_POINT('Origin',(2.55962941325893,3.76656545831123,9.600050800102));
#7057=CARTESIAN_POINT('',(2.80962941325893,4.26656545831123,9.600050800102));
#7058=CARTESIAN_POINT('Origin',(2.55962941325893,4.76656545831123,9.600050800102));
#7059=CARTESIAN_POINT('',(2.55962941325893,6.26656545831123,10.100050800102));
#7060=CARTESIAN_POINT('',(2.55962941325893,4.76656545831123,10.100050800102));
#7061=CARTESIAN_POINT('',(2.05962941325893,6.76656545831123,9.600050800102));
#7062=CARTESIAN_POINT('Origin',(2.55962941325893,6.26656545831123,9.600050800102));
#7063=CARTESIAN_POINT('',(2.05962941325893,4.76656545831123,9.600050800102));
#7064=CARTESIAN_POINT('Origin',(4.30962941325893,6.26656545831123,9.600050800102));
#7065=CARTESIAN_POINT('',(4.55962941325893,6.26656545831123,10.100050800102));
#7066=CARTESIAN_POINT('',(4.30962941325893,6.26656545831123,10.100050800102));
#7067=CARTESIAN_POINT('',(5.05962941325893,6.76656545831123,9.600050800102));
#7068=CARTESIAN_POINT('Origin',(4.55962941325893,6.26656545831123,9.600050800102));
#7069=CARTESIAN_POINT('',(4.30962941325893,6.76656545831123,9.600050800102));
#7070=CARTESIAN_POINT('Origin',(4.55962941325893,3.51656545831123,9.600050800102));
#7071=CARTESIAN_POINT('',(4.55962941325893,3.76656545831123,10.100050800102));
#7072=CARTESIAN_POINT('',(4.55962941325893,3.51656545831123,10.100050800102));
#7073=CARTESIAN_POINT('',(5.05962941325893,4.26656545831123,9.600050800102));
#7074=CARTESIAN_POINT('Origin',(4.55962941325893,3.76656545831123,9.600050800102));
#7075=CARTESIAN_POINT('',(5.05962941325893,3.51656545831123,9.600050800102));
#7076=CARTESIAN_POINT('Origin',(5.55962941325893,3.76656545831123,9.600050800102));
#7077=CARTESIAN_POINT('',(7.55962941325893,4.26656545831123,9.600050800102));
#7078=CARTESIAN_POINT('',(5.55962941325893,4.26656545831123,9.600050800102));
#7079=CARTESIAN_POINT('',(7.05962941325893,3.76656545831123,10.100050800102));
#7080=CARTESIAN_POINT('',(5.55962941325893,3.76656545831123,10.100050800102));
#7081=CARTESIAN_POINT('Origin',(7.05962941325893,3.76656545831123,9.600050800102));
#7082=CARTESIAN_POINT('Origin',(7.05962941325893,2.01656545831123,9.600050800102));
#7083=CARTESIAN_POINT('',(7.55962941325893,1.26656545831123,9.600050800102));
#7084=CARTESIAN_POINT('',(7.55962941325893,2.01656545831123,9.600050800102));
#7085=CARTESIAN_POINT('',(7.05962941325893,1.76656545831123,10.100050800102));
#7086=CARTESIAN_POINT('',(7.05962941325893,2.01656545831123,10.100050800102));
#7087=CARTESIAN_POINT('Origin',(7.05962941325893,1.76656545831123,9.600050800102));
#7088=CARTESIAN_POINT('Origin',(4.30962941325893,1.76656545831123,9.600050800102));
#7089=CARTESIAN_POINT('',(5.05962941325893,1.26656545831123,9.600050800102));
#7090=CARTESIAN_POINT('',(4.30962941325893,1.26656545831123,9.600050800102));
#7091=CARTESIAN_POINT('',(4.55962941325893,1.76656545831123,10.100050800102));
#7092=CARTESIAN_POINT('',(4.30962941325893,1.76656545831123,10.100050800102));
#7093=CARTESIAN_POINT('Origin',(4.55962941325893,1.76656545831123,9.600050800102));
#7094=CARTESIAN_POINT('Origin',(4.55962941325893,0.766565458311229,9.600050800102));
#7095=CARTESIAN_POINT('',(5.05962941325893,-1.23343454168877,9.600050800102));
#7096=CARTESIAN_POINT('',(5.05962941325893,0.766565458311229,9.600050800102));
#7097=CARTESIAN_POINT('',(4.55962941325893,-0.733434541688771,10.100050800102));
#7098=CARTESIAN_POINT('',(4.55962941325893,0.766565458311229,10.100050800102));
#7099=CARTESIAN_POINT('Origin',(4.55962941325893,-0.733434541688771,9.600050800102));
#7100=CARTESIAN_POINT('Origin',(2.80962941325893,-0.733434541688771,9.600050800102));
#7101=CARTESIAN_POINT('',(2.80962941325893,-1.23343454168877,9.600050800102));
#7102=CARTESIAN_POINT('',(2.80962941325893,-0.733434541688771,10.100050800102));
#7103=CARTESIAN_POINT('Origin',(7.55962941325893,4.26656545831123,9.100050800102));
#7104=CARTESIAN_POINT('',(7.55962941325893,4.26656545831123,9.100050800102));
#7105=CARTESIAN_POINT('',(7.55962941325893,4.26656545831123,9.100050800102));
#7106=CARTESIAN_POINT('',(5.05962941325893,4.26656545831123,9.100050800102));
#7107=CARTESIAN_POINT('',(11.133129413259,4.26656545831123,9.100050800102));
#7108=CARTESIAN_POINT('',(5.05962941325893,4.26656545831123,9.100050800102));
#7109=CARTESIAN_POINT('Origin',(7.55962941325893,1.26656545831123,9.100050800102));
#7110=CARTESIAN_POINT('',(7.55962941325893,1.26656545831123,9.100050800102));
#7111=CARTESIAN_POINT('',(7.55962941325893,1.26656545831123,9.100050800102));
#7112=CARTESIAN_POINT('',(7.55962941325893,2.26562969384961,9.100050800102));
#7113=CARTESIAN_POINT('Origin',(5.05962941325893,1.26656545831123,9.100050800102));
#7114=CARTESIAN_POINT('',(5.05962941325893,1.26656545831123,9.100050800102));
#7115=CARTESIAN_POINT('',(5.05962941325893,1.26656545831123,9.100050800102));
#7116=CARTESIAN_POINT('',(9.88312941325898,1.26656545831123,9.100050800102));
#7117=CARTESIAN_POINT('Origin',(5.05962941325893,-1.23343454168877,9.100050800102));
#7118=CARTESIAN_POINT('',(5.05962941325893,-1.23343454168877,9.100050800102));
#7119=CARTESIAN_POINT('',(5.05962941325893,-1.23343454168877,9.100050800102));
#7120=CARTESIAN_POINT('',(5.05962941325893,1.01562969384961,9.100050800102));
#7121=CARTESIAN_POINT('Origin',(2.05962941325893,-1.23343454168877,9.100050800102));
#7122=CARTESIAN_POINT('',(2.05962941325893,-1.23343454168877,9.100050800102));
#7123=CARTESIAN_POINT('',(2.05962941325893,-1.23343454168877,9.100050800102));
#7124=CARTESIAN_POINT('',(8.38312941325898,-1.23343454168877,9.100050800102));
#7125=CARTESIAN_POINT('Origin',(2.05962941325893,1.26656545831123,9.100050800102));
#7126=CARTESIAN_POINT('',(2.05962941325893,1.26656545831123,9.100050800102));
#7127=CARTESIAN_POINT('',(2.05962941325893,1.26656545831123,9.100050800102));
#7128=CARTESIAN_POINT('',(2.05962941325893,2.26562969384962,9.100050800102));
#7129=CARTESIAN_POINT('Origin',(3.55962941325893,2.76656545831123,10.100050800102));
#7130=CARTESIAN_POINT('Origin',(28.4006294132551,4.46843698680394,9.600050800102));
#7131=CARTESIAN_POINT('',(26.9006294132551,4.46843698680394,10.100050800102));
#7132=CARTESIAN_POINT('Origin',(28.4006294132551,4.46843698680394,10.100050800102));
#7133=CARTESIAN_POINT('',(26.4006294132551,4.46843698680394,9.600050800102));
#7134=CARTESIAN_POINT('Origin',(26.9006294132551,4.46843698680394,9.600050800102));
#7135=CARTESIAN_POINT('',(30.4006294132551,4.46843698680394,9.600050800102));
#7136=CARTESIAN_POINT('Origin',(28.4006294132551,4.46843698680394,9.600050800102));
#7137=CARTESIAN_POINT('Origin',(28.4006294132551,4.46843698680394,9.600050800102));
#7138=CARTESIAN_POINT('Origin',(28.4006294132551,4.46843698680394,9.100050800102));
#7139=CARTESIAN_POINT('',(30.4006294132551,4.46843698680394,9.100050800102));
#7140=CARTESIAN_POINT('',(30.4006294132551,4.46843698680394,9.100050800102));
#7141=CARTESIAN_POINT('Origin',(28.4006294132551,4.46843698680394,9.100050800102));
#7142=CARTESIAN_POINT('Origin',(28.4006294132551,4.46843698680394,10.100050800102));
#7143=CARTESIAN_POINT('Origin',(23.4006294132588,0.468436986804501,9.600050800102));
#7144=CARTESIAN_POINT('',(21.9006294132588,0.468436986804501,10.100050800102));
#7145=CARTESIAN_POINT('Origin',(23.4006294132588,0.468436986804501,10.100050800102));
#7146=CARTESIAN_POINT('',(21.4006294132588,0.468436986804501,9.600050800102));
#7147=CARTESIAN_POINT('Origin',(21.9006294132588,0.468436986804501,9.600050800102));
#7148=CARTESIAN_POINT('',(25.4006294132588,0.468436986804501,9.600050800102));
#7149=CARTESIAN_POINT('Origin',(23.4006294132588,0.468436986804501,9.600050800102));
#7150=CARTESIAN_POINT('Origin',(23.4006294132588,0.468436986804501,9.600050800102));
#7151=CARTESIAN_POINT('Origin',(23.4006294132588,0.468436986804501,9.100050800102));
#7152=CARTESIAN_POINT('',(25.4006294132588,0.468436986804501,9.100050800102));
#7153=CARTESIAN_POINT('',(25.4006294132588,0.468436986804501,9.100050800102));
#7154=CARTESIAN_POINT('Origin',(23.4006294132588,0.468436986804501,9.100050800102));
#7155=CARTESIAN_POINT('Origin',(23.4006294132588,0.468436986804501,10.100050800102));
#7156=CARTESIAN_POINT('Origin',(-0.440370586741066,1.26656545831123,9.100050800102));
#7157=CARTESIAN_POINT('',(-0.440370586741066,1.26656545831123,9.100050800102));
#7158=CARTESIAN_POINT('',(-0.440370586741066,1.26656545831123,9.100050800102));
#7159=CARTESIAN_POINT('',(7.13312941325898,1.26656545831123,9.100050800102));
#7160=CARTESIAN_POINT('Origin',(-0.440370586741067,4.26656545831123,9.100050800102));
#7161=CARTESIAN_POINT('',(-0.440370586741067,4.26656545831123,9.100050800102));
#7162=CARTESIAN_POINT('',(-0.440370586741067,4.26656545831123,9.100050800102));
#7163=CARTESIAN_POINT('',(-0.440370586741068,3.76562969384961,9.100050800102));
#7164=CARTESIAN_POINT('Origin',(2.05962941325893,4.26656545831123,9.100050800102));
#7165=CARTESIAN_POINT('',(2.05962941325893,4.26656545831123,9.100050800102));
#7166=CARTESIAN_POINT('',(2.05962941325893,4.26656545831123,9.100050800102));
#7167=CARTESIAN_POINT('',(8.38312941325898,4.26656545831123,9.100050800102));
#7168=CARTESIAN_POINT('Origin',(2.05962941325893,6.76656545831123,9.100050800102));
#7169=CARTESIAN_POINT('',(2.05962941325893,6.76656545831123,9.100050800102));
#7170=CARTESIAN_POINT('',(2.05962941325893,6.76656545831123,9.100050800102));
#7171=CARTESIAN_POINT('',(2.05962941325893,5.01562969384962,9.100050800102));
#7172=CARTESIAN_POINT('Origin',(5.05962941325893,6.76656545831123,9.100050800102));
#7173=CARTESIAN_POINT('',(5.05962941325893,6.76656545831123,9.100050800102));
#7174=CARTESIAN_POINT('',(5.05962941325893,6.76656545831123,9.100050800102));
#7175=CARTESIAN_POINT('',(9.88312941325898,6.76656545831123,9.100050800102));
#7176=CARTESIAN_POINT('Origin',(5.05962941325893,4.26656545831123,9.100050800102));
#7177=CARTESIAN_POINT('',(5.05962941325893,3.76562969384961,9.100050800102));
#7178=CARTESIAN_POINT('Ctrl Pts',(30.9006294132588,40.5795345440693,5.08001019991489E-5));
#7179=CARTESIAN_POINT('Ctrl Pts',(30.9006294132588,40.5795345440693,0.448849750614827));
#7180=CARTESIAN_POINT('Ctrl Pts',(30.5769355784508,40.5795345440693,1.11163442494415));
#7181=CARTESIAN_POINT('Ctrl Pts',(29.5371843689318,40.5795345440693,1.61582080920232));
#7182=CARTESIAN_POINT('Ctrl Pts',(28.333417506417,40.5795345440693,1.34315962794716));
#7183=CARTESIAN_POINT('Ctrl Pts',(27.9006294132588,40.5795345440693,0.448849750614827));
#7184=CARTESIAN_POINT('Ctrl Pts',(27.9006294132588,40.5795345440693,5.08001019994264E-5));
#7185=CARTESIAN_POINT('Ctrl Pts',(30.7547960799255,40.4141750871278,5.08001019992931E-5));
#7186=CARTESIAN_POINT('Ctrl Pts',(30.7547960799255,40.4141750871278,0.405216519314968));
#7187=CARTESIAN_POINT('Ctrl Pts',(30.4542317579735,40.4132200865809,1.00011423392422));
#7188=CARTESIAN_POINT('Ctrl Pts',(29.5192323410119,40.412749859081,1.43652084194012));
#7189=CARTESIAN_POINT('Ctrl Pts',(28.4563998671272,40.4130528806232,1.18481051481201));
#7190=CARTESIAN_POINT('Ctrl Pts',(28.0777127465922,40.4131937167498,0.395866541179285));
#7191=CARTESIAN_POINT('Ctrl Pts',(28.0777127465922,40.4131937167498,5.08001019994472E-5));
#7192=CARTESIAN_POINT('Ctrl Pts',(30.6089627465922,40.2488156301862,5.08001019994373E-5));
#7193=CARTESIAN_POINT('Ctrl Pts',(30.6089627465922,40.2488156301862,0.361583288015111));
#7194=CARTESIAN_POINT('Ctrl Pts',(30.3315279374961,40.2469056290924,0.888594042904292));
#7195=CARTESIAN_POINT('Ctrl Pts',(29.501280313092,40.2459651740926,1.25722087467791));
#7196=CARTESIAN_POINT('Ctrl Pts',(28.5793822278373,40.2465712171771,1.02646140167687));
#7197=CARTESIAN_POINT('Ctrl Pts',(28.2547960799255,40.2468528894303,0.342883331743742));
#7198=CARTESIAN_POINT('Ctrl Pts',(28.2547960799255,40.2468528894303,5.08001019994681E-5));
#7199=CARTESIAN_POINT('Ctrl Pts',(30.4631294132588,40.0834561732447,5.08001019995815E-5));
#7200=CARTESIAN_POINT('Ctrl Pts',(30.4631294132588,40.0834561732447,0.317950056715253));
#7201=CARTESIAN_POINT('Ctrl Pts',(30.2088241170188,40.0805911716039,0.777073851884364));
#7202=CARTESIAN_POINT('Ctrl Pts',(29.4833282851721,40.0791804891042,1.07792090741571));
#7203=CARTESIAN_POINT('Ctrl Pts',(28.7023645885475,40.0800895537309,0.868112288541719));
#7204=CARTESIAN_POINT('Ctrl Pts',(28.4318794132588,40.0805120621108,0.2899001223082));
#7205=CARTESIAN_POINT('Ctrl Pts',(28.4318794132588,40.0805120621108,5.08001019994889E-5));
#7206=CARTESIAN_POINT('',(28.4318794132588,40.0805120621108,5.0800101999704E-5));
#7207=CARTESIAN_POINT('',(27.9006294132588,40.5795345440693,5.0800101999704E-5));
#7208=CARTESIAN_POINT('Ctrl Pts',(28.4318794132588,40.0805120621108,5.08001019994889E-5));
#7209=CARTESIAN_POINT('Ctrl Pts',(28.3433377465922,40.1636824757706,5.08001019994889E-5));
#7210=CARTESIAN_POINT('Ctrl Pts',(28.2547960799255,40.2468528894303,5.0800101999704E-5));
#7211=CARTESIAN_POINT('Ctrl Pts',(28.0777127465922,40.4131937167498,5.0800101999704E-5));
#7212=CARTESIAN_POINT('Ctrl Pts',(27.9891710799255,40.4963641304096,5.08001019994264E-5));
#7213=CARTESIAN_POINT('Ctrl Pts',(27.9006294132588,40.5795345440693,5.08001019994264E-5));
#7214=CARTESIAN_POINT('',(30.9006294132588,40.5795345440693,5.08001019994264E-5));
#7215=CARTESIAN_POINT('Ctrl Pts',(27.9006294132588,40.5795345440693,5.08001019998428E-5));
#7216=CARTESIAN_POINT('Ctrl Pts',(27.9006294132588,40.5795345440693,0.448849750614827));
#7217=CARTESIAN_POINT('Ctrl Pts',(28.1170234598379,40.5795345440693,0.896004689280993));
#7218=CARTESIAN_POINT('Ctrl Pts',(28.4659738556304,40.5795345440693,1.17411439486511));
#7219=CARTESIAN_POINT('Ctrl Pts',(28.8149242514229,40.5795345440693,1.45222410044922));
#7220=CARTESIAN_POINT('Ctrl Pts',(29.2964309964288,40.5795345440693,1.56128857295129));
#7221=CARTESIAN_POINT('Ctrl Pts',(29.7342002339692,40.5795345440693,1.4631936946498));
#7222=CARTESIAN_POINT('Ctrl Pts',(29.9530848527394,40.5795345440693,1.41414625549905));
#7223=CARTESIAN_POINT('Ctrl Pts',(30.1610350946432,40.5795345440693,1.31330897864742));
#7224=CARTESIAN_POINT('Ctrl Pts',(30.3356345708911,40.5795345440693,1.17244138582085));
#7225=CARTESIAN_POINT('Ctrl Pts',(30.6848335233868,40.5795345440693,0.890706200167707));
#7226=CARTESIAN_POINT('Ctrl Pts',(30.9006294132588,40.5795345440693,0.448849750614827));
#7227=CARTESIAN_POINT('Ctrl Pts',(30.9006294132588,40.5795345440693,5.08001019991489E-5));
#7228=CARTESIAN_POINT('',(30.4631294132588,40.0834561732447,5.08001019996427E-5));
#7229=CARTESIAN_POINT('Ctrl Pts',(30.9006294132588,40.5795345440693,5.08001019999815E-5));
#7230=CARTESIAN_POINT('Ctrl Pts',(30.8277127465922,40.4968548155986,5.08001019999815E-5));
#7231=CARTESIAN_POINT('Ctrl Pts',(30.7547960799255,40.4141750871278,5.0800102000126E-5));
#7232=CARTESIAN_POINT('Ctrl Pts',(30.6089627465922,40.2488156301862,5.0800102000126E-5));
#7233=CARTESIAN_POINT('Ctrl Pts',(30.5360460799255,40.1661359017155,5.08001019995815E-5));
#7234=CARTESIAN_POINT('Ctrl Pts',(30.4631294132588,40.0834561732447,5.08001019995815E-5));
#7235=CARTESIAN_POINT('Ctrl Pts',(30.4631294132588,40.0834561732447,5.08001019995815E-5));
#7236=CARTESIAN_POINT('Ctrl Pts',(30.4631294132588,40.0834561732447,0.317950056715253));
#7237=CARTESIAN_POINT('Ctrl Pts',(30.2088241170188,40.0805911716039,0.777073851884364));
#7238=CARTESIAN_POINT('Ctrl Pts',(29.4833282851721,40.0791804891042,1.07792090741571));
#7239=CARTESIAN_POINT('Ctrl Pts',(28.7023645885475,40.0800895537309,0.868112288541719));
#7240=CARTESIAN_POINT('Ctrl Pts',(28.4318794132588,40.0805120621108,0.2899001223082));
#7241=CARTESIAN_POINT('Ctrl Pts',(28.4318794132588,40.0805120621108,5.08001019994889E-5));
#7242=CARTESIAN_POINT('Origin',(32.4006294132588,40.5795345440693,1.600050800102));
#7243=CARTESIAN_POINT('',(-2.98737058674116,40.5795345440693,5.0800101999704E-5));
#7244=CARTESIAN_POINT('',(-2.98737058674116,40.5795345440693,5.0800101999704E-5));
#7245=CARTESIAN_POINT('',(-2.98737058674116,40.5795345440693,9.100050800102));
#7246=CARTESIAN_POINT('',(-2.98737058674116,40.5795345440693,1.600050800102));
#7247=CARTESIAN_POINT('',(32.4006294132588,40.5795345440693,9.100050800102));
#7248=CARTESIAN_POINT('',(23.5536294132589,40.5795345440693,9.100050800102));
#7249=CARTESIAN_POINT('',(32.4006294132588,40.5795345440693,5.0800101999704E-5));
#7250=CARTESIAN_POINT('',(32.4006294132588,40.5795345440693,1.600050800102));
#7251=CARTESIAN_POINT('',(-2.98737058674116,40.5795345440693,5.0800101999704E-5));
#7252=CARTESIAN_POINT('Origin',(14.7066294132588,17.2720345440693,5.0800101999704E-5));
#7253=CARTESIAN_POINT('',(31.9016069313004,36.6107845440693,5.0800101999704E-5));
#7254=CARTESIAN_POINT('Origin',(32.4006294132588,40.5795345440693,5.0800101999704E-5));
#7255=CARTESIAN_POINT('',(32.4006294132588,36.0795345440693,5.0800101999704E-5));
#7256=CARTESIAN_POINT('Ctrl Pts',(32.4006294132588,36.0795345440693,5.0800101999704E-5));
#7257=CARTESIAN_POINT('Ctrl Pts',(32.3174589995991,36.168076210736,5.0800101999704E-5));
#7258=CARTESIAN_POINT('Ctrl Pts',(32.2342885859393,36.2566178774027,5.0800101999704E-5));
#7259=CARTESIAN_POINT('Ctrl Pts',(32.0679477586199,36.433701210736,5.0800101999704E-5));
#7260=CARTESIAN_POINT('Ctrl Pts',(31.9847773449601,36.5222428774027,5.0800101999704E-5));
#7261=CARTESIAN_POINT('Ctrl Pts',(31.9016069313004,36.6107845440693,5.0800101999704E-5));
#7262=CARTESIAN_POINT('',(32.4006294132588,-5.03546545593069,5.0800101999704E-5));
#7263=CARTESIAN_POINT('',(32.4006294132588,40.5795345440693,5.0800101999704E-5));
#7264=CARTESIAN_POINT('',(16.4006294132588,-6.03546545593069,5.0800101999704E-5));
#7265=CARTESIAN_POINT('',(20.282450424932,-5.79285164270111,5.0800101999704E-5));
#7266=CARTESIAN_POINT('',(13.0126294132588,-6.03546545593069,5.0800101999704E-5));
#7267=CARTESIAN_POINT('',(32.4006294132588,-6.03546545593069,5.0800101999704E-5));
#7268=CARTESIAN_POINT('',(-2.98737058674116,-5.03546545593069,5.0800101999704E-5));
#7269=CARTESIAN_POINT('',(9.13080840158569,-5.79285164270111,5.0800101999704E-5));
#7270=CARTESIAN_POINT('',(-2.98737058674116,-6.03546545593069,5.0800101999704E-5));
#7271=CARTESIAN_POINT('',(0.0127000254000498,-3.035306070612,5.0800101999704E-5));
#7272=CARTESIAN_POINT('',(29.400558801118,-3.035306070612,5.0800101999704E-5));
#7273=CARTESIAN_POINT('',(29.400558801118,-3.035306070612,5.0800101999704E-5));
#7274=CARTESIAN_POINT('',(29.400558801118,37.57937515875,5.0800101999704E-5));
#7275=CARTESIAN_POINT('',(29.400558801118,37.57937515875,5.0800101999704E-5));
#7276=CARTESIAN_POINT('',(0.0127000254000498,37.57937515875,5.0800101999704E-5));
#7277=CARTESIAN_POINT('',(0.0127000254000498,37.57937515875,5.0800101999704E-5));
#7278=CARTESIAN_POINT('',(0.0127000254000498,-3.035306070612,5.0800101999704E-5));
#7279=CARTESIAN_POINT('Ctrl Pts',(32.4006294132588,36.0795345440693,5.0800101999704E-5));
#7280=CARTESIAN_POINT('Ctrl Pts',(32.4006294132588,36.0795345440693,0.448849750614826));
#7281=CARTESIAN_POINT('Ctrl Pts',(32.4006294132588,36.4032283788774,1.11163442494415));
#7282=CARTESIAN_POINT('Ctrl Pts',(32.4006294132588,37.4429795883964,1.61582080920232));
#7283=CARTESIAN_POINT('Ctrl Pts',(32.4006294132588,38.6467464509112,1.34315962794716));
#7284=CARTESIAN_POINT('Ctrl Pts',(32.4006294132588,39.0795345440693,0.448849750614825));
#7285=CARTESIAN_POINT('Ctrl Pts',(32.4006294132588,39.0795345440693,5.08001019985937E-5));
#7286=CARTESIAN_POINT('Ctrl Pts',(32.2342885859393,36.2566178774027,5.0800101999704E-5));
#7287=CARTESIAN_POINT('Ctrl Pts',(32.2342885859393,36.2566178774027,0.395866541179284));
#7288=CARTESIAN_POINT('Ctrl Pts',(32.2341803800633,36.5401917693599,0.980900303376697));
#7289=CARTESIAN_POINT('Ctrl Pts',(32.23391381284,37.4561747487701,1.43310581790129));
#7290=CARTESIAN_POINT('Ctrl Pts',(32.2339872475152,38.5310360577417,1.20684317558676));
#7291=CARTESIAN_POINT('Ctrl Pts',(32.2352699563173,38.933701210736,0.405216519314967));
#7292=CARTESIAN_POINT('Ctrl Pts',(32.2352699563173,38.933701210736,5.08001019986269E-5));
#7293=CARTESIAN_POINT('Ctrl Pts',(32.0679477586199,36.433701210736,5.0800101999704E-5));
#7294=CARTESIAN_POINT('Ctrl Pts',(32.0679477586199,36.433701210736,0.342883331743743));
#7295=CARTESIAN_POINT('Ctrl Pts',(32.0677313468677,36.6771551598425,0.850166181809246));
#7296=CARTESIAN_POINT('Ctrl Pts',(32.0671982124211,37.4693699091438,1.25039082660025));
#7297=CARTESIAN_POINT('Ctrl Pts',(32.0673450817715,38.4153256645722,1.07052672322636));
#7298=CARTESIAN_POINT('Ctrl Pts',(32.0699104993758,38.7878678774027,0.36158328801511));
#7299=CARTESIAN_POINT('Ctrl Pts',(32.0699104993758,38.7878678774027,5.08001019986601E-5));
#7300=CARTESIAN_POINT('Ctrl Pts',(31.9016069313004,36.6107845440693,5.0800101999704E-5));
#7301=CARTESIAN_POINT('Ctrl Pts',(31.9016069313004,36.6107845440693,0.2899001223082));
#7302=CARTESIAN_POINT('Ctrl Pts',(31.9012823136722,36.8141185503251,0.719432060241796));
#7303=CARTESIAN_POINT('Ctrl Pts',(31.9004826120022,37.4825650695176,1.06767583529921));
#7304=CARTESIAN_POINT('Ctrl Pts',(31.9007029160278,38.2996152714027,0.934210270865968));
#7305=CARTESIAN_POINT('Ctrl Pts',(31.9045510424342,38.6420345440693,0.317950056715252));
#7306=CARTESIAN_POINT('Ctrl Pts',(31.9045510424342,38.6420345440693,5.08001019986933E-5));
#7307=CARTESIAN_POINT('',(31.9045510424342,38.6420345440693,5.08001019996427E-5));
#7308=CARTESIAN_POINT('',(32.4006294132588,39.0795345440693,5.08001019994264E-5));
#7309=CARTESIAN_POINT('Ctrl Pts',(31.9045510424342,38.6420345440693,5.08001020002705E-5));
#7310=CARTESIAN_POINT('Ctrl Pts',(31.987230770905,38.714951210736,5.08001020002705E-5));
#7311=CARTESIAN_POINT('Ctrl Pts',(32.0699104993758,38.7878678774027,5.0800102000126E-5));
#7312=CARTESIAN_POINT('Ctrl Pts',(32.2352699563173,38.933701210736,5.0800102000126E-5));
#7313=CARTESIAN_POINT('Ctrl Pts',(32.3179496847881,39.0066178774026,5.08001019999815E-5));
#7314=CARTESIAN_POINT('Ctrl Pts',(32.4006294132588,39.0795345440693,5.08001019999815E-5));
#7315=CARTESIAN_POINT('Ctrl Pts',(32.4006294132588,39.0795345440693,5.08001019992876E-5));
#7316=CARTESIAN_POINT('Ctrl Pts',(32.4006294132588,39.0795345440693,0.448849750614825));
#7317=CARTESIAN_POINT('Ctrl Pts',(32.4006294132588,38.8631404974902,0.896004689280991));
#7318=CARTESIAN_POINT('Ctrl Pts',(32.4006294132588,38.5141901016977,1.17411439486511));
#7319=CARTESIAN_POINT('Ctrl Pts',(32.4006294132588,38.1652397059052,1.45222410044922));
#7320=CARTESIAN_POINT('Ctrl Pts',(32.4006294132588,37.6837329608993,1.56128857295129));
#7321=CARTESIAN_POINT('Ctrl Pts',(32.4006294132588,37.245963723359,1.4631936946498));
#7322=CARTESIAN_POINT('Ctrl Pts',(32.4006294132588,37.0270791045888,1.41414625549905));
#7323=CARTESIAN_POINT('Ctrl Pts',(32.4006294132588,36.819128862685,1.31330897864742));
#7324=CARTESIAN_POINT('Ctrl Pts',(32.4006294132588,36.6445293864371,1.17244138582085));
#7325=CARTESIAN_POINT('Ctrl Pts',(32.4006294132588,36.2953304339414,0.890706200167706));
#7326=CARTESIAN_POINT('Ctrl Pts',(32.4006294132588,36.0795345440693,0.448849750614826));
#7327=CARTESIAN_POINT('Ctrl Pts',(32.4006294132588,36.0795345440693,5.0800101999704E-5));
#7328=CARTESIAN_POINT('Ctrl Pts',(31.9016069313004,36.6107845440693,5.0800101999704E-5));
#7329=CARTESIAN_POINT('Ctrl Pts',(31.9016069313004,36.6107845440693,0.2899001223082));
#7330=CARTESIAN_POINT('Ctrl Pts',(31.9012823136722,36.8141185503251,0.719432060241796));
#7331=CARTESIAN_POINT('Ctrl Pts',(31.9004826120022,37.4825650695176,1.06767583529921));
#7332=CARTESIAN_POINT('Ctrl Pts',(31.9007029160278,38.2996152714027,0.934210270865968));
#7333=CARTESIAN_POINT('Ctrl Pts',(31.9045510424342,38.6420345440693,0.317950056715252));
#7334=CARTESIAN_POINT('Ctrl Pts',(31.9045510424342,38.6420345440693,5.08001019986933E-5));
#7335=CARTESIAN_POINT('Origin',(32.4006294132588,-6.03546545593068,1.600050800102));
#7336=CARTESIAN_POINT('',(32.4006294132588,40.5795345440693,5.0800101999704E-5));
#7337=CARTESIAN_POINT('',(32.4006294132588,-3.0315630131955,9.100050800102));
#7338=CARTESIAN_POINT('',(32.4006294132588,40.5795345440693,9.100050800102));
#7339=CARTESIAN_POINT('',(32.4006294132588,-5.03546545593069,6.100050800102));
#7340=CARTESIAN_POINT('',(32.4006294132588,-5.84963125104035,4.88118039341935));
#7341=CARTESIAN_POINT('',(32.4006294132588,-5.03546545593069,1.600050800102));
#7342=CARTESIAN_POINT('',(32.4006294132588,26.8295345440693,6.90005080010201));
#7343=CARTESIAN_POINT('',(32.4006294132588,21.3295345440693,6.90005080010201));
#7344=CARTESIAN_POINT('',(32.4006294132588,7.64703454406932,6.900050800102));
#7345=CARTESIAN_POINT('',(32.4006294132588,26.8295345440693,0.400050800102006));
#7346=CARTESIAN_POINT('Origin',(32.4006294132588,26.8295345440693,3.65005080010201));
#7347=CARTESIAN_POINT('',(32.4006294132588,21.3295345440693,0.400050800102005));
#7348=CARTESIAN_POINT('',(32.4006294132588,10.3970345440693,0.400050800102005));
#7349=CARTESIAN_POINT('Origin',(32.4006294132588,21.3295345440693,3.650050800102));
#7350=CARTESIAN_POINT('Origin',(32.4006294132588,40.5795345440693,5.0800101999704E-5));
#7351=CARTESIAN_POINT('Origin',(32.4006294132588,40.5795345440693,5.0800101999704E-5));
#7352=CARTESIAN_POINT('Origin',(14.7066294132588,17.2720345440693,5.0800101999704E-5));
#7353=CARTESIAN_POINT('Origin',(31.6506294132588,7.64703454406932,6.150050800102));
#7354=CARTESIAN_POINT('',(30.9006294132588,26.8295345440693,5.40005080010201));
#7355=CARTESIAN_POINT('',(30.9006294132588,26.8295345440693,5.40005080010201));
#7356=CARTESIAN_POINT('',(30.9006294132588,21.3295345440693,5.40005080010201));
#7357=CARTESIAN_POINT('',(32.4006294132588,21.3295345440693,6.90005080010201));
#7358=CARTESIAN_POINT('',(30.9006294132588,7.64703454406932,5.400050800102));
#7359=CARTESIAN_POINT('Origin',(31.6506294132588,26.8295345440693,3.65005080010201));
#7360=CARTESIAN_POINT('',(30.9006294132588,26.8295345440693,1.900050800102));
#7361=CARTESIAN_POINT('',(30.9006294132588,26.8295345440693,1.900050800102));
#7362=CARTESIAN_POINT('Origin',(30.9006294132588,26.8295345440693,3.65005080010201));
#7363=CARTESIAN_POINT('Origin',(31.6506294132588,10.3970345440693,1.150050800102));
#7364=CARTESIAN_POINT('',(30.9006294132588,21.3295345440693,1.900050800102));
#7365=CARTESIAN_POINT('',(30.9006294132588,21.3295345440693,1.900050800102));
#7366=CARTESIAN_POINT('',(30.9006294132588,10.3970345440693,1.900050800102));
#7367=CARTESIAN_POINT('Origin',(31.6506294132588,21.3295345440693,3.650050800102));
#7368=CARTESIAN_POINT('Origin',(30.9006294132588,21.3295345440693,3.650050800102));
#7369=CARTESIAN_POINT('Origin',(32.4006294132588,26.8295345440693,3.65005080010201));
#7370=CARTESIAN_POINT('',(29.400558801118,26.8295345440693,5.40005080010201));
#7371=CARTESIAN_POINT('',(32.4006294132588,26.8295345440693,5.40005080010201));
#7372=CARTESIAN_POINT('',(29.400558801118,26.8295345440693,1.900050800102));
#7373=CARTESIAN_POINT('Origin',(29.400558801118,26.8295345440693,3.65005080010201));
#7374=CARTESIAN_POINT('',(32.4006294132588,26.8295345440693,1.900050800102));
#7375=CARTESIAN_POINT('Origin',(32.4006294132588,21.3295345440693,5.40005080010201));
#7376=CARTESIAN_POINT('',(29.400558801118,21.3295345440693,5.40005080010201));
#7377=CARTESIAN_POINT('',(32.4006294132588,21.3295345440693,5.40005080010201));
#7378=CARTESIAN_POINT('',(29.400558801118,29.4544548514097,5.40005080010201));
#7379=CARTESIAN_POINT('Origin',(32.4006294132588,21.3295345440693,3.650050800102));
#7380=CARTESIAN_POINT('',(29.400558801118,21.3295345440693,1.900050800102));
#7381=CARTESIAN_POINT('',(32.4006294132588,21.3295345440693,1.900050800102));
#7382=CARTESIAN_POINT('Origin',(29.400558801118,21.3295345440693,3.650050800102));
#7383=CARTESIAN_POINT('Origin',(32.4006294132588,26.8295345440693,1.900050800102));
#7384=CARTESIAN_POINT('',(29.400558801118,32.2044548514097,1.900050800102));
#7385=CARTESIAN_POINT('Origin',(27.206629413259,27.70437515875,11.350050800102));
#7386=CARTESIAN_POINT('',(27.456629413259,17.82937515875,11.600050800102));
#7387=CARTESIAN_POINT('',(27.456629413259,32.32937515875,11.600050800102));
#7388=CARTESIAN_POINT('',(27.456629413259,27.70437515875,11.600050800102));
#7389=CARTESIAN_POINT('',(26.956629413259,31.82937515875,11.100050800102));
#7390=CARTESIAN_POINT('',(27.456629413259,32.32937515875,11.600050800102));
#7391=CARTESIAN_POINT('',(26.956629413259,18.32937515875,11.100050800102));
#7392=CARTESIAN_POINT('',(26.956629413259,27.70437515875,11.100050800102));
#7393=CARTESIAN_POINT('',(27.456629413259,17.82937515875,11.600050800102));
#7394=CARTESIAN_POINT('Origin',(8.58162941325903,32.07937515875,11.350050800102));
#7395=CARTESIAN_POINT('',(1.95662941325903,32.32937515875,11.600050800102));
#7396=CARTESIAN_POINT('',(8.58162941325903,32.32937515875,11.600050800102));
#7397=CARTESIAN_POINT('',(2.45662941325903,31.82937515875,11.100050800102));
#7398=CARTESIAN_POINT('',(1.95662941325903,32.32937515875,11.600050800102));
#7399=CARTESIAN_POINT('',(8.58162941325903,31.82937515875,11.100050800102));
#7400=CARTESIAN_POINT('Origin',(2.20662941325903,20.95437515875,11.350050800102));
#7401=CARTESIAN_POINT('',(1.95662941325903,17.82937515875,11.600050800102));
#7402=CARTESIAN_POINT('',(1.95662941325903,20.95437515875,11.600050800102));
#7403=CARTESIAN_POINT('',(2.45662941325903,18.32937515875,11.100050800102));
#7404=CARTESIAN_POINT('',(1.95662941325903,17.82937515875,11.600050800102));
#7405=CARTESIAN_POINT('',(2.45662941325903,20.95437515875,11.100050800102));
#7406=CARTESIAN_POINT('Origin',(20.831629413259,18.07937515875,11.350050800102));
#7407=CARTESIAN_POINT('',(20.831629413259,18.32937515875,11.100050800102));
#7408=CARTESIAN_POINT('',(20.831629413259,17.82937515875,11.600050800102));
#7409=CARTESIAN_POINT('Origin',(26.956629413259,18.32937515875,10.100050800102));
#7410=CARTESIAN_POINT('',(26.956629413259,18.32937515875,10.100050800102));
#7411=CARTESIAN_POINT('',(26.956629413259,18.32937515875,10.100050800102));
#7412=CARTESIAN_POINT('',(2.45662941325903,18.32937515875,10.100050800102));
#7413=CARTESIAN_POINT('',(26.956629413259,18.32937515875,10.100050800102));
#7414=CARTESIAN_POINT('',(2.45662941325903,18.32937515875,10.100050800102));
#7415=CARTESIAN_POINT('Origin',(26.956629413259,31.82937515875,10.100050800102));
#7416=CARTESIAN_POINT('',(26.956629413259,31.82937515875,10.100050800102));
#7417=CARTESIAN_POINT('',(26.956629413259,31.82937515875,10.100050800102));
#7418=CARTESIAN_POINT('',(26.956629413259,15.32937515875,10.100050800102));
#7419=CARTESIAN_POINT('Origin',(14.706629413259,23.57937515875,11.600050800102));
#7420=CARTESIAN_POINT('',(-1.98730350345856,12.064693929388,11.600050800102));
#7421=CARTESIAN_POINT('',(-1.98736352901564,37.5795345440693,11.600050800102));
#7422=CARTESIAN_POINT('',(-1.98735058962634,32.0794363908065,11.600050800102));
#7423=CARTESIAN_POINT('',(31.4005623133602,12.064693929388,11.600050800102));
#7424=CARTESIAN_POINT('',(5.85966471932954,12.064693929388,11.600050800102));
#7425=CARTESIAN_POINT('',(31.4006223537852,37.5795345440693,11.600050800102));
#7426=CARTESIAN_POINT('',(31.4005740963752,17.0720160788934,11.600050800102));
#7427=CARTESIAN_POINT('',(23.5536294132589,37.5795345440693,11.600050800102));
#7428=CARTESIAN_POINT('Origin',(19.7840459717829,-4.82205069965534,7.600050800102));
#7429=CARTESIAN_POINT('',(14.7066294132588,-6.03546545593069,6.25855402522232));
#7430=CARTESIAN_POINT('',(16.4006294132588,-6.03546545593069,6.100050800102));
#7431=CARTESIAN_POINT('',(8.60692168612125,-6.03546545593069,6.82928799632185));
#7432=CARTESIAN_POINT('',(19.8464242579381,-5.82010327813823,6.100050800102));
#7433=CARTESIAN_POINT('',(14.7066294132588,-4.13743801319551,9.100050800102));
#7434=CARTESIAN_POINT('',(19.7216676856278,-3.82399812117245,9.100050800102));
#7435=CARTESIAN_POINT('',(14.7066294132588,-5.04148286785086,7.74662435272256));
#7436=CARTESIAN_POINT('Origin',(14.706629413259,3.264693929388,9.100050800102));
#7437=CARTESIAN_POINT('',(32.4005587836276,10.564693929388,9.100050800102));
#7438=CARTESIAN_POINT('',(32.4005501945556,6.91467311111163,9.100050800102));
#7439=CARTESIAN_POINT('',(32.4005587836276,8.564693929388,9.100050800102));
#7440=CARTESIAN_POINT('',(32.4005587836276,5.91469392938802,9.100050800102));
#7441=CARTESIAN_POINT('',(-2.98729997459995,8.564693929388,9.100050800102));
#7442=CARTESIAN_POINT('',(5.85966471932954,8.564693929388,9.100050800102));
#7443=CARTESIAN_POINT('',(-2.98729997459995,10.564693929388,9.100050800102));
#7444=CARTESIAN_POINT('',(-2.98729997459995,6.914693929388,9.100050800102));
#7445=CARTESIAN_POINT('',(-2.98732669372557,21.9220934236075,9.100050800102));
#7446=CARTESIAN_POINT('',(-2.98737058674116,-3.03156301319551,9.100050800102));
#7447=CARTESIAN_POINT('',(-2.98737058674116,-6.03546545593069,9.100050800102));
#7448=CARTESIAN_POINT('',(9.69159114089011,-3.82399812117246,9.100050800102));
#7449=CARTESIAN_POINT('',(19.306629413259,7.414693929388,9.100050800102));
#7450=CARTESIAN_POINT('',(19.306629413259,0.714693929388003,9.100050800102));
#7451=CARTESIAN_POINT('',(19.306629413259,0.714693929388003,9.100050800102));
#7452=CARTESIAN_POINT('',(10.106629413259,0.714693929388003,9.100050800102));
#7453=CARTESIAN_POINT('',(10.106629413259,0.714693929388003,9.100050800102));
#7454=CARTESIAN_POINT('',(10.106629413259,7.414693929388,9.100050800102));
#7455=CARTESIAN_POINT('',(10.106629413259,7.414693929388,9.100050800102));
#7456=CARTESIAN_POINT('',(19.306629413259,7.414693929388,9.100050800102));
#7457=CARTESIAN_POINT('Origin',(24.4006294132588,-5.53546545593069,1.600050800102));
#7458=CARTESIAN_POINT('',(16.4006294132588,-6.03546545593069,1.600050800102));
#7459=CARTESIAN_POINT('Origin',(9.62921285473493,-4.82205069965535,7.600050800102));
#7460=CARTESIAN_POINT('',(-2.98737058674116,-5.03546545593069,6.100050800102));
#7461=CARTESIAN_POINT('',(-2.98737058674116,1.34127811270515,15.6465388416038));
#7462=CARTESIAN_POINT('',(13.0126294132588,-6.03546545593069,6.100050800102));
#7463=CARTESIAN_POINT('',(9.56683456857975,-5.82010327813824,6.100050800102));
#7464=CARTESIAN_POINT('',(3.26590126768678,-6.03546545593069,5.18807450409013));
#7465=CARTESIAN_POINT('Origin',(-2.98737058674116,-6.03546545593069,1.600050800102));
#7466=CARTESIAN_POINT('',(13.0126294132588,-6.03546545593069,1.600050800102));
#7467=CARTESIAN_POINT('Origin',(5.01262941325884,-5.53546545593069,1.600050800102));
#7468=CARTESIAN_POINT('',(-2.98737058674116,-5.03546545593069,1.600050800102));
#7469=CARTESIAN_POINT('Origin',(-2.48735058962495,32.0794352145194,11.100050800102));
#7470=CARTESIAN_POINT('',(-2.98736635210751,38.7795345440693,10.600050800102));
#7471=CARTESIAN_POINT('',(-2.98730020985738,10.664693929388,10.600050800102));
#7472=CARTESIAN_POINT('',(-2.98735058962357,32.0794340382323,10.600050800102));
#7473=CARTESIAN_POINT('',(1.94798487148394,17.5741158001459,15.5353521363577));
#7474=CARTESIAN_POINT('',(-1.98736352901564,37.5795345440693,11.600050800102));
#7475=CARTESIAN_POINT('Origin',(23.5536294132589,39.0795345440693,10.350050800102));
#7476=CARTESIAN_POINT('',(32.4006251775763,38.7795345440693,10.600050800102));
#7477=CARTESIAN_POINT('',(31.4006223537852,37.5795345440693,11.600050800102));
#7478=CARTESIAN_POINT('',(32.4006068068461,30.972690186755,17.1057544311973));
#7479=CARTESIAN_POINT('',(-2.98736882226713,39.8295161192502,9.72506615411797));
#7480=CARTESIAN_POINT('Origin',(31.9005740963738,17.0720149023149,11.100050800102));
#7481=CARTESIAN_POINT('',(32.4005590189433,10.664693929388,10.600050800102));
#7482=CARTESIAN_POINT('',(27.8840209920532,16.9878679982061,15.1166037064007));
#7483=CARTESIAN_POINT('',(32.4005740963725,17.0720137257364,10.600050800102));
#7484=CARTESIAN_POINT('Origin',(-2.98737058674116,40.5795345440693,9.100050800102));
#7485=CARTESIAN_POINT('',(-2.98729997459995,10.564693929388,10.5286222286734));
#7486=CARTESIAN_POINT('',(-2.98729997459995,10.564693929388,9.100050800102));
#7487=CARTESIAN_POINT('',(-2.98732226406741,20.0391950799181,17.2961230504807));
#7488=CARTESIAN_POINT('Origin',(32.4005587836276,10.564693929388,9.100050800102));
#7489=CARTESIAN_POINT('',(32.4005587836276,10.564693929388,10.5286222286734));
#7490=CARTESIAN_POINT('',(32.4005576944488,10.1018354139194,10.1980090033387));
#7491=CARTESIAN_POINT('',(32.4005587836276,10.564693929388,9.100050800102));
#7492=CARTESIAN_POINT('Origin',(-2.98737058674116,40.5795345440693,1.600050800102));
#7493=CARTESIAN_POINT('Origin',(5.85966471932954,10.314693929388,10.350050800102));
#7494=CARTESIAN_POINT('',(-2.98729997459995,10.1018560915502,10.198023773075));
#7495=CARTESIAN_POINT('',(32.4005587836276,9.43969392938802,9.72505080010202));
#7496=CARTESIAN_POINT('Origin',(14.7066294132588,17.2720345440693,1.600050800102));
#7497=CARTESIAN_POINT('',(5.01255880111799,-3.035306070612,1.600050800102));
#7498=CARTESIAN_POINT('',(0.0127000254000498,-3.035306070612,1.600050800102));
#7499=CARTESIAN_POINT('',(7.35966471932944,-3.035306070612,1.600050800102));
#7500=CARTESIAN_POINT('',(0.0127000254000498,1.964693929388,1.600050800102));
#7501=CARTESIAN_POINT('',(0.0127000254000498,27.4257048514097,1.600050800102));
#7502=CARTESIAN_POINT('',(5.01255880111799,1.964693929388,1.600050800102));
#7503=CARTESIAN_POINT('',(0.0125588011179945,1.964693929388,1.600050800102));
#7504=CARTESIAN_POINT('',(5.01255880111799,1.964693929388,1.600050800102));
#7505=CARTESIAN_POINT('',(1.012558801118,-0.535306070612003,1.600050800102));
#7506=CARTESIAN_POINT('Origin',(2.51255880111799,-0.535306070612003,1.600050800102));
#7507=CARTESIAN_POINT('Origin',(14.7066294132588,17.2720345440693,1.600050800102));
#7508=CARTESIAN_POINT('',(29.400558801118,1.964693929388,1.600050800102));
#7509=CARTESIAN_POINT('',(29.400558801118,-3.035306070612,1.600050800102));
#7510=CARTESIAN_POINT('',(29.400558801118,7.11836423672866,1.600050800102));
#7511=CARTESIAN_POINT('',(24.400558801118,-3.035306070612,1.600050800102));
#7512=CARTESIAN_POINT('',(7.35966471932944,-3.035306070612,1.600050800102));
#7513=CARTESIAN_POINT('',(24.400558801118,1.964693929388,1.600050800102));
#7514=CARTESIAN_POINT('',(24.400558801118,-3.035306070612,1.600050800102));
#7515=CARTESIAN_POINT('',(24.400558801118,1.964693929388,1.600050800102));
#7516=CARTESIAN_POINT('',(25.400558801118,-0.535306070612003,1.600050800102));
#7517=CARTESIAN_POINT('Origin',(26.900558801118,-0.535306070612003,1.600050800102));
#7518=CARTESIAN_POINT('Origin',(14.7066294132588,17.2720345440693,1.600050800102));
#7519=CARTESIAN_POINT('',(0.0127000254000498,37.57937515875,1.600050800102));
#7520=CARTESIAN_POINT('',(5.012558801118,37.57937515875,1.600050800102));
#7521=CARTESIAN_POINT('',(22.0535941071884,37.57937515875,1.600050800102));
#7522=CARTESIAN_POINT('',(5.012558801118,33.179693929388,1.600050800102));
#7523=CARTESIAN_POINT('',(5.012558801118,37.579693929388,1.600050800102));
#7524=CARTESIAN_POINT('',(0.0127000254000498,33.179693929388,1.600050800102));
#7525=CARTESIAN_POINT('',(1.262558801118,33.179693929388,1.600050800102));
#7526=CARTESIAN_POINT('',(0.0127000254000498,27.4257048514097,1.600050800102));
#7527=CARTESIAN_POINT('',(1.012558801118,35.079693929388,1.600050800102));
#7528=CARTESIAN_POINT('Origin',(2.512558801118,35.079693929388,1.600050800102));
#7529=CARTESIAN_POINT('Origin',(5.012558801118,37.579693929388,7.600050800102));
#7530=CARTESIAN_POINT('',(5.012558801118,37.57937515875,4.600050800102));
#7531=CARTESIAN_POINT('',(5.012558801118,37.57937515875,4.600050800102));
#7532=CARTESIAN_POINT('',(5.012558801118,33.179693929388,4.600050800102));
#7533=CARTESIAN_POINT('',(5.012558801118,36.329693929388,4.600050800102));
#7534=CARTESIAN_POINT('',(5.012558801118,33.179693929388,6.100050800102));
#7535=CARTESIAN_POINT('Origin',(0.0125588011179989,33.179693929388,4.600050800102));
#7536=CARTESIAN_POINT('',(0.0127000254000498,33.179693929388,4.600050800102));
#7537=CARTESIAN_POINT('',(0.0127000254000498,33.179693929388,3.100050800102));
#7538=CARTESIAN_POINT('',(1.262558801118,33.179693929388,4.600050800102));
#7539=CARTESIAN_POINT('Origin',(2.512558801118,35.079693929388,4.600050800102));
#7540=CARTESIAN_POINT('',(0.0127000254000498,37.57937515875,4.600050800102));
#7541=CARTESIAN_POINT('',(0.0127000254000498,16.022193929388,4.600050800102));
#7542=CARTESIAN_POINT('',(1.26262941325902,37.57937515875,4.600050800102));
#7543=CARTESIAN_POINT('',(1.012558801118,35.079693929388,4.600050800102));
#7544=CARTESIAN_POINT('Origin',(2.512558801118,35.079693929388,4.600050800102));
#7545=CARTESIAN_POINT('Origin',(2.512558801118,35.079693929388,7.600050800102));
#7546=CARTESIAN_POINT('',(1.012558801118,35.079693929388,7.600050800102));
#7547=CARTESIAN_POINT('Origin',(0.0127000254000498,-3.035306070612,1.600050800102));
#7548=CARTESIAN_POINT('',(0.0127000254000498,37.57937515875,10.100050800102));
#7549=CARTESIAN_POINT('',(0.0127000254000498,37.57937515875,1.600050800102));
#7550=CARTESIAN_POINT('',(0.0127000254000498,10.564693929388,10.100050800102));
#7551=CARTESIAN_POINT('',(0.0127000254000498,17.072034544069,10.100050800102));
#7552=CARTESIAN_POINT('',(0.0127000254000498,10.564693929388,9.100050800102));
#7553=CARTESIAN_POINT('',(0.0127000254000498,10.564693929388,9.100050800102));
#7554=CARTESIAN_POINT('',(0.0127000254000498,9.564693929388,9.100050800102));
#7555=CARTESIAN_POINT('',(0.0127000254000498,-3.035306070612,9.100050800102));
#7556=CARTESIAN_POINT('',(0.0127000254000498,9.564693929388,7.600050800102));
#7557=CARTESIAN_POINT('',(0.0127000254000498,9.564693929388,4.600050800102));
#7558=CARTESIAN_POINT('',(0.0127000254000498,1.964693929388,7.600050800102));
#7559=CARTESIAN_POINT('',(0.0127000254000498,0.114693929388,7.600050800102));
#7560=CARTESIAN_POINT('',(0.0127000254000498,1.964693929388,4.600050800102));
#7561=CARTESIAN_POINT('',(0.0127000254000498,-3.035306070612,1.600050800102));
#7562=CARTESIAN_POINT('',(0.0127000254000498,37.57937515875,1.600050800102));
#7563=CARTESIAN_POINT('Origin',(24.400558801118,33.179693929388,4.600050800102));
#7564=CARTESIAN_POINT('',(24.400558801118,33.179693929388,4.600050800102));
#7565=CARTESIAN_POINT('',(29.400558801118,33.179693929388,4.600050800102));
#7566=CARTESIAN_POINT('',(25.650558801118,33.179693929388,4.600050800102));
#7567=CARTESIAN_POINT('',(24.400558801118,33.179693929388,1.600050800102));
#7568=CARTESIAN_POINT('',(24.400558801118,33.179693929388,6.100050800102));
#7569=CARTESIAN_POINT('',(29.400558801118,33.179693929388,1.600050800102));
#7570=CARTESIAN_POINT('',(25.650558801118,33.179693929388,1.600050800102));
#7571=CARTESIAN_POINT('',(29.400558801118,33.179693929388,3.100050800102));
#7572=CARTESIAN_POINT('Origin',(24.400558801118,32.579693929388,7.600050800102));
#7573=CARTESIAN_POINT('',(24.400558801118,37.57937515875,1.600050800102));
#7574=CARTESIAN_POINT('',(24.400558801118,37.57937515875,4.600050800102));
#7575=CARTESIAN_POINT('',(24.400558801118,37.57937515875,4.600050800102));
#7576=CARTESIAN_POINT('',(24.400558801118,32.579693929388,1.600050800102));
#7577=CARTESIAN_POINT('',(24.400558801118,33.829693929388,4.600050800102));
#7578=CARTESIAN_POINT('Origin',(26.900558801118,35.079693929388,4.600050800102));
#7579=CARTESIAN_POINT('',(29.400558801118,37.57937515875,4.600050800102));
#7580=CARTESIAN_POINT('',(13.456629413259,37.57937515875,4.600050800102));
#7581=CARTESIAN_POINT('',(29.400558801118,36.329534544069,4.600050800102));
#7582=CARTESIAN_POINT('',(25.400558801118,35.079693929388,4.600050800102));
#7583=CARTESIAN_POINT('Origin',(26.900558801118,35.079693929388,4.600050800102));
#7584=CARTESIAN_POINT('Origin',(26.900558801118,35.079693929388,7.600050800102));
#7585=CARTESIAN_POINT('',(25.400558801118,35.079693929388,1.600050800102));
#7586=CARTESIAN_POINT('Origin',(26.900558801118,35.079693929388,1.600050800102));
#7587=CARTESIAN_POINT('',(25.400558801118,35.079693929388,7.600050800102));
#7588=CARTESIAN_POINT('Origin',(0.0127000254000498,37.57937515875,1.600050800102));
#7589=CARTESIAN_POINT('',(29.400558801118,37.57937515875,1.600050800102));
#7590=CARTESIAN_POINT('',(29.400558801118,37.57937515875,1.600050800102));
#7591=CARTESIAN_POINT('',(22.0535941071884,37.57937515875,1.600050800102));
#7592=CARTESIAN_POINT('',(29.400558801118,37.57937515875,10.100050800102));
#7593=CARTESIAN_POINT('',(29.400558801118,37.57937515875,1.600050800102));
#7594=CARTESIAN_POINT('',(29.456629413259,37.57937515875,10.100050800102));
#7595=CARTESIAN_POINT('Origin',(29.400558801118,37.57937515875,1.600050800102));
#7596=CARTESIAN_POINT('',(29.400558801118,7.11836423672866,1.600050800102));
#7597=CARTESIAN_POINT('',(29.400558801118,-3.035306070612,1.600050800102));
#7598=CARTESIAN_POINT('',(29.400558801118,1.964693929388,7.600050800102));
#7599=CARTESIAN_POINT('',(29.400558801118,1.964693929388,4.600050800102));
#7600=CARTESIAN_POINT('',(29.400558801118,9.564693929388,7.600050800102));
#7601=CARTESIAN_POINT('',(29.400558801118,20.422034544069,7.600050800102));
#7602=CARTESIAN_POINT('',(29.400558801118,9.564693929388,9.100050800102));
#7603=CARTESIAN_POINT('',(29.400558801118,9.564693929388,4.600050800102));
#7604=CARTESIAN_POINT('',(29.400558801118,10.564693929388,9.100050800102));
#7605=CARTESIAN_POINT('',(29.400558801118,37.57937515875,9.100050800102));
#7606=CARTESIAN_POINT('',(29.400558801118,10.564693929388,10.100050800102));
#7607=CARTESIAN_POINT('',(29.400558801118,10.564693929388,9.100050800102));
#7608=CARTESIAN_POINT('',(29.400558801118,30.57937515875,10.100050800102));
#7609=CARTESIAN_POINT('Origin',(0.0125588011179945,1.964693929388,7.600050800102));
#7610=CARTESIAN_POINT('',(5.01255880111799,1.964693929388,7.600050800102));
#7611=CARTESIAN_POINT('',(7.35959410718851,1.964693929388,7.600050800102));
#7612=CARTESIAN_POINT('',(5.01255880111799,1.964693929388,7.600050800102));
#7613=CARTESIAN_POINT('Origin',(2.51255880111799,-0.535306070612003,7.600050800102));
#7614=CARTESIAN_POINT('',(1.012558801118,-0.535306070612003,7.600050800102));
#7615=CARTESIAN_POINT('',(1.012558801118,-0.535306070612003,7.600050800102));
#7616=CARTESIAN_POINT('Origin',(2.51255880111799,-0.535306070612003,7.600050800102));
#7617=CARTESIAN_POINT('Origin',(5.01255880111799,1.964693929388,7.600050800102));
#7618=CARTESIAN_POINT('',(5.01255880111799,-3.035306070612,7.600050800102));
#7619=CARTESIAN_POINT('',(5.01255880111799,2.614693929388,7.600050800102));
#7620=CARTESIAN_POINT('',(5.01255880111799,-3.035306070612,4.600050800102));
#7621=CARTESIAN_POINT('Origin',(14.7066294132588,17.2720345440693,1.600050800102));
#7622=CARTESIAN_POINT('Origin',(29.400558801118,-3.035306070612,1.600050800102));
#7623=CARTESIAN_POINT('',(24.400558801118,-3.035306070612,7.600050800102));
#7624=CARTESIAN_POINT('',(29.456629413259,-3.035306070612,7.600050800102));
#7625=CARTESIAN_POINT('',(24.400558801118,-3.035306070612,4.600050800102));
#7626=CARTESIAN_POINT('Origin',(14.706629413259,3.264693929388,7.600050800102));
#7627=CARTESIAN_POINT('Origin',(26.900558801118,-0.535306070612003,7.600050800102));
#7628=CARTESIAN_POINT('',(25.400558801118,-0.535306070612003,7.600050800102));
#7629=CARTESIAN_POINT('',(25.400558801118,-0.535306070612003,7.600050800102));
#7630=CARTESIAN_POINT('Origin',(26.900558801118,-0.535306070612003,7.600050800102));
#7631=CARTESIAN_POINT('Origin',(24.400558801118,1.964693929388,7.600050800102));
#7632=CARTESIAN_POINT('',(24.400558801118,1.964693929388,7.600050800102));
#7633=CARTESIAN_POINT('',(19.5535941071885,1.964693929388,7.600050800102));
#7634=CARTESIAN_POINT('',(24.400558801118,1.964693929388,7.600050800102));
#7635=CARTESIAN_POINT('Origin',(24.400558801118,-3.035306070612,7.600050800102));
#7636=CARTESIAN_POINT('',(24.400558801118,0.114693929387998,7.600050800102));
#7637=CARTESIAN_POINT('Origin',(14.706629413259,3.264693929388,7.600050800102));
#7638=CARTESIAN_POINT('',(-0.0433705867409739,9.564693929388,7.600050800102));
#7639=CARTESIAN_POINT('',(9.70662941325902,8.064693929388,7.600050800102));
#7640=CARTESIAN_POINT('',(9.70662941325902,0.0646939293879989,7.600050800102));
#7641=CARTESIAN_POINT('',(9.70662941325902,5.664693929388,7.600050800102));
#7642=CARTESIAN_POINT('',(19.706629413259,0.0646939293879989,7.600050800102));
#7643=CARTESIAN_POINT('',(12.206629413259,0.0646939293879989,7.600050800102));
#7644=CARTESIAN_POINT('',(19.706629413259,8.064693929388,7.600050800102));
#7645=CARTESIAN_POINT('',(19.706629413259,1.664693929388,7.600050800102));
#7646=CARTESIAN_POINT('',(17.206629413259,8.064693929388,7.600050800102));
#7647=CARTESIAN_POINT('Origin',(29.400558801118,10.564693929388,9.100050800102));
#7648=CARTESIAN_POINT('',(22.0535941071885,10.564693929388,10.100050800102));
#7649=CARTESIAN_POINT('',(29.400558801118,10.564693929388,9.100050800102));
#7650=CARTESIAN_POINT('Origin',(-2.98729997459995,10.564693929388,9.100050800102));
#7651=CARTESIAN_POINT('Origin',(32.4005587836276,8.564693929388,9.100050800102));
#7652=CARTESIAN_POINT('Origin',(14.7066294132588,24.5721142367287,9.100050800102));
#7653=CARTESIAN_POINT('',(-0.0433705867409739,9.564693929388,9.100050800102));
#7654=CARTESIAN_POINT('Origin',(14.706629413259,3.264693929388,7.600050800102));
#7655=CARTESIAN_POINT('Origin',(9.70662941325902,8.064693929388,7.600050800102));
#7656=CARTESIAN_POINT('',(9.70662941325902,8.064693929388,7.610050800102));
#7657=CARTESIAN_POINT('',(9.70662941325902,8.064693929388,7.600050800102));
#7658=CARTESIAN_POINT('',(9.70662941325902,0.0646939293879989,7.610050800102));
#7659=CARTESIAN_POINT('',(9.70662941325902,0.0646939293879989,7.610050800102));
#7660=CARTESIAN_POINT('',(9.70662941325902,0.0646939293879989,7.600050800102));
#7661=CARTESIAN_POINT('Origin',(19.706629413259,8.064693929388,7.600050800102));
#7662=CARTESIAN_POINT('',(19.706629413259,8.064693929388,7.610050800102));
#7663=CARTESIAN_POINT('',(19.706629413259,8.064693929388,7.600050800102));
#7664=CARTESIAN_POINT('',(9.70662941325902,8.064693929388,7.610050800102));
#7665=CARTESIAN_POINT('Origin',(19.706629413259,0.0646939293879989,7.600050800102));
#7666=CARTESIAN_POINT('',(19.706629413259,0.0646939293879989,7.610050800102));
#7667=CARTESIAN_POINT('',(19.706629413259,0.0646939293879989,7.600050800102));
#7668=CARTESIAN_POINT('',(19.706629413259,8.064693929388,7.610050800102));
#7669=CARTESIAN_POINT('Origin',(9.70662941325902,0.0646939293879989,7.600050800102));
#7670=CARTESIAN_POINT('',(19.706629413259,0.0646939293879989,7.610050800102));
#7671=CARTESIAN_POINT('Origin',(14.706629413259,4.064693929388,7.610050800102));
#7672=CARTESIAN_POINT('',(19.306629413259,7.414693929388,7.610050800102));
#7673=CARTESIAN_POINT('',(19.306629413259,0.714693929388003,7.610050800102));
#7674=CARTESIAN_POINT('',(19.306629413259,5.739693929388,7.610050800102));
#7675=CARTESIAN_POINT('',(10.106629413259,7.414693929388,7.610050800102));
#7676=CARTESIAN_POINT('',(12.406629413259,7.414693929388,7.610050800102));
#7677=CARTESIAN_POINT('',(10.106629413259,0.714693929388003,7.610050800102));
#7678=CARTESIAN_POINT('',(10.106629413259,2.389693929388,7.610050800102));
#7679=CARTESIAN_POINT('',(17.006629413259,0.714693929388003,7.610050800102));
#7680=CARTESIAN_POINT('Origin',(10.106629413259,7.414693929388,7.600050800102));
#7681=CARTESIAN_POINT('',(19.306629413259,7.414693929388,7.600050800102));
#7682=CARTESIAN_POINT('',(10.106629413259,7.414693929388,7.600050800102));
#7683=CARTESIAN_POINT('Origin',(19.306629413259,7.414693929388,7.600050800102));
#7684=CARTESIAN_POINT('',(19.306629413259,0.714693929388003,7.600050800102));
#7685=CARTESIAN_POINT('Origin',(10.106629413259,0.714693929388003,7.600050800102));
#7686=CARTESIAN_POINT('',(10.106629413259,0.714693929388003,7.600050800102));
#7687=CARTESIAN_POINT('Origin',(19.306629413259,0.714693929388003,7.600050800102));
#7688=CARTESIAN_POINT('Origin',(29.456629413259,9.564693929388,7.600050800102));
#7689=CARTESIAN_POINT('Origin',(2.45662941325903,18.32937515875,10.100050800102));
#7690=CARTESIAN_POINT('',(2.45662941325903,31.82937515875,10.100050800102));
#7691=CARTESIAN_POINT('',(2.45662941325903,31.82937515875,10.100050800102));
#7692=CARTESIAN_POINT('',(2.45662941325903,31.82937515875,10.100050800102));
#7693=CARTESIAN_POINT('Origin',(2.45662941325903,31.82937515875,10.100050800102));
#7694=CARTESIAN_POINT('',(26.956629413259,31.82937515875,10.100050800102));
#7695=CARTESIAN_POINT('Origin',(14.706629413259,23.57937515875,10.100050800102));
#7696=CARTESIAN_POINT('Origin',(16.956629413259,6.314693929388,11.100050800102));
#7697=CARTESIAN_POINT('',(12.206629413259,5.314693929388,11.600050800102));
#7698=CARTESIAN_POINT('',(17.206629413259,5.314693929388,11.600050800102));
#7699=CARTESIAN_POINT('',(16.956629413259,5.314693929388,11.600050800102));
#7700=CARTESIAN_POINT('',(19.206629413259,7.314693929388,10.600050800102));
#7701=CARTESIAN_POINT('',(17.206629413259,5.314693929388,11.600050800102));
#7702=CARTESIAN_POINT('',(10.206629413259,7.314693929388,10.600050800102));
#7703=CARTESIAN_POINT('',(16.956629413259,7.314693929388,10.600050800102));
#7704=CARTESIAN_POINT('',(12.206629413259,5.314693929388,11.600050800102));
#7705=CARTESIAN_POINT('Origin',(18.206629413259,2.439693929388,11.100050800102));
#7706=CARTESIAN_POINT('',(17.206629413259,2.814693929388,11.600050800102));
#7707=CARTESIAN_POINT('',(17.206629413259,2.439693929388,11.600050800102));
#7708=CARTESIAN_POINT('',(19.206629413259,0.814693929387999,10.600050800102));
#7709=CARTESIAN_POINT('',(17.206629413259,2.814693929388,11.600050800102));
#7710=CARTESIAN_POINT('',(19.206629413259,2.439693929388,10.600050800102));
#7711=CARTESIAN_POINT('Origin',(12.456629413259,1.814693929388,11.100050800102));
#7712=CARTESIAN_POINT('',(12.206629413259,2.814693929388,11.600050800102));
#7713=CARTESIAN_POINT('',(12.456629413259,2.814693929388,11.600050800102));
#7714=CARTESIAN_POINT('',(10.206629413259,0.814693929388,10.600050800102));
#7715=CARTESIAN_POINT('',(12.206629413259,2.814693929388,11.600050800102));
#7716=CARTESIAN_POINT('',(12.456629413259,0.814693929387999,10.600050800102));
#7717=CARTESIAN_POINT('Origin',(11.206629413259,5.689693929388,11.100050800102));
#7718=CARTESIAN_POINT('',(10.206629413259,5.689693929388,10.600050800102));
#7719=CARTESIAN_POINT('',(12.206629413259,5.689693929388,11.600050800102));
#7720=CARTESIAN_POINT('Origin',(10.206629413259,7.314693929388,6.600050800102));
#7721=CARTESIAN_POINT('',(10.206629413259,7.314693929388,7.600050800102));
#7722=CARTESIAN_POINT('',(10.206629413259,7.314693929388,6.600050800102));
#7723=CARTESIAN_POINT('',(10.206629413259,0.814693929388,7.600050800102));
#7724=CARTESIAN_POINT('',(10.206629413259,5.689693929388,7.600050800102));
#7725=CARTESIAN_POINT('',(10.206629413259,0.814693929388,6.600050800102));
#7726=CARTESIAN_POINT('Origin',(19.206629413259,7.314693929388,6.600050800102));
#7727=CARTESIAN_POINT('',(19.206629413259,7.314693929388,7.600050800102));
#7728=CARTESIAN_POINT('',(19.206629413259,7.314693929388,6.600050800102));
#7729=CARTESIAN_POINT('',(16.956629413259,7.314693929388,7.600050800102));
#7730=CARTESIAN_POINT('Origin',(14.706629413259,4.064693929388,11.600050800102));
#7731=CARTESIAN_POINT('Origin',(19.706629413259,8.064693929388,6.600050800102));
#7732=CARTESIAN_POINT('',(19.706629413259,8.064693929388,6.600050800102));
#7733=CARTESIAN_POINT('',(9.70662941325902,8.064693929388,6.600050800102));
#7734=CARTESIAN_POINT('',(19.706629413259,8.064693929388,6.600050800102));
#7735=CARTESIAN_POINT('',(9.70662941325902,8.064693929388,7.600050800102));
#7736=CARTESIAN_POINT('',(9.70662941325902,8.064693929388,6.600050800102));
#7737=CARTESIAN_POINT('',(19.706629413259,8.064693929388,7.600050800102));
#7738=CARTESIAN_POINT('',(19.706629413259,8.064693929388,7.600050800102));
#7739=CARTESIAN_POINT('',(19.706629413259,8.064693929388,6.600050800102));
#7740=CARTESIAN_POINT('Origin',(19.706629413259,0.0646939293879989,6.600050800102));
#7741=CARTESIAN_POINT('',(19.706629413259,0.0646939293879989,6.600050800102));
#7742=CARTESIAN_POINT('',(19.706629413259,0.0646939293879989,6.600050800102));
#7743=CARTESIAN_POINT('',(19.706629413259,0.0646939293879989,7.600050800102));
#7744=CARTESIAN_POINT('',(19.706629413259,0.0646939293879989,7.600050800102));
#7745=CARTESIAN_POINT('',(19.706629413259,0.0646939293879989,6.600050800102));
#7746=CARTESIAN_POINT('Origin',(9.70662941325902,0.0646939293879989,6.600050800102));
#7747=CARTESIAN_POINT('',(9.70662941325902,0.0646939293879989,6.600050800102));
#7748=CARTESIAN_POINT('',(9.70662941325902,0.0646939293879989,6.600050800102));
#7749=CARTESIAN_POINT('',(9.70662941325902,0.0646939293879989,7.600050800102));
#7750=CARTESIAN_POINT('',(9.70662941325902,0.0646939293879989,7.600050800102));
#7751=CARTESIAN_POINT('',(9.70662941325902,0.0646939293879989,6.600050800102));
#7752=CARTESIAN_POINT('Origin',(9.70662941325902,8.064693929388,6.600050800102));
#7753=CARTESIAN_POINT('',(9.70662941325902,8.064693929388,6.600050800102));
#7754=CARTESIAN_POINT('',(9.70662941325902,8.064693929388,7.600050800102));
#7755=CARTESIAN_POINT('Origin',(14.706629413259,4.064693929388,7.600050800102));
#7756=CARTESIAN_POINT('',(19.206629413259,0.814693929387999,7.600050800102));
#7757=CARTESIAN_POINT('',(19.206629413259,2.439693929388,7.600050800102));
#7758=CARTESIAN_POINT('',(12.456629413259,0.814693929387999,7.600050800102));
#7759=CARTESIAN_POINT('Origin',(19.206629413259,0.814693929387999,6.600050800102));
#7760=CARTESIAN_POINT('',(19.206629413259,0.814693929387999,6.600050800102));
#7761=CARTESIAN_POINT('Origin',(10.206629413259,0.814693929387999,6.600050800102));
#7762=CARTESIAN_POINT('Origin',(14.706629413259,4.064693929388,6.600050800102));
#7763=CARTESIAN_POINT('Ctrl Pts',(27.9006294132588,40.5795345440693,5.0800101999704E-5));
#7764=CARTESIAN_POINT('Ctrl Pts',(27.9006294132588,40.5795345440693,-0.448748150410828));
#7765=CARTESIAN_POINT('Ctrl Pts',(28.224323247343,40.5795345440693,-1.11153282527364));
#7766=CARTESIAN_POINT('Ctrl Pts',(29.2640744574182,40.5795345440693,-1.61571920952574));
#7767=CARTESIAN_POINT('Ctrl Pts',(30.4678413212505,40.5795345440693,-1.34305802803324));
#7768=CARTESIAN_POINT('Ctrl Pts',(30.9006294132588,40.5795345440693,-0.448748150410827));
#7769=CARTESIAN_POINT('Ctrl Pts',(30.9006294132588,40.5795345440693,5.08001020008525E-5));
#7770=CARTESIAN_POINT('Ctrl Pts',(28.0777127465922,40.4131937167498,5.0800101999704E-5));
#7771=CARTESIAN_POINT('Ctrl Pts',(28.0777127465922,40.4131937167498,-0.395764940975286));
#7772=CARTESIAN_POINT('Ctrl Pts',(28.3612866379819,40.413085510875,-0.980798703715832));
#7773=CARTESIAN_POINT('Ctrl Pts',(29.2772696178181,40.4128189436505,-1.43300421818646));
#7774=CARTESIAN_POINT('Ctrl Pts',(30.352130928105,40.4128923783271,-1.20674157597433));
#7775=CARTESIAN_POINT('Ctrl Pts',(30.7547960799255,40.4141750871278,-0.405114919110968));
#7776=CARTESIAN_POINT('Ctrl Pts',(30.7547960799255,40.4141750871278,5.08001020008066E-5));
#7777=CARTESIAN_POINT('Ctrl Pts',(28.2547960799255,40.2468528894303,5.0800101999704E-5));
#7778=CARTESIAN_POINT('Ctrl Pts',(28.2547960799255,40.2468528894303,-0.342781731539743));
#7779=CARTESIAN_POINT('Ctrl Pts',(28.4982500286209,40.2466364776806,-0.850064582158029));
#7780=CARTESIAN_POINT('Ctrl Pts',(29.290464778218,40.2461033432318,-1.25028922684718));
#7781=CARTESIAN_POINT('Ctrl Pts',(30.2364205349595,40.2462502125849,-1.07042512391543));
#7782=CARTESIAN_POINT('Ctrl Pts',(30.6089627465922,40.2488156301862,-0.361481687811111));
#7783=CARTESIAN_POINT('Ctrl Pts',(30.6089627465922,40.2488156301862,5.08001020007606E-5));
#7784=CARTESIAN_POINT('Ctrl Pts',(28.4318794132588,40.0805120621108,5.0800101999704E-5));
#7785=CARTESIAN_POINT('Ctrl Pts',(28.4318794132588,40.0805120621108,-0.289798522104201));
#7786=CARTESIAN_POINT('Ctrl Pts',(28.6352134192598,40.0801874444862,-0.719330460600224));
#7787=CARTESIAN_POINT('Ctrl Pts',(29.3036599386178,40.079387742813,-1.0675742355079));
#7788=CARTESIAN_POINT('Ctrl Pts',(30.120710141814,40.0796080468428,-0.934108671856532));
#7789=CARTESIAN_POINT('Ctrl Pts',(30.4631294132588,40.0834561732447,-0.317848456511253));
#7790=CARTESIAN_POINT('Ctrl Pts',(30.4631294132588,40.0834561732447,5.08001020007146E-5));
#7791=CARTESIAN_POINT('',(30.4631294132588,40.0834561732447,5.08001019996427E-5));
#7792=CARTESIAN_POINT('',(30.9006294132588,40.5795345440693,5.08001019996121E-5));
#7793=CARTESIAN_POINT('Ctrl Pts',(30.4631294132588,40.0834561732447,5.08001020002705E-5));
#7794=CARTESIAN_POINT('Ctrl Pts',(30.5360460799255,40.1661359017155,5.08001020002705E-5));
#7795=CARTESIAN_POINT('Ctrl Pts',(30.6089627465922,40.2488156301862,5.08001020007836E-5));
#7796=CARTESIAN_POINT('Ctrl Pts',(30.7547960799255,40.4141750871278,5.08001020007836E-5));
#7797=CARTESIAN_POINT('Ctrl Pts',(30.8277127465922,40.4968548155986,5.08001020001864E-5));
#7798=CARTESIAN_POINT('Ctrl Pts',(30.9006294132588,40.5795345440693,5.08001020001864E-5));
#7799=CARTESIAN_POINT('',(27.9006294132588,40.5795345440693,5.0800101999704E-5));
#7800=CARTESIAN_POINT('Ctrl Pts',(30.9006294132588,40.5795345440693,5.08001019995652E-5));
#7801=CARTESIAN_POINT('Ctrl Pts',(30.9006294132588,40.5795345440693,-0.448748150410827));
#7802=CARTESIAN_POINT('Ctrl Pts',(30.6842353672547,40.5795345440693,-0.895903089222031));
#7803=CARTESIAN_POINT('Ctrl Pts',(30.3352849714861,40.5795345440693,-1.17401279492613));
#7804=CARTESIAN_POINT('Ctrl Pts',(29.9863345757176,40.5795345440693,-1.45212250063024));
#7805=CARTESIAN_POINT('Ctrl Pts',(29.5048278301847,40.5795345440693,-1.56118697322724));
#7806=CARTESIAN_POINT('Ctrl Pts',(29.0670585923203,40.5795345440693,-1.46309209495901));
#7807=CARTESIAN_POINT('Ctrl Pts',(28.8481739733881,40.5795345440693,-1.4140446558249));
#7808=CARTESIAN_POINT('Ctrl Pts',(28.6402237313731,40.5795345440693,-1.31320737897448));
#7809=CARTESIAN_POINT('Ctrl Pts',(28.4656242551315,40.5795345440693,-1.17233978608944));
#7810=CARTESIAN_POINT('Ctrl Pts',(28.1164253026483,40.5795345440693,-0.890604600319367));
#7811=CARTESIAN_POINT('Ctrl Pts',(27.9006294132588,40.5795345440693,-0.448748150410828));
#7812=CARTESIAN_POINT('Ctrl Pts',(27.9006294132588,40.5795345440693,5.0800101999704E-5));
#7813=CARTESIAN_POINT('',(28.4318794132588,40.0805120621108,5.0800101999704E-5));
#7814=CARTESIAN_POINT('Ctrl Pts',(27.9006294132588,40.5795345440693,5.08001019993709E-5));
#7815=CARTESIAN_POINT('Ctrl Pts',(27.9891710799255,40.4963641304096,5.08001019993709E-5));
#7816=CARTESIAN_POINT('Ctrl Pts',(28.0777127465922,40.4131937167498,5.08001019994299E-5));
#7817=CARTESIAN_POINT('Ctrl Pts',(28.2547960799255,40.2468528894303,5.08001019994299E-5));
#7818=CARTESIAN_POINT('Ctrl Pts',(28.3433377465922,40.1636824757706,5.08001019994889E-5));
#7819=CARTESIAN_POINT('Ctrl Pts',(28.4318794132588,40.0805120621108,5.08001019994889E-5));
#7820=CARTESIAN_POINT('Ctrl Pts',(28.4318794132588,40.0805120621108,5.0800101999704E-5));
#7821=CARTESIAN_POINT('Ctrl Pts',(28.4318794132588,40.0805120621108,-0.289798522104201));
#7822=CARTESIAN_POINT('Ctrl Pts',(28.6352134192598,40.0801874444862,-0.719330460600224));
#7823=CARTESIAN_POINT('Ctrl Pts',(29.3036599386178,40.079387742813,-1.0675742355079));
#7824=CARTESIAN_POINT('Ctrl Pts',(30.120710141814,40.0796080468428,-0.934108671856532));
#7825=CARTESIAN_POINT('Ctrl Pts',(30.4631294132588,40.0834561732447,-0.317848456511253));
#7826=CARTESIAN_POINT('Ctrl Pts',(30.4631294132588,40.0834561732447,5.08001020007146E-5));
#7827=CARTESIAN_POINT('Origin',(-2.98737058674116,40.5795345440693,5.0800101999704E-5));
#7828=CARTESIAN_POINT('',(32.4006294132588,40.5795345440693,5.0800101999704E-5));
#7829=CARTESIAN_POINT('',(-2.98737058674116,40.5795345440693,5.0800101999704E-5));
#7830=CARTESIAN_POINT('',(32.4006294132588,40.5795345440693,-1.999949199898));
#7831=CARTESIAN_POINT('',(32.4006294132588,40.5795345440693,5.0800101999704E-5));
#7832=CARTESIAN_POINT('',(-2.98737058674116,40.5795345440693,-1.999949199898));
#7833=CARTESIAN_POINT('',(5.85962941325884,40.5795345440693,-1.999949199898));
#7834=CARTESIAN_POINT('',(-2.98737058674116,40.5795345440693,5.0800101999704E-5));
#7835=CARTESIAN_POINT('',(-2.98737058674116,40.5795345440693,5.0800101999704E-5));
#7836=CARTESIAN_POINT('',(-2.98737058674116,40.5795345440693,5.0800101999704E-5));
#7837=CARTESIAN_POINT('Origin',(14.7066294132588,17.2720345440693,5.0800101999704E-5));
#7838=CARTESIAN_POINT('',(31.9045510424342,38.6420345440693,5.08001019996427E-5));
#7839=CARTESIAN_POINT('Origin',(32.4006294132588,40.5795345440693,5.0800101999704E-5));
#7840=CARTESIAN_POINT('',(32.4006294132588,39.0795345440693,5.08001019996121E-5));
#7841=CARTESIAN_POINT('Ctrl Pts',(32.4006294132588,39.0795345440693,5.08001019995203E-5));
#7842=CARTESIAN_POINT('Ctrl Pts',(32.3179496847881,39.0066178774027,5.08001019995203E-5));
#7843=CARTESIAN_POINT('Ctrl Pts',(32.2352699563173,38.933701210736,5.08001019995509E-5));
#7844=CARTESIAN_POINT('Ctrl Pts',(32.0699104993758,38.7878678774027,5.08001019995509E-5));
#7845=CARTESIAN_POINT('Ctrl Pts',(31.987230770905,38.714951210736,5.08001019995815E-5));
#7846=CARTESIAN_POINT('Ctrl Pts',(31.9045510424342,38.6420345440693,5.08001019995815E-5));
#7847=CARTESIAN_POINT('',(32.4006294132588,40.5795345440693,5.0800101999704E-5));
#7848=CARTESIAN_POINT('Ctrl Pts',(32.4006294132588,39.0795345440693,5.08001019995203E-5));
#7849=CARTESIAN_POINT('Ctrl Pts',(32.4006294132588,39.0795345440693,-0.224348675154414));
#7850=CARTESIAN_POINT('Ctrl Pts',(32.4006294132588,38.9311461405211,-0.900543021737952));
#7851=CARTESIAN_POINT('Ctrl Pts',(32.4006294132588,37.9626536217947,-1.67417527648203));
#7852=CARTESIAN_POINT('Ctrl Pts',(32.4006294132588,36.5096850976247,-1.34152682196396));
#7853=CARTESIAN_POINT('Ctrl Pts',(32.4006294132588,36.0795345440693,-0.448748150410827));
#7854=CARTESIAN_POINT('Ctrl Pts',(32.4006294132588,36.0795345440693,5.0800102000037E-5));
#7855=CARTESIAN_POINT('Ctrl Pts',(32.2352699563173,38.933701210736,5.08001019995407E-5));
#7856=CARTESIAN_POINT('Ctrl Pts',(32.2352699563173,38.933701210736,-0.202532059504485));
#7857=CARTESIAN_POINT('Ctrl Pts',(32.234674957142,38.7947708616334,-0.813440649873386));
#7858=CARTESIAN_POINT('Ctrl Pts',(32.2337071504316,37.9152911789731,-1.49115531129328));
#7859=CARTESIAN_POINT('Ctrl Pts',(32.2341889872985,36.6332812258,-1.18293125101337));
#7860=CARTESIAN_POINT('Ctrl Pts',(32.2342885859393,36.2566178774027,-0.395764940975286));
#7861=CARTESIAN_POINT('Ctrl Pts',(32.2342885859393,36.2566178774027,5.08001019999977E-5));
#7862=CARTESIAN_POINT('Ctrl Pts',(32.0699104993758,38.7878678774027,5.08001019995611E-5));
#7863=CARTESIAN_POINT('Ctrl Pts',(32.0699104993758,38.7878678774027,-0.180715443854556));
#7864=CARTESIAN_POINT('Ctrl Pts',(32.0687205010252,38.6583955827457,-0.726338278008821));
#7865=CARTESIAN_POINT('Ctrl Pts',(32.0667848876045,37.8679287361514,-1.30813534610452));
#7866=CARTESIAN_POINT('Ctrl Pts',(32.0677485613381,36.7568773539753,-1.02433568006277));
#7867=CARTESIAN_POINT('Ctrl Pts',(32.0679477586199,36.433701210736,-0.342781731539743));
#7868=CARTESIAN_POINT('Ctrl Pts',(32.0679477586199,36.433701210736,5.08001019999584E-5));
#7869=CARTESIAN_POINT('Ctrl Pts',(31.9045510424342,38.6420345440693,5.08001019995815E-5));
#7870=CARTESIAN_POINT('Ctrl Pts',(31.9045510424342,38.6420345440693,-0.158898828204627));
#7871=CARTESIAN_POINT('Ctrl Pts',(31.9027660449084,38.5220203038581,-0.639235906144255));
#7872=CARTESIAN_POINT('Ctrl Pts',(31.8998626247772,37.8205662933297,-1.12511538091577));
#7873=CARTESIAN_POINT('Ctrl Pts',(31.9013081353778,36.8804734821506,-0.865740109112173));
#7874=CARTESIAN_POINT('Ctrl Pts',(31.9016069313004,36.6107845440693,-0.289798522104201));
#7875=CARTESIAN_POINT('Ctrl Pts',(31.9016069313004,36.6107845440693,5.08001019999191E-5));
#7876=CARTESIAN_POINT('',(31.9016069313004,36.6107845440693,5.0800101999704E-5));
#7877=CARTESIAN_POINT('',(32.4006294132588,36.0795345440693,5.0800101999704E-5));
#7878=CARTESIAN_POINT('Ctrl Pts',(31.9016069313004,36.6107845440693,5.0800101999704E-5));
#7879=CARTESIAN_POINT('Ctrl Pts',(31.9847773449601,36.5222428774027,5.0800101999704E-5));
#7880=CARTESIAN_POINT('Ctrl Pts',(32.0679477586199,36.433701210736,5.0800101999704E-5));
#7881=CARTESIAN_POINT('Ctrl Pts',(32.2342885859393,36.2566178774027,5.0800101999704E-5));
#7882=CARTESIAN_POINT('Ctrl Pts',(32.3174589995991,36.168076210736,5.0800101999704E-5));
#7883=CARTESIAN_POINT('Ctrl Pts',(32.4006294132588,36.0795345440693,5.0800101999704E-5));
#7884=CARTESIAN_POINT('Ctrl Pts',(32.4006294132588,36.0795345440693,5.08001019995652E-5));
#7885=CARTESIAN_POINT('Ctrl Pts',(32.4006294132588,36.0795345440693,-0.448748150410828));
#7886=CARTESIAN_POINT('Ctrl Pts',(32.4006294132588,36.294609820847,-0.895137486187396));
#7887=CARTESIAN_POINT('Ctrl Pts',(32.4006294132588,36.6443088799309,-1.17377356316202));
#7888=CARTESIAN_POINT('Ctrl Pts',(32.4006294132588,36.9940079390147,-1.45240964013665));
#7889=CARTESIAN_POINT('Ctrl Pts',(32.4006294132588,37.4783307804047,-1.56329245830934));
#7890=CARTESIAN_POINT('Ctrl Pts',(32.4006294132588,37.914190704845,-1.46400741644687));
#7891=CARTESIAN_POINT('Ctrl Pts',(32.4006294132588,38.3500506292853,-1.3647223745844));
#7892=CARTESIAN_POINT('Ctrl Pts',(32.4006294132588,38.7374476367758,-1.05526947268677));
#7893=CARTESIAN_POINT('Ctrl Pts',(32.4006294132588,38.932530374183,-0.651587684683763));
#7894=CARTESIAN_POINT('Ctrl Pts',(32.4006294132588,39.0300717428866,-0.44974679068226));
#7895=CARTESIAN_POINT('Ctrl Pts',(32.4006294132588,39.0795345440693,-0.224348675154414));
#7896=CARTESIAN_POINT('Ctrl Pts',(32.4006294132588,39.0795345440693,5.08001019995203E-5));
#7897=CARTESIAN_POINT('Ctrl Pts',(31.9045510424342,38.6420345440693,5.08001019995815E-5));
#7898=CARTESIAN_POINT('Ctrl Pts',(31.9045510424342,38.6420345440693,-0.158898828204627));
#7899=CARTESIAN_POINT('Ctrl Pts',(31.9027660449084,38.5220203038581,-0.639235906144255));
#7900=CARTESIAN_POINT('Ctrl Pts',(31.8998626247772,37.8205662933297,-1.12511538091577));
#7901=CARTESIAN_POINT('Ctrl Pts',(31.9013081353778,36.8804734821506,-0.865740109112173));
#7902=CARTESIAN_POINT('Ctrl Pts',(31.9016069313004,36.6107845440693,-0.289798522104201));
#7903=CARTESIAN_POINT('Ctrl Pts',(31.9016069313004,36.6107845440693,5.08001019999191E-5));
#7904=CARTESIAN_POINT('Origin',(32.4006294132588,40.5795345440693,5.0800101999704E-5));
#7905=CARTESIAN_POINT('',(32.4006294132588,-5.03546545593069,5.0800101999704E-5));
#7906=CARTESIAN_POINT('',(32.4006294132588,40.5795345440693,5.0800101999704E-5));
#7907=CARTESIAN_POINT('',(32.4006294132588,-5.03546545593068,-1.999949199898));
#7908=CARTESIAN_POINT('',(32.4006294132588,-5.03546545593068,5.0800101999704E-5));
#7909=CARTESIAN_POINT('',(32.4006294132588,28.9257845440693,-1.999949199898));
#7910=CARTESIAN_POINT('Origin',(32.4006294132588,40.5795345440693,5.0800101999704E-5));
#7911=CARTESIAN_POINT('Origin',(32.4006294132588,40.5795345440693,5.0800101999704E-5));
#7912=CARTESIAN_POINT('Origin',(14.7066294132588,17.2720345440693,5.0800101999704E-5));
#7913=CARTESIAN_POINT('',(-2.98737058674116,-5.03546545593069,5.0800101999704E-5));
#7914=CARTESIAN_POINT('',(-2.98737058674116,-6.03546545593069,5.0800101999704E-5));
#7915=CARTESIAN_POINT('',(13.0126294132588,-6.03546545593069,5.0800101999704E-5));
#7916=CARTESIAN_POINT('',(9.13080840158569,-5.79285164270111,5.0800101999704E-5));
#7917=CARTESIAN_POINT('',(16.4006294132588,-6.03546545593069,5.0800101999704E-5));
#7918=CARTESIAN_POINT('',(32.4006294132588,-6.03546545593069,5.0800101999704E-5));
#7919=CARTESIAN_POINT('',(20.282450424932,-5.79285164270111,5.0800101999704E-5));
#7920=CARTESIAN_POINT('',(0.0127000254000498,-3.035306070612,5.0800101999704E-5));
#7921=CARTESIAN_POINT('',(29.400558801118,-3.035306070612,5.0800101999704E-5));
#7922=CARTESIAN_POINT('',(29.400558801118,-3.035306070612,5.0800101999704E-5));
#7923=CARTESIAN_POINT('',(0.0127000254000498,37.57937515875,5.0800101999704E-5));
#7924=CARTESIAN_POINT('',(0.0127000254000498,-3.035306070612,5.0800101999704E-5));
#7925=CARTESIAN_POINT('',(29.400558801118,37.57937515875,5.0800101999704E-5));
#7926=CARTESIAN_POINT('',(0.0127000254000498,37.57937515875,5.0800101999704E-5));
#7927=CARTESIAN_POINT('',(29.400558801118,37.57937515875,5.0800101999704E-5));
#7928=CARTESIAN_POINT('Origin',(21.9243395986794,11.562011684023,-8.249949199898));
#7929=CARTESIAN_POINT('',(20.1420497841,11.812011684023,-9.999949199898));
#7930=CARTESIAN_POINT('',(29.1420497841,11.812011684023,-9.999949199898));
#7931=CARTESIAN_POINT('',(21.9243395986794,11.812011684023,-9.999949199898));
#7932=CARTESIAN_POINT('',(29.1420497841,11.312011684023,-6.499949199898));
#7933=CARTESIAN_POINT('',(29.1420497841,11.2820152400301,-6.28997409194798));
#7934=CARTESIAN_POINT('',(20.6420497841,11.312011684023,-6.499949199898));
#7935=CARTESIAN_POINT('',(21.9243395986794,11.312011684023,-6.499949199898));
#7936=CARTESIAN_POINT('',(20.6420497841,11.312011684023,-6.499949199898));
#7937=CARTESIAN_POINT('Origin',(20.3920497841,14.2920231140462,-8.249949199898));
#7938=CARTESIAN_POINT('',(20.6420497841,2.812011684023,-6.499949199898));
#7939=CARTESIAN_POINT('',(20.6420497841,14.2920231140462,-6.499949199898));
#7940=CARTESIAN_POINT('',(20.1420497841,2.312011684023,-9.999949199898));
#7941=CARTESIAN_POINT('',(20.6420497841,2.812011684023,-6.499949199898));
#7942=CARTESIAN_POINT('',(20.1420497841,14.2920231140462,-9.999949199898));
#7943=CARTESIAN_POINT('Origin',(17.6743395986794,2.562011684023,-8.249949199898));
#7944=CARTESIAN_POINT('',(29.1420497841,2.812011684023,-6.499949199898));
#7945=CARTESIAN_POINT('',(17.6743395986794,2.812011684023,-6.499949199898));
#7946=CARTESIAN_POINT('',(29.1420497841,2.312011684023,-9.999949199898));
#7947=CARTESIAN_POINT('',(29.1420497841,2.75700812801586,-6.88497409194798));
#7948=CARTESIAN_POINT('',(17.6743395986794,2.312011684023,-9.999949199898));
#7949=CARTESIAN_POINT('Origin',(14.7066294132588,17.2720345440693,-9.999949199898));
#7950=CARTESIAN_POINT('',(-0.987370586741163,-3.15656301319551,-9.999949199898));
#7951=CARTESIAN_POINT('',(14.7066294132588,-4.13743801319551,-9.999949199898));
#7952=CARTESIAN_POINT('',(9.25556497389605,-3.79674648573533,-9.999949199898));
#7953=CARTESIAN_POINT('',(-0.987370586741162,38.5795345440693,-9.999949199898));
#7954=CARTESIAN_POINT('',(-0.987370586741162,5.61828454406932,-9.999949199898));
#7955=CARTESIAN_POINT('',(30.4006294132588,38.5795345440693,-9.999949199898));
#7956=CARTESIAN_POINT('',(5.85962941325884,38.5795345440693,-9.999949199898));
#7957=CARTESIAN_POINT('',(30.4006294132588,-3.15656301319551,-9.999949199898));
#7958=CARTESIAN_POINT('',(30.4006294132588,28.9257845440693,-9.999949199898));
#7959=CARTESIAN_POINT('',(20.1576938526216,-3.79674648573533,-9.999949199898));
#7960=CARTESIAN_POINT('',(24.6507000254001,35.079693929388,-9.999949199898));
#7961=CARTESIAN_POINT('Origin',(26.9007000254001,35.079693929388,-9.999949199898));
#7962=CARTESIAN_POINT('',(24.6507000254001,-0.535306070611998,-9.999949199898));
#7963=CARTESIAN_POINT('Origin',(26.9007000254001,-0.535306070611998,-9.999949199898));
#7964=CARTESIAN_POINT('',(0.26270002540005,35.079693929388,-9.999949199898));
#7965=CARTESIAN_POINT('Origin',(2.51270002540005,35.079693929388,-9.999949199898));
#7966=CARTESIAN_POINT('',(0.26270002540005,-0.535306070611998,-9.999949199898));
#7967=CARTESIAN_POINT('Origin',(2.51270002540005,-0.535306070611998,-9.999949199898));
#7968=CARTESIAN_POINT('',(29.1420497841,14.2920231140462,-9.999949199898));
#7969=CARTESIAN_POINT('Origin',(9.19318668774087,-4.79479906421822,-7.499949199898));
#7970=CARTESIAN_POINT('',(14.7066294132589,-6.03546545593069,-5.26412124176519));
#7971=CARTESIAN_POINT('',(14.7066294132589,-5.09169958794025,-7.61894113684519));
#7972=CARTESIAN_POINT('',(13.0126294132588,-6.03546545593069,-4.999949199898));
#7973=CARTESIAN_POINT('',(20.4217919914262,-6.03546545593069,-6.15537635857595));
#7974=CARTESIAN_POINT('',(-2.23737058674116,-5.08234045593069,-4.999949199898));
#7975=CARTESIAN_POINT('',(9.13080840158569,-5.79285164270111,-4.999949199898));
#7976=CARTESIAN_POINT('',(-0.987370586741161,-3.15656301319551,-9.999949199898));
#7977=CARTESIAN_POINT('Origin',(20.2200721387768,-4.79479906421822,-7.499949199898));
#7978=CARTESIAN_POINT('',(31.6506294132588,-5.08234045593069,-4.999949199898));
#7979=CARTESIAN_POINT('',(30.4006294132588,-3.15656301319551,-9.999949199898));
#7980=CARTESIAN_POINT('',(16.4006294132588,-6.03546545593069,-4.999949199898));
#7981=CARTESIAN_POINT('',(20.282450424932,-5.79285164270111,-4.999949199898));
#7982=CARTESIAN_POINT('',(26.265381365006,-6.03546545593069,-3.46158339965811));
#7983=CARTESIAN_POINT('Origin',(31.4006294132588,28.9257845440693,-5.999949199898));
#7984=CARTESIAN_POINT('',(31.9622397969023,-5.06286480695297,-3.75350766532414));
#7985=CARTESIAN_POINT('',(30.4006294132588,38.5795345440693,-9.999949199898));
#7986=CARTESIAN_POINT('Origin',(5.85962941325884,39.5795345440693,-5.999949199898));
#7987=CARTESIAN_POINT('',(-0.987370586741162,38.5795345440693,-9.999949199898));
#7988=CARTESIAN_POINT('Origin',(-1.98737058674116,5.61828454406932,-5.999949199898));
#7989=CARTESIAN_POINT('',(-2.98737058674116,-5.03546545593069,-1.999949199898));
#7990=CARTESIAN_POINT('',(-2.98737058674116,5.61828454406932,-1.999949199898));
#7991=CARTESIAN_POINT('',(-2.50614614382823,-5.06554198361274,-3.92484697154974));
#7992=CARTESIAN_POINT('Origin',(5.01262941325884,-5.53546545593069,5.0800101999704E-5));
#7993=CARTESIAN_POINT('',(13.0126294132588,-6.03546545593069,5.0800101999704E-5));
#7994=CARTESIAN_POINT('',(-2.98737058674116,-5.03546545593069,5.0800101999704E-5));
#7995=CARTESIAN_POINT('Origin',(32.4006294132588,-6.03546545593069,5.0800101999704E-5));
#7996=CARTESIAN_POINT('',(16.4006294132588,-6.03546545593069,5.0800101999704E-5));
#7997=CARTESIAN_POINT('Origin',(24.4006294132588,-5.53546545593069,5.0800101999704E-5));
#7998=CARTESIAN_POINT('Origin',(-2.98737058674116,-6.03546545593069,5.0800101999704E-5));
#7999=CARTESIAN_POINT('Origin',(24.4007000254001,32.579693929388,-7.999949199898));
#8000=CARTESIAN_POINT('',(29.400558801118,32.579693929388,-1.999949199898));
#8001=CARTESIAN_POINT('',(29.400558801118,32.579693929388,-7.999949199898));
#8002=CARTESIAN_POINT('',(29.400558801118,32.579693929388,-3.999949199898));
#8003=CARTESIAN_POINT('',(24.4007000254001,32.579693929388,-1.999949199898));
#8004=CARTESIAN_POINT('',(24.4007000254001,32.579693929388,-1.999949199898));
#8005=CARTESIAN_POINT('',(24.4007000254001,32.579693929388,-7.999949199898));
#8006=CARTESIAN_POINT('',(24.4007000254001,32.579693929388,-7.999949199898));
#8007=CARTESIAN_POINT('',(19.5536647193294,32.579693929388,-7.999949199898));
#8008=CARTESIAN_POINT('Origin',(26.9007000254001,35.079693929388,-7.999949199898));
#8009=CARTESIAN_POINT('',(24.6507000254001,35.079693929388,-7.999949199898));
#8010=CARTESIAN_POINT('Origin',(26.9007000254001,35.079693929388,-7.999949199898));
#8011=CARTESIAN_POINT('',(28.1507000254001,35.079693929388,-7.999949199898));
#8012=CARTESIAN_POINT('Origin',(26.9007000254001,35.079693929388,-7.999949199898));
#8013=CARTESIAN_POINT('Origin',(26.9007000254001,35.079693929388,-7.999949199898));
#8014=CARTESIAN_POINT('',(28.1507000254001,35.079693929388,-1.999949199898));
#8015=CARTESIAN_POINT('Origin',(26.9007000254001,35.079693929388,-1.999949199898));
#8016=CARTESIAN_POINT('',(28.1507000254001,35.079693929388,-7.999949199898));
#8017=CARTESIAN_POINT('Origin',(24.4007000254001,37.579693929388,-7.999949199898));
#8018=CARTESIAN_POINT('',(24.4007000254001,37.57937515875,-7.999949199898));
#8019=CARTESIAN_POINT('',(24.4007000254001,37.57937515875,-1.999949199898));
#8020=CARTESIAN_POINT('',(24.4007000254001,37.57937515875,-3.999949199898));
#8021=CARTESIAN_POINT('',(24.4007000254001,27.4258642367287,-7.999949199898));
#8022=CARTESIAN_POINT('',(24.4007000254001,37.579693929388,-1.999949199898));
#8023=CARTESIAN_POINT('Origin',(26.9007000254001,35.079693929388,-1.999949199898));
#8024=CARTESIAN_POINT('',(29.400558801118,37.57937515875,-1.999949199898));
#8025=CARTESIAN_POINT('',(28.150629413259,37.57937515875,-1.999949199898));
#8026=CARTESIAN_POINT('',(29.400558801118,16.022193929388,-1.999949199898));
#8027=CARTESIAN_POINT('Origin',(29.400558801118,37.57937515875,5.0800101999704E-5));
#8028=CARTESIAN_POINT('',(29.400558801118,37.57937515875,5.0800101999704E-5));
#8029=CARTESIAN_POINT('',(0.0127000254000498,37.57937515875,-1.999949199898));
#8030=CARTESIAN_POINT('',(0.0127000254000498,37.57937515875,5.0800101999704E-5));
#8031=CARTESIAN_POINT('',(5.01270002540005,37.57937515875,-1.999949199898));
#8032=CARTESIAN_POINT('',(15.956629413259,37.57937515875,-1.999949199898));
#8033=CARTESIAN_POINT('',(5.01270002540005,37.57937515875,-7.999949199898));
#8034=CARTESIAN_POINT('',(5.01270002540005,37.57937515875,-3.999949199898));
#8035=CARTESIAN_POINT('',(0.0127000254000498,37.57937515875,-7.999949199898));
#8036=CARTESIAN_POINT('Origin',(29.400558801118,-3.035306070612,5.0800101999704E-5));
#8037=CARTESIAN_POINT('',(29.400558801118,1.964693929388,-7.999949199898));
#8038=CARTESIAN_POINT('',(29.400558801118,37.57937515875,-7.999949199898));
#8039=CARTESIAN_POINT('',(29.400558801118,1.964693929388,-1.999949199898));
#8040=CARTESIAN_POINT('',(29.400558801118,1.964693929388,-3.999949199898));
#8041=CARTESIAN_POINT('',(29.400558801118,-3.035306070612,-1.999949199898));
#8042=CARTESIAN_POINT('',(29.400558801118,-1.785306070612,-1.999949199898));
#8043=CARTESIAN_POINT('',(29.400558801118,-3.035306070612,5.0800101999704E-5));
#8044=CARTESIAN_POINT('Origin',(29.4007000254001,1.964693929388,-7.999949199898));
#8045=CARTESIAN_POINT('',(24.4007000254001,1.964693929388,-7.999949199898));
#8046=CARTESIAN_POINT('',(22.0536647193294,1.964693929388,-7.999949199898));
#8047=CARTESIAN_POINT('',(24.4007000254001,1.964693929388,-1.999949199898));
#8048=CARTESIAN_POINT('',(24.4007000254001,1.964693929388,-7.999949199898));
#8049=CARTESIAN_POINT('',(29.4007000254001,1.964693929388,-1.999949199898));
#8050=CARTESIAN_POINT('Origin',(26.9007000254001,-0.535306070611998,-7.999949199898));
#8051=CARTESIAN_POINT('',(24.6507000254001,-0.535306070611998,-7.999949199898));
#8052=CARTESIAN_POINT('Origin',(26.9007000254001,-0.535306070611998,-7.999949199898));
#8053=CARTESIAN_POINT('',(28.1507000254001,-0.535306070611998,-7.999949199898));
#8054=CARTESIAN_POINT('Origin',(26.9007000254001,-0.535306070611998,-7.999949199898));
#8055=CARTESIAN_POINT('Origin',(26.9007000254001,-0.535306070611998,-7.999949199898));
#8056=CARTESIAN_POINT('',(28.1507000254001,-0.535306070611998,-1.999949199898));
#8057=CARTESIAN_POINT('Origin',(26.9007000254001,-0.535306070611998,-1.999949199898));
#8058=CARTESIAN_POINT('',(28.1507000254001,-0.535306070611998,-7.999949199898));
#8059=CARTESIAN_POINT('Origin',(24.4007000254001,1.964693929388,-7.999949199898));
#8060=CARTESIAN_POINT('',(24.4007000254001,-3.035306070612,-7.999949199898));
#8061=CARTESIAN_POINT('',(24.4007000254001,9.61836423672866,-7.999949199898));
#8062=CARTESIAN_POINT('',(24.4007000254001,-3.035306070612,-1.999949199898));
#8063=CARTESIAN_POINT('',(24.4007000254001,-3.035306070612,-3.999949199898));
#8064=CARTESIAN_POINT('',(24.4007000254001,1.964693929388,-1.999949199898));
#8065=CARTESIAN_POINT('Origin',(26.9007000254001,-0.535306070611998,-1.999949199898));
#8066=CARTESIAN_POINT('',(13.4567000254001,-3.035306070612,-1.999949199898));
#8067=CARTESIAN_POINT('Origin',(0.0127000254000498,-3.035306070612,5.0800101999704E-5));
#8068=CARTESIAN_POINT('',(5.01270002540005,-3.035306070612,-7.999949199898));
#8069=CARTESIAN_POINT('',(29.400558801118,-3.035306070612,-7.999949199898));
#8070=CARTESIAN_POINT('',(5.01270002540005,-3.035306070612,-1.999949199898));
#8071=CARTESIAN_POINT('',(5.01270002540005,-3.035306070612,-3.999949199898));
#8072=CARTESIAN_POINT('',(0.0127000254000498,-3.035306070612,-1.999949199898));
#8073=CARTESIAN_POINT('',(1.26270002540005,-3.035306070612,-1.999949199898));
#8074=CARTESIAN_POINT('',(0.0127000254000498,-3.035306070612,5.0800101999704E-5));
#8075=CARTESIAN_POINT('Origin',(2.51270002540005,35.079693929388,-1.999949199898));
#8076=CARTESIAN_POINT('',(0.0127000254000498,32.579693929388,-1.999949199898));
#8077=CARTESIAN_POINT('',(0.0127000254000498,36.329534544069,-1.999949199898));
#8078=CARTESIAN_POINT('',(5.01270002540005,32.579693929388,-1.999949199898));
#8079=CARTESIAN_POINT('',(0.0127000254000498,32.579693929388,-1.999949199898));
#8080=CARTESIAN_POINT('',(5.01270002540005,32.579693929388,-1.999949199898));
#8081=CARTESIAN_POINT('',(3.76270002540005,35.079693929388,-1.999949199898));
#8082=CARTESIAN_POINT('Origin',(2.51270002540005,35.079693929388,-1.999949199898));
#8083=CARTESIAN_POINT('Origin',(2.51270002540005,35.079693929388,-7.999949199898));
#8084=CARTESIAN_POINT('',(0.26270002540005,35.079693929388,-7.999949199898));
#8085=CARTESIAN_POINT('Origin',(2.51270002540005,35.079693929388,-7.999949199898));
#8086=CARTESIAN_POINT('',(3.76270002540005,35.079693929388,-7.999949199898));
#8087=CARTESIAN_POINT('Origin',(2.51270002540005,35.079693929388,-7.999949199898));
#8088=CARTESIAN_POINT('Origin',(2.51270002540005,35.079693929388,-7.999949199898));
#8089=CARTESIAN_POINT('',(3.76270002540005,35.079693929388,-7.999949199898));
#8090=CARTESIAN_POINT('Origin',(5.01270002540005,32.579693929388,-7.999949199898));
#8091=CARTESIAN_POINT('',(5.01270002540005,32.579693929388,-7.999949199898));
#8092=CARTESIAN_POINT('',(5.01270002540005,32.579693929388,-7.999949199898));
#8093=CARTESIAN_POINT('',(5.01270002540005,24.9258642367287,-7.999949199898));
#8094=CARTESIAN_POINT('Origin',(0.0127000254000498,32.579693929388,-7.999949199898));
#8095=CARTESIAN_POINT('',(0.0127000254000498,32.579693929388,-7.999949199898));
#8096=CARTESIAN_POINT('',(7.35966471932944,32.579693929388,-7.999949199898));
#8097=CARTESIAN_POINT('',(0.0127000254000498,32.579693929388,-3.999949199898));
#8098=CARTESIAN_POINT('Origin',(14.7066294132588,17.2720345440693,-7.999949199898));
#8099=CARTESIAN_POINT('',(0.0127000254000498,1.964693929388,-7.999949199898));
#8100=CARTESIAN_POINT('',(0.0127000254000498,-3.035306070612,-7.999949199898));
#8101=CARTESIAN_POINT('',(5.01270002540005,1.964693929388,-7.999949199898));
#8102=CARTESIAN_POINT('',(9.85966471932944,1.964693929388,-7.999949199898));
#8103=CARTESIAN_POINT('',(5.01270002540005,7.11836423672866,-7.999949199898));
#8104=CARTESIAN_POINT('',(19.8920497841,2.062011684023,-7.999949199898));
#8105=CARTESIAN_POINT('',(29.3920497841,2.062011684023,-7.999949199898));
#8106=CARTESIAN_POINT('',(22.0493395986794,2.062011684023,-7.999949199898));
#8107=CARTESIAN_POINT('',(19.8920497841,12.062011684023,-7.999949199898));
#8108=CARTESIAN_POINT('',(19.8920497841,9.66702311404616,-7.999949199898));
#8109=CARTESIAN_POINT('',(29.3920497841,12.062011684023,-7.999949199898));
#8110=CARTESIAN_POINT('',(17.2993395986794,12.062011684023,-7.999949199898));
#8111=CARTESIAN_POINT('',(29.3920497841,14.6670231140462,-7.999949199898));
#8112=CARTESIAN_POINT('Origin',(2.51270002540005,-0.535306070611998,-7.999949199898));
#8113=CARTESIAN_POINT('',(0.26270002540005,-0.535306070611998,-7.999949199898));
#8114=CARTESIAN_POINT('Origin',(2.51270002540005,-0.535306070611998,-7.999949199898));
#8115=CARTESIAN_POINT('',(3.76270002540005,-0.535306070611998,-7.999949199898));
#8116=CARTESIAN_POINT('Origin',(2.51270002540005,-0.535306070611998,-7.999949199898));
#8117=CARTESIAN_POINT('Origin',(2.51270002540005,-0.535306070611998,-7.999949199898));
#8118=CARTESIAN_POINT('',(3.76270002540005,-0.535306070611998,-1.999949199898));
#8119=CARTESIAN_POINT('Origin',(2.51270002540005,-0.535306070611998,-1.999949199898));
#8120=CARTESIAN_POINT('',(3.76270002540005,-0.535306070611998,-7.999949199898));
#8121=CARTESIAN_POINT('Origin',(5.01270002540005,1.964693929388,-7.999949199898));
#8122=CARTESIAN_POINT('',(0.0127000254000498,1.964693929388,-1.999949199898));
#8123=CARTESIAN_POINT('',(0.0127000254000498,1.964693929388,-3.999949199898));
#8124=CARTESIAN_POINT('',(5.01270002540005,1.964693929388,-1.999949199898));
#8125=CARTESIAN_POINT('',(5.01270002540005,1.964693929388,-1.999949199898));
#8126=CARTESIAN_POINT('',(5.01270002540005,1.964693929388,-7.999949199898));
#8127=CARTESIAN_POINT('Origin',(5.01270002540005,-3.035306070612,-7.999949199898));
#8128=CARTESIAN_POINT('',(5.01270002540005,-3.035306070612,-1.999949199898));
#8129=CARTESIAN_POINT('Origin',(2.51270002540005,-0.535306070611998,-1.999949199898));
#8130=CARTESIAN_POINT('',(0.0127000254000498,18.522034544069,-1.999949199898));
#8131=CARTESIAN_POINT('Origin',(0.0127000254000498,37.57937515875,5.0800101999704E-5));
#8132=CARTESIAN_POINT('Origin',(26.9007000254001,35.079693929388,-9.999949199898));
#8133=CARTESIAN_POINT('',(24.6507000254001,35.079693929388,-9.999949199898));
#8134=CARTESIAN_POINT('Origin',(26.9007000254001,-0.535306070611998,-9.999949199898));
#8135=CARTESIAN_POINT('',(24.6507000254001,-0.535306070611998,-9.999949199898));
#8136=CARTESIAN_POINT('Origin',(2.51270002540005,35.079693929388,-9.999949199898));
#8137=CARTESIAN_POINT('',(0.26270002540005,35.079693929388,-9.999949199898));
#8138=CARTESIAN_POINT('Origin',(2.51270002540005,-0.535306070611998,-9.999949199898));
#8139=CARTESIAN_POINT('',(0.26270002540005,-0.535306070611998,-9.999949199898));
#8140=CARTESIAN_POINT('Origin',(29.1420497841,11.312011684023,-5.5));
#8141=CARTESIAN_POINT('',(29.1420497841,11.312011684023,-6.3));
#8142=CARTESIAN_POINT('',(29.1420497841,11.312011684023,-5.5));
#8143=CARTESIAN_POINT('',(20.6420497841,11.312011684023,-6.3));
#8144=CARTESIAN_POINT('',(27.0170497841,11.312011684023,-6.3));
#8145=CARTESIAN_POINT('',(20.6420497841,11.312011684023,-5.5));
#8146=CARTESIAN_POINT('Origin',(29.1420497841,2.812011684023,-5.5));
#8147=CARTESIAN_POINT('',(29.1420497841,2.812011684023,-6.3));
#8148=CARTESIAN_POINT('',(29.1420497841,2.812011684023,-5.5));
#8149=CARTESIAN_POINT('',(29.1420497841,4.874511684023,-6.3));
#8150=CARTESIAN_POINT('Origin',(20.6420497841,2.812011684023,-5.5));
#8151=CARTESIAN_POINT('',(20.6420497841,2.812011684023,-6.3));
#8152=CARTESIAN_POINT('',(20.6420497841,2.812011684023,-5.5));
#8153=CARTESIAN_POINT('',(22.7670497841,2.812011684023,-6.3));
#8154=CARTESIAN_POINT('Origin',(20.6420497841,11.312011684023,-5.5));
#8155=CARTESIAN_POINT('',(20.6420497841,9.124511684023,-6.3));
#8156=CARTESIAN_POINT('Origin',(19.8920497841,12.062011684023,-5.5));
#8157=CARTESIAN_POINT('',(19.8920497841,12.062011684023,-5.5));
#8158=CARTESIAN_POINT('',(19.8920497841,12.062011684023,-5.5));
#8159=CARTESIAN_POINT('',(29.3920497841,12.062011684023,-5.5));
#8160=CARTESIAN_POINT('',(19.8920497841,12.062011684023,-5.5));
#8161=CARTESIAN_POINT('',(29.3920497841,12.062011684023,-5.5));
#8162=CARTESIAN_POINT('Origin',(19.8920497841,2.062011684023,-5.5));
#8163=CARTESIAN_POINT('',(19.8920497841,2.062011684023,-5.5));
#8164=CARTESIAN_POINT('',(19.8920497841,2.062011684023,-5.5));
#8165=CARTESIAN_POINT('',(19.8920497841,2.562011684023,-5.5));
#8166=CARTESIAN_POINT('Origin',(29.1420497841,6.562011684023,-5.5));
#8167=CARTESIAN_POINT('',(29.1420497841,6.562011684023,-5.5));
#8168=CARTESIAN_POINT('',(29.3920497841,6.562011684023,-5.5));
#8169=CARTESIAN_POINT('',(26.8920497841,6.562011684023,-5.5));
#8170=CARTESIAN_POINT('',(29.1420497841,6.562011684023,-5.3));
#8171=CARTESIAN_POINT('',(29.1420497841,6.562011684023,-5.5));
#8172=CARTESIAN_POINT('',(29.3920497841,6.562011684023,-5.3));
#8173=CARTESIAN_POINT('',(29.3920497841,6.562011684023,-5.3));
#8174=CARTESIAN_POINT('',(29.3920497841,6.562011684023,-5.5));
#8175=CARTESIAN_POINT('Origin',(20.6420497841,11.312011684023,-5.5));
#8176=CARTESIAN_POINT('',(29.1420497841,11.312011684023,-5.5));
#8177=CARTESIAN_POINT('',(20.6420497841,11.312011684023,-5.5));
#8178=CARTESIAN_POINT('',(20.6420497841,11.312011684023,-5.5));
#8179=CARTESIAN_POINT('',(20.6420497841,11.312011684023,-5.3));
#8180=CARTESIAN_POINT('',(20.6420497841,11.312011684023,-5.5));
#8181=CARTESIAN_POINT('',(29.1420497841,11.312011684023,-5.3));
#8182=CARTESIAN_POINT('',(20.6420497841,11.312011684023,-5.3));
#8183=CARTESIAN_POINT('',(29.1420497841,11.312011684023,-5.5));
#8184=CARTESIAN_POINT('Origin',(20.6420497841,6.562011684023,-5.5));
#8185=CARTESIAN_POINT('',(20.6420497841,6.562011684023,-5.5));
#8186=CARTESIAN_POINT('',(20.6420497841,2.812011684023,-5.5));
#8187=CARTESIAN_POINT('',(20.6420497841,6.562011684023,-5.3));
#8188=CARTESIAN_POINT('',(20.6420497841,6.562011684023,-5.5));
#8189=CARTESIAN_POINT('',(20.6420497841,6.312011684023,-5.3));
#8190=CARTESIAN_POINT('Origin',(24.8920497841,6.937011684023,-6.3));
#8191=CARTESIAN_POINT('',(22.6420497841,5.812011684023,-6.3));
#8192=CARTESIAN_POINT('',(22.6420497841,3.312011684023,-6.3));
#8193=CARTESIAN_POINT('',(22.6420497841,3.312011684023,-6.3));
#8194=CARTESIAN_POINT('',(27.1420497841,3.312011684023,-6.3));
#8195=CARTESIAN_POINT('',(27.1420497841,3.312011684023,-6.3));
#8196=CARTESIAN_POINT('',(27.1420497841,5.812011684023,-6.3));
#8197=CARTESIAN_POINT('',(27.1420497841,5.812011684023,-6.3));
#8198=CARTESIAN_POINT('',(22.6420497841,5.812011684023,-6.3));
#8199=CARTESIAN_POINT('Origin',(24.8920497841,6.937011684023,-5.3));
#8200=CARTESIAN_POINT('',(20.3920497841,6.562011684023,-5.3));
#8201=CARTESIAN_POINT('',(29.3920497841,6.562011684023,-5.3));
#8202=CARTESIAN_POINT('',(20.3920497841,2.562011684023,-5.3));
#8203=CARTESIAN_POINT('',(20.3920497841,2.562011684023,-5.3));
#8204=CARTESIAN_POINT('',(29.3920497841,2.562011684023,-5.3));
#8205=CARTESIAN_POINT('',(29.3920497841,2.562011684023,-5.3));
#8206=CARTESIAN_POINT('',(29.3920497841,6.562011684023,-5.3));
#8207=CARTESIAN_POINT('',(29.1420497841,11.312011684023,-5.3));
#8208=CARTESIAN_POINT('',(22.6420497841,3.312011684023,-5.3));
#8209=CARTESIAN_POINT('',(22.6420497841,5.812011684023,-5.3));
#8210=CARTESIAN_POINT('',(22.6420497841,3.312011684023,-5.3));
#8211=CARTESIAN_POINT('',(27.1420497841,5.812011684023,-5.3));
#8212=CARTESIAN_POINT('',(22.6420497841,5.812011684023,-5.3));
#8213=CARTESIAN_POINT('',(27.1420497841,3.312011684023,-5.3));
#8214=CARTESIAN_POINT('',(27.1420497841,5.812011684023,-5.3));
#8215=CARTESIAN_POINT('',(27.1420497841,3.312011684023,-5.3));
#8216=CARTESIAN_POINT('Origin',(27.1420497841,5.812011684023,-5.5));
#8217=CARTESIAN_POINT('',(22.6420497841,5.812011684023,-5.5));
#8218=CARTESIAN_POINT('',(27.1420497841,5.812011684023,-5.5));
#8219=CARTESIAN_POINT('Origin',(27.1420497841,3.312011684023,-5.5));
#8220=CARTESIAN_POINT('',(27.1420497841,3.312011684023,-5.5));
#8221=CARTESIAN_POINT('Origin',(22.6420497841,3.312011684023,-5.5));
#8222=CARTESIAN_POINT('',(22.6420497841,3.312011684023,-5.5));
#8223=CARTESIAN_POINT('Origin',(22.6420497841,5.812011684023,-5.5));
#8224=CARTESIAN_POINT('Origin',(20.3920497841,6.562011684023,-5.5));
#8225=CARTESIAN_POINT('',(20.3920497841,6.562011684023,-5.5));
#8226=CARTESIAN_POINT('',(22.5170497841,6.562011684023,-5.5));
#8227=CARTESIAN_POINT('',(20.3920497841,6.562011684023,-5.5));
#8228=CARTESIAN_POINT('Origin',(20.3920497841,2.562011684023,-5.5));
#8229=CARTESIAN_POINT('',(20.3920497841,2.562011684023,-5.5));
#8230=CARTESIAN_POINT('',(20.3920497841,4.812011684023,-5.5));
#8231=CARTESIAN_POINT('',(20.3920497841,2.562011684023,-5.5));
#8232=CARTESIAN_POINT('Origin',(29.3920497841,2.562011684023,-5.5));
#8233=CARTESIAN_POINT('',(29.3920497841,2.562011684023,-5.5));
#8234=CARTESIAN_POINT('',(27.0170497841,2.562011684023,-5.5));
#8235=CARTESIAN_POINT('',(29.3920497841,2.562011684023,-5.5));
#8236=CARTESIAN_POINT('Origin',(29.1420497841,11.312011684023,-5.5));
#8237=CARTESIAN_POINT('',(29.1420497841,11.312011684023,-5.5));
#8238=CARTESIAN_POINT('Origin',(24.6420497841,7.062011684023,-5.5));
#8239=CARTESIAN_POINT('',(29.3920497841,12.062011684023,-5.5));
#8240=CARTESIAN_POINT('',(29.3920497841,2.062011684023,-5.5));
#8241=CARTESIAN_POINT('',(19.8920497841,2.062011684023,-5.5));
#8242=CARTESIAN_POINT('',(29.3920497841,12.062011684023,-5.5));
#8243=CARTESIAN_POINT('Origin',(29.3920497841,2.062011684023,-5.5));
#8244=CARTESIAN_POINT('',(29.3920497841,2.062011684023,-5.5));
#8245=CARTESIAN_POINT('Origin',(29.3920497841,12.062011684023,-5.5));
#8246=CARTESIAN_POINT('',(0.,0.,0.));
#8247=CARTESIAN_POINT('',(1.20662941325903,10.57937515875,6.600050800102));
#8248=CARTESIAN_POINT('',(11.706629413259,1.064693929388,1.600050800102));
#8249=CARTESIAN_POINT('',(20.3920497841,6.562011684023,0.));
#8250=CARTESIAN_POINT('',(0.,0.,0.));
#8251=CARTESIAN_POINT('Origin',(0.,0.,0.));
#8252=UNCERTAINTY_MEASURE_WITH_UNIT(LENGTH_MEASURE(0.01),#8266,
'DISTANCE_ACCURACY_VALUE',
'Maximum model space distance between geometric entities at asserted c
onnectivities');
#8253=UNCERTAINTY_MEASURE_WITH_UNIT(LENGTH_MEASURE(0.01),#8266,
'DISTANCE_ACCURACY_VALUE',
'Maximum model space distance between geometric entities at asserted c
onnectivities');
#8254=UNCERTAINTY_MEASURE_WITH_UNIT(LENGTH_MEASURE(0.01),#8266,
'DISTANCE_ACCURACY_VALUE',
'Maximum model space distance between geometric entities at asserted c
onnectivities');
#8255=UNCERTAINTY_MEASURE_WITH_UNIT(LENGTH_MEASURE(0.01),#8266,
'DISTANCE_ACCURACY_VALUE',
'Maximum model space distance between geometric entities at asserted c
onnectivities');
#8256=UNCERTAINTY_MEASURE_WITH_UNIT(LENGTH_MEASURE(0.01),#8266,
'DISTANCE_ACCURACY_VALUE',
'Maximum model space distance between geometric entities at asserted c
onnectivities');
#8257=UNCERTAINTY_MEASURE_WITH_UNIT(LENGTH_MEASURE(0.01),#8266,
'DISTANCE_ACCURACY_VALUE',
'Maximum model space distance between geometric entities at asserted c
onnectivities');
#8258=UNCERTAINTY_MEASURE_WITH_UNIT(LENGTH_MEASURE(0.01),#8266,
'DISTANCE_ACCURACY_VALUE',
'Maximum model space distance between geometric entities at asserted c
onnectivities');
#8259=(
GEOMETRIC_REPRESENTATION_CONTEXT(3)
GLOBAL_UNCERTAINTY_ASSIGNED_CONTEXT((#8252))
GLOBAL_UNIT_ASSIGNED_CONTEXT((#8266,#8268,#8269))
REPRESENTATION_CONTEXT('','3D')
);
#8260=(
GEOMETRIC_REPRESENTATION_CONTEXT(3)
GLOBAL_UNCERTAINTY_ASSIGNED_CONTEXT((#8253))
GLOBAL_UNIT_ASSIGNED_CONTEXT((#8266,#8268,#8269))
REPRESENTATION_CONTEXT('','3D')
);
#8261=(
GEOMETRIC_REPRESENTATION_CONTEXT(3)
GLOBAL_UNCERTAINTY_ASSIGNED_CONTEXT((#8254))
GLOBAL_UNIT_ASSIGNED_CONTEXT((#8266,#8268,#8269))
REPRESENTATION_CONTEXT('','3D')
);
#8262=(
GEOMETRIC_REPRESENTATION_CONTEXT(3)
GLOBAL_UNCERTAINTY_ASSIGNED_CONTEXT((#8255))
GLOBAL_UNIT_ASSIGNED_CONTEXT((#8266,#8268,#8269))
REPRESENTATION_CONTEXT('','3D')
);
#8263=(
GEOMETRIC_REPRESENTATION_CONTEXT(3)
GLOBAL_UNCERTAINTY_ASSIGNED_CONTEXT((#8256))
GLOBAL_UNIT_ASSIGNED_CONTEXT((#8266,#8268,#8269))
REPRESENTATION_CONTEXT('','3D')
);
#8264=(
GEOMETRIC_REPRESENTATION_CONTEXT(3)
GLOBAL_UNCERTAINTY_ASSIGNED_CONTEXT((#8257))
GLOBAL_UNIT_ASSIGNED_CONTEXT((#8266,#8268,#8269))
REPRESENTATION_CONTEXT('','3D')
);
#8265=(
GEOMETRIC_REPRESENTATION_CONTEXT(3)
GLOBAL_UNCERTAINTY_ASSIGNED_CONTEXT((#8258))
GLOBAL_UNIT_ASSIGNED_CONTEXT((#8266,#8268,#8269))
REPRESENTATION_CONTEXT('','3D')
);
#8266=(
LENGTH_UNIT()
NAMED_UNIT(*)
SI_UNIT(.MILLI.,.METRE.)
);
#8267=(
LENGTH_UNIT()
NAMED_UNIT(*)
SI_UNIT($,.METRE.)
);
#8268=(
NAMED_UNIT(*)
PLANE_ANGLE_UNIT()
SI_UNIT($,.RADIAN.)
);
#8269=(
NAMED_UNIT(*)
SI_UNIT($,.STERADIAN.)
SOLID_ANGLE_UNIT()
);
#8270=SHAPE_DEFINITION_REPRESENTATION(#8276,#8287);
#8271=SHAPE_DEFINITION_REPRESENTATION(#8277,#8288);
#8272=SHAPE_DEFINITION_REPRESENTATION(#8278,#8289);
#8273=SHAPE_DEFINITION_REPRESENTATION(#8279,#8290);
#8274=SHAPE_DEFINITION_REPRESENTATION(#8280,#8291);
#8275=SHAPE_DEFINITION_REPRESENTATION(#8281,#8292);
#8276=PRODUCT_DEFINITION_SHAPE('',$,#8294);
#8277=PRODUCT_DEFINITION_SHAPE('',$,#8295);
#8278=PRODUCT_DEFINITION_SHAPE('',$,#8296);
#8279=PRODUCT_DEFINITION_SHAPE('',$,#8297);
#8280=PRODUCT_DEFINITION_SHAPE('',$,#8298);
#8281=PRODUCT_DEFINITION_SHAPE('',$,#8299);
#8282=PRODUCT_DEFINITION_SHAPE($,$,#29);
#8283=PRODUCT_DEFINITION_SHAPE($,$,#30);
#8284=PRODUCT_DEFINITION_SHAPE($,$,#31);
#8285=PRODUCT_DEFINITION_SHAPE($,$,#32);
#8286=PRODUCT_DEFINITION_SHAPE($,$,#33);
#8287=SHAPE_REPRESENTATION('',(#4988,#5367,#5368,#5369,#5370,#5371),#8259);
#8288=SHAPE_REPRESENTATION('',(#4989),#8260);
#8289=SHAPE_REPRESENTATION('',(#5083),#8261);
#8290=SHAPE_REPRESENTATION('',(#5095),#8262);
#8291=SHAPE_REPRESENTATION('',(#5107),#8263);
#8292=SHAPE_REPRESENTATION('',(#5120),#8264);
#8293=PRODUCT_DEFINITION_CONTEXT('part definition',#8313,'design');
#8294=PRODUCT_DEFINITION('EasyEDA PCB Model~59aI','FlappyINO v18',#8300,
#8293);
#8295=PRODUCT_DEFINITION('Board~59aI','Board~59aI',#8301,#8293);
#8296=PRODUCT_DEFINITION('OLED 0.96in','OLED 0.96in',#8302,#8293);
#8297=PRODUCT_DEFINITION('Button','Button',#8303,#8293);
#8298=PRODUCT_DEFINITION('Switch','Switch',#8304,#8293);
#8299=PRODUCT_DEFINITION('Case','Case',#8305,#8293);
#8300=PRODUCT_DEFINITION_FORMATION('',$,#8315);
#8301=PRODUCT_DEFINITION_FORMATION('',$,#8316);
#8302=PRODUCT_DEFINITION_FORMATION('',$,#8317);
#8303=PRODUCT_DEFINITION_FORMATION('',$,#8318);
#8304=PRODUCT_DEFINITION_FORMATION('',$,#8319);
#8305=PRODUCT_DEFINITION_FORMATION('',$,#8320);
#8306=PRODUCT_RELATED_PRODUCT_CATEGORY('FlappyINO v18','FlappyINO v18',
(#8315));
#8307=PRODUCT_RELATED_PRODUCT_CATEGORY('Board~59aI','Board~59aI',(#8316));
#8308=PRODUCT_RELATED_PRODUCT_CATEGORY('OLED 0.96in','OLED 0.96in',(#8317));
#8309=PRODUCT_RELATED_PRODUCT_CATEGORY('Button','Button',(#8318));
#8310=PRODUCT_RELATED_PRODUCT_CATEGORY('Switch','Switch',(#8319));
#8311=PRODUCT_RELATED_PRODUCT_CATEGORY('Case','Case',(#8320));
#8312=APPLICATION_PROTOCOL_DEFINITION('international standard',
'automotive_design',2009,#8313);
#8313=APPLICATION_CONTEXT(
'Core Data for Automotive Mechanical Design Process');
#8314=PRODUCT_CONTEXT('part definition',#8313,'mechanical');
#8315=PRODUCT('EasyEDA PCB Model~59aI','FlappyINO v18',
'Designed by EasyEDA Pro',(#8314));
#8316=PRODUCT('Board~59aI','Board~59aI',$,(#8314));
#8317=PRODUCT('OLED 0.96in','OLED 0.96in',$,(#8314));
#8318=PRODUCT('Button','Button',$,(#8314));
#8319=PRODUCT('Switch','Switch',$,(#8314));
#8320=PRODUCT('Case','Case',$,(#8314));
#8321=PRESENTATION_STYLE_ASSIGNMENT((#8326));
#8322=PRESENTATION_STYLE_ASSIGNMENT((#8327));
#8323=PRESENTATION_STYLE_ASSIGNMENT((#8328));
#8324=PRESENTATION_STYLE_ASSIGNMENT((#8329));
#8325=PRESENTATION_STYLE_ASSIGNMENT((NULL_STYLE(.NULL.)));
#8326=SURFACE_STYLE_USAGE(.BOTH.,#8330);
#8327=SURFACE_STYLE_USAGE(.BOTH.,#8331);
#8328=SURFACE_STYLE_USAGE(.BOTH.,#8332);
#8329=SURFACE_STYLE_USAGE(.BOTH.,#8333);
#8330=SURFACE_SIDE_STYLE('',(#8334));
#8331=SURFACE_SIDE_STYLE('',(#8335));
#8332=SURFACE_SIDE_STYLE('',(#8336));
#8333=SURFACE_SIDE_STYLE('',(#8337));
#8334=SURFACE_STYLE_FILL_AREA(#8338);
#8335=SURFACE_STYLE_FILL_AREA(#8339);
#8336=SURFACE_STYLE_FILL_AREA(#8340);
#8337=SURFACE_STYLE_FILL_AREA(#8341);
#8338=FILL_AREA_STYLE('Plastic - Matte (Yellow)',(#8342));
#8339=FILL_AREA_STYLE('Steel - Satin',(#8343));
#8340=FILL_AREA_STYLE('Opaque(0,96,148)',(#8344));
#8341=FILL_AREA_STYLE('Opaque(239,239,166)',(#8345));
#8342=FILL_AREA_STYLE_COLOUR('Plastic - Matte (Yellow)',#8346);
#8343=FILL_AREA_STYLE_COLOUR('Steel - Satin',#8347);
#8344=FILL_AREA_STYLE_COLOUR('Opaque(0,96,148)',#8348);
#8345=FILL_AREA_STYLE_COLOUR('Opaque(239,239,166)',#8349);
#8346=COLOUR_RGB('Plastic - Matte (Yellow)',0.909803921568627,0.67843137254902,
0.137254901960784);
#8347=COLOUR_RGB('Steel - Satin',0.627450980392157,0.627450980392157,0.627450980392157);
#8348=COLOUR_RGB('Opaque(0,96,148)',0.,0.376470588235294,0.580392156862745);
#8349=COLOUR_RGB('Opaque(239,239,166)',0.937254901960784,0.937254901960784,
0.650980392156863);
ENDSEC;
END-ISO-10303-21;
